{"id":"11","name":"B\u0130LEC\u0130K","box_count":"637","open_box_count":"217","voter_count":"154319","total_valid_vote":"40392","results":{"millet":"98","cumhur":"315","akp":"17940","mhp":"3826","hudapar":"173","vatan":"119","hdp":"1130","iyi":"5784","chp":"10912","sp":"472","updated_at":"2018-06-24 23:33:11"},"districts":[[{"id":"91","name":"B\u0130LEC\u0130K MERKEZ","box_count":"180","open_box_count":"81","voter_count":"49759","total_valid_vote":"16474","results":{"millet":"46","cumhur":"124","akp":"6655","mhp":"1608","hudapar":"41","vatan":"55","hdp":"450","iyi":"2491","chp":"4990","sp":"177","updated_at":"2018-06-24 23:32:33"}},{"id":"109","name":"BOZ\u00dcY\u00dcK","box_count":"195","open_box_count":"80","voter_count":"54438","total_valid_vote":"18062","results":{"millet":"42","cumhur":"142","akp":"7816","mhp":"1701","hudapar":"111","vatan":"44","hdp":"643","iyi":"2652","chp":"4894","sp":"187","updated_at":"2018-06-24 23:32:35"}},{"id":"256","name":"G\u00d6LPAZARI","box_count":"63","open_box_count":"20","voter_count":"7981","total_valid_vote":"1173","results":{"millet":"1","cumhur":"5","akp":"715","mhp":"69","hudapar":"8","vatan":"5","hdp":"12","iyi":"86","chp":"250","sp":"15","updated_at":"2018-06-24 23:32:43"}},{"id":"452","name":"OSMANEL\u0130","box_count":"64","open_box_count":"19","voter_count":"15895","total_valid_vote":"2450","results":{"millet":"6","cumhur":"24","akp":"1521","mhp":"228","hudapar":"7","vatan":"11","hdp":"4","iyi":"324","chp":"286","sp":"67","updated_at":"2018-06-24 23:32:57"}},{"id":"464","name":"PAZARYER\u0130","box_count":"41","open_box_count":"2","voter_count":"8109","total_valid_vote":"174","results":{"millet":"0","cumhur":"1","akp":"117","mhp":"7","hudapar":"2","vatan":"2","hdp":"0","iyi":"25","chp":"21","sp":"0","updated_at":"2018-06-24 23:32:57"}},{"id":"529","name":"S\u00d6\u011e\u00dcT","box_count":"54","open_box_count":"15","voter_count":"13541","total_valid_vote":"2059","results":{"millet":"3","cumhur":"19","akp":"1116","mhp":"213","hudapar":"4","vatan":"2","hdp":"21","iyi":"206","chp":"471","sp":"26","updated_at":"2018-06-24 23:32:59"}},{"id":"750","name":"YEN\u0130PAZAR","box_count":"27","open_box_count":"0","voter_count":"2584","total_valid_vote":"0","results":{"millet":"0","cumhur":"0","akp":"0","mhp":"0","hudapar":"0","vatan":"0","hdp":"0","iyi":"0","chp":"0","sp":"0","updated_at":"2018-06-24 23:32:24"}},{"id":"841","name":"\u0130NH\u0130SAR","box_count":"13","open_box_count":"0","voter_count":"2012","total_valid_vote":"0","results":{"millet":"0","cumhur":"0","akp":"0","mhp":"0","hudapar":"0","vatan":"0","hdp":"0","iyi":"0","chp":"0","sp":"0","updated_at":"2018-06-24 23:32:24"}}]],"winners":[{"firstname":"MUAZZEZ","lastname":"PARILTI","party":"hdp","order":1},{"firstname":"YA\u015eAR","lastname":"T\u00dcZ\u00dcN","party":"chp","order":2}]}