{"id":"47","name":"MARD\u0130N","box_count":"1630","open_box_count":"378","voter_count":"470545","total_valid_vote":"91160","results":{"millet":"52","cumhur":"249","akp":"24729","mhp":"1743","hudapar":"2036","vatan":"131","hdp":"57956","iyi":"896","chp":"2773","sp":"738","updated_at":"2018-06-24 23:33:11"},"districts":[[{"id":"171","name":"DER\u0130K","box_count":"130","open_box_count":"13","voter_count":"34218","total_valid_vote":"2593","results":{"millet":"0","cumhur":"1","akp":"166","mhp":"26","hudapar":"10","vatan":"2","hdp":"2339","iyi":"15","chp":"29","sp":"6","updated_at":"2018-06-24 23:32:40"}},{"id":"368","name":"KIZILTEPE","box_count":"473","open_box_count":"151","voter_count":"141228","total_valid_vote":"37779","results":{"millet":"7","cumhur":"47","akp":"6490","mhp":"205","hudapar":"744","vatan":"24","hdp":"28569","iyi":"163","chp":"1197","sp":"310","updated_at":"2018-06-24 23:32:53"}},{"id":"412","name":"MAZIDA\u011eI","box_count":"80","open_box_count":"18","voter_count":"19854","total_valid_vote":"4722","results":{"millet":"0","cumhur":"5","akp":"635","mhp":"59","hudapar":"305","vatan":"6","hdp":"3478","iyi":"35","chp":"177","sp":"22","updated_at":"2018-06-24 23:32:55"}},{"id":"419","name":"M\u0130DYAT","box_count":"223","open_box_count":"47","voter_count":"65389","total_valid_vote":"10245","results":{"millet":"11","cumhur":"55","akp":"4216","mhp":"343","hudapar":"271","vatan":"17","hdp":"4881","iyi":"183","chp":"190","sp":"119","updated_at":"2018-06-24 23:32:56"}},{"id":"440","name":"NUSAYB\u0130N","box_count":"194","open_box_count":"40","voter_count":"60788","total_valid_vote":"10689","results":{"millet":"2","cumhur":"20","akp":"1409","mhp":"59","hudapar":"166","vatan":"15","hdp":"8795","iyi":"49","chp":"158","sp":"31","updated_at":"2018-06-24 23:32:56"}},{"id":"457","name":"\u00d6MERL\u0130","box_count":"49","open_box_count":"8","voter_count":"8637","total_valid_vote":"1547","results":{"millet":"3","cumhur":"15","akp":"937","mhp":"179","hudapar":"24","vatan":"47","hdp":"255","iyi":"28","chp":"64","sp":"13","updated_at":"2018-06-24 23:32:57"}},{"id":"502","name":"SAVUR","box_count":"65","open_box_count":"11","voter_count":"15844","total_valid_vote":"1917","results":{"millet":"5","cumhur":"10","akp":"664","mhp":"89","hudapar":"7","vatan":"1","hdp":"1014","iyi":"56","chp":"79","sp":"6","updated_at":"2018-06-24 23:32:58"}},{"id":"680","name":"DARGE\u00c7\u0130T","box_count":"58","open_box_count":"19","voter_count":"15690","total_valid_vote":"3913","results":{"millet":"4","cumhur":"8","akp":"1071","mhp":"33","hudapar":"291","vatan":"13","hdp":"2378","iyi":"26","chp":"75","sp":"24","updated_at":"2018-06-24 23:33:03"}},{"id":"894","name":"YE\u015e\u0130LL\u0130","box_count":"32","open_box_count":"0","voter_count":"8444","total_valid_vote":"0","results":{"millet":"0","cumhur":"0","akp":"0","mhp":"0","hudapar":"0","vatan":"0","hdp":"0","iyi":"0","chp":"0","sp":"0","updated_at":"2018-06-24 23:32:24"}},{"id":"1040","name":"ARTUKLU","box_count":"326","open_box_count":"71","voter_count":"100453","total_valid_vote":"17755","results":{"millet":"20","cumhur":"88","akp":"9141","mhp":"750","hudapar":"218","vatan":"6","hdp":"6247","iyi":"341","chp":"804","sp":"207","updated_at":"2018-06-24 23:33:08"}}]],"winners":[{"firstname":"\u0130BRAH\u0130M","lastname":"K\u00d6SEN","party":"akp","order":1},{"firstname":"ABDURRAHMAN","lastname":"SEYHAN","party":"hudapar","order":2},{"firstname":"ENG\u0130N","lastname":"ORAL","party":"chp","order":3},{"firstname":"AZ\u0130Z RODAN","lastname":"SAROHAN","party":"iyi","order":4},{"firstname":"MAHMUT","lastname":"DUYAN","party":"chp","order":5},{"firstname":"ABDULKER\u0130M","lastname":"TALAYHAN","party":"chp","order":6}]}