{"id":"13","name":"B\u0130TL\u0130S","box_count":"778","open_box_count":"121","voter_count":"198510","total_valid_vote":"21357","results":{"millet":"14","cumhur":"79","akp":"8797","mhp":"633","hudapar":"218","vatan":"59","hdp":"10362","iyi":"584","chp":"464","sp":"238","updated_at":"2018-06-24 23:33:09"},"districts":[[{"id":"6","name":"AD\u0130LCEVAZ","box_count":"72","open_box_count":"18","voter_count":"17673","total_valid_vote":"2906","results":{"millet":"1","cumhur":"9","akp":"806","mhp":"125","hudapar":"25","vatan":"6","hdp":"1818","iyi":"25","chp":"80","sp":"21","updated_at":"2018-06-24 23:32:25"}},{"id":"12","name":"AHLAT","box_count":"85","open_box_count":"8","voter_count":"23160","total_valid_vote":"1816","results":{"millet":"0","cumhur":"11","akp":"618","mhp":"145","hudapar":"7","vatan":"3","hdp":"943","iyi":"55","chp":"31","sp":"14","updated_at":"2018-06-24 23:32:25"}},{"id":"95","name":"B\u0130TL\u0130S MERKEZ","box_count":"165","open_box_count":"28","voter_count":"40561","total_valid_vote":"4296","results":{"millet":"5","cumhur":"14","akp":"2159","mhp":"94","hudapar":"45","vatan":"7","hdp":"1650","iyi":"167","chp":"122","sp":"52","updated_at":"2018-06-24 23:32:33"}},{"id":"291","name":"H\u0130ZAN","box_count":"95","open_box_count":"9","voter_count":"19355","total_valid_vote":"1146","results":{"millet":"0","cumhur":"5","akp":"746","mhp":"22","hudapar":"1","vatan":"15","hdp":"312","iyi":"18","chp":"17","sp":"15","updated_at":"2018-06-24 23:32:46"}},{"id":"430","name":"MUTK\u0130","box_count":"88","open_box_count":"9","voter_count":"17700","total_valid_vote":"1139","results":{"millet":"0","cumhur":"4","akp":"971","mhp":"31","hudapar":"10","vatan":"4","hdp":"34","iyi":"66","chp":"14","sp":"9","updated_at":"2018-06-24 23:32:56"}},{"id":"562","name":"TATVAN","box_count":"178","open_box_count":"45","voter_count":"54180","total_valid_vote":"9138","results":{"millet":"7","cumhur":"33","akp":"3201","mhp":"212","hudapar":"125","vatan":"19","hdp":"5060","iyi":"229","chp":"183","sp":"108","updated_at":"2018-06-24 23:33:00"}},{"id":"691","name":"G\u00dcROYMAK","box_count":"95","open_box_count":"4","voter_count":"25881","total_valid_vote":"916","results":{"millet":"1","cumhur":"3","akp":"296","mhp":"4","hudapar":"5","vatan":"5","hdp":"545","iyi":"24","chp":"17","sp":"19","updated_at":"2018-06-24 23:33:03"}}]],"winners":[{"firstname":"SEVDA","lastname":"TABAK YAMA\u00c7","party":"hdp","order":1},{"firstname":"Z\u0130YA","lastname":"YOLDA\u015e","party":"iyi","order":2},{"firstname":"ZAH\u0130T","lastname":"MUTLU","party":"hdp","order":3}]}