{"id":"56","name":"S\u0130\u0130RT","box_count":"612","open_box_count":"149","voter_count":"179764","total_valid_vote":"34983","results":{"millet":"38","cumhur":"161","akp":"14936","mhp":"1284","hudapar":"339","vatan":"58","hdp":"16455","iyi":"509","chp":"927","sp":"438","updated_at":"2018-06-24 23:33:11"},"districts":[[{"id":"78","name":"BAYKAN","box_count":"60","open_box_count":"10","voter_count":"14482","total_valid_vote":"1211","results":{"millet":"1","cumhur":"8","akp":"550","mhp":"99","hudapar":"6","vatan":"4","hdp":"479","iyi":"9","chp":"56","sp":"8","updated_at":"2018-06-24 23:32:32"}},{"id":"215","name":"ERUH","box_count":"38","open_box_count":"0","voter_count":"10574","total_valid_vote":"0","results":{"millet":"0","cumhur":"0","akp":"0","mhp":"0","hudapar":"0","vatan":"0","hdp":"0","iyi":"0","chp":"0","sp":"0","updated_at":"2018-06-24 23:32:24"}},{"id":"388","name":"KURTALAN","box_count":"116","open_box_count":"32","voter_count":"34223","total_valid_vote":"7154","results":{"millet":"3","cumhur":"16","akp":"1643","mhp":"108","hudapar":"51","vatan":"11","hdp":"5007","iyi":"40","chp":"233","sp":"51","updated_at":"2018-06-24 23:32:55"}},{"id":"468","name":"PERVAR\u0130","box_count":"58","open_box_count":"5","voter_count":"15319","total_valid_vote":"971","results":{"millet":"0","cumhur":"5","akp":"830","mhp":"43","hudapar":"1","vatan":"2","hdp":"58","iyi":"21","chp":"10","sp":"6","updated_at":"2018-06-24 23:32:57"}},{"id":"513","name":"S\u0130\u0130RT MERKEZ","box_count":"275","open_box_count":"89","voter_count":"91019","total_valid_vote":"23477","results":{"millet":"30","cumhur":"126","akp":"10583","mhp":"975","hudapar":"273","vatan":"33","hdp":"10243","iyi":"389","chp":"600","sp":"354","updated_at":"2018-06-24 23:32:58"}},{"id":"555","name":"\u015e\u0130RVAN","box_count":"53","open_box_count":"13","voter_count":"11568","total_valid_vote":"2170","results":{"millet":"4","cumhur":"6","akp":"1330","mhp":"59","hudapar":"8","vatan":"8","hdp":"668","iyi":"50","chp":"28","sp":"19","updated_at":"2018-06-24 23:33:00"}},{"id":"771","name":"T\u0130LLO","box_count":"12","open_box_count":"0","voter_count":"2579","total_valid_vote":"0","results":{"millet":"0","cumhur":"0","akp":"0","mhp":"0","hudapar":"0","vatan":"0","hdp":"0","iyi":"0","chp":"0","sp":"0","updated_at":"2018-06-24 23:32:24"}}]],"winners":[{"firstname":"CAHFER","lastname":"SAKLAN","party":"chp","order":1},{"firstname":"HAMZA","lastname":"\u00d6ZCAN","party":"sp","order":2},{"firstname":"MEHMET","lastname":"TET\u0130K","party":"hudapar","order":3}]}