{"id":"9","name":"AYDIN","box_count":"2557","open_box_count":"981","voter_count":"815974","total_valid_vote":"282207","results":{"millet":"930","cumhur":"1951","akp":"86513","mhp":"23013","hudapar":"639","vatan":"964","hdp":"28753","iyi":"43241","chp":"96452","sp":"2078","updated_at":"2018-06-24 23:33:11"},"districts":[[{"id":"105","name":"BOZDO\u011eAN","box_count":"100","open_box_count":"20","voter_count":"25836","total_valid_vote":"4050","results":{"millet":"8","cumhur":"22","akp":"1766","mhp":"278","hudapar":"38","vatan":"30","hdp":"24","iyi":"819","chp":"1055","sp":"39","updated_at":"2018-06-24 23:32:34"}},{"id":"154","name":"\u00c7\u0130NE","box_count":"155","open_box_count":"56","voter_count":"40019","total_valid_vote":"13189","results":{"millet":"43","cumhur":"66","akp":"4876","mhp":"829","hudapar":"61","vatan":"66","hdp":"372","iyi":"1941","chp":"4929","sp":"115","updated_at":"2018-06-24 23:32:39"}},{"id":"245","name":"GERMENC\u0130K","box_count":"107","open_box_count":"27","voter_count":"31990","total_valid_vote":"7277","results":{"millet":"19","cumhur":"51","akp":"1992","mhp":"624","hudapar":"22","vatan":"31","hdp":"1580","iyi":"931","chp":"2065","sp":"29","updated_at":"2018-06-24 23:32:43"}},{"id":"330","name":"KARACASU","box_count":"62","open_box_count":"20","voter_count":"14665","total_valid_vote":"4528","results":{"millet":"15","cumhur":"33","akp":"1717","mhp":"361","hudapar":"32","vatan":"30","hdp":"48","iyi":"742","chp":"1559","sp":"36","updated_at":"2018-06-24 23:32:49"}},{"id":"373","name":"KO\u00c7ARLI","box_count":"77","open_box_count":"19","voter_count":"18070","total_valid_vote":"3687","results":{"millet":"6","cumhur":"18","akp":"1913","mhp":"274","hudapar":"20","vatan":"13","hdp":"45","iyi":"347","chp":"1036","sp":"17","updated_at":"2018-06-24 23:32:53"}},{"id":"390","name":"KU\u015eADASI","box_count":"240","open_box_count":"87","voter_count":"85651","total_valid_vote":"26978","results":{"millet":"104","cumhur":"167","akp":"5908","mhp":"1713","hudapar":"28","vatan":"105","hdp":"2521","iyi":"3549","chp":"12895","sp":"129","updated_at":"2018-06-24 23:32:55"}},{"id":"391","name":"KUYUCAK","box_count":"71","open_box_count":"20","voter_count":"21467","total_valid_vote":"5166","results":{"millet":"15","cumhur":"38","akp":"2322","mhp":"301","hudapar":"25","vatan":"19","hdp":"65","iyi":"659","chp":"1684","sp":"41","updated_at":"2018-06-24 23:32:55"}},{"id":"435","name":"NAZ\u0130LL\u0130","box_count":"345","open_box_count":"172","voter_count":"114227","total_valid_vote":"50720","results":{"millet":"165","cumhur":"369","akp":"16856","mhp":"4407","hudapar":"119","vatan":"174","hdp":"4905","iyi":"8873","chp":"14912","sp":"441","updated_at":"2018-06-24 23:32:56"}},{"id":"530","name":"S\u00d6KE","box_count":"274","open_box_count":"100","voter_count":"89117","total_valid_vote":"28410","results":{"millet":"95","cumhur":"165","akp":"7722","mhp":"2403","hudapar":"55","vatan":"103","hdp":"3068","iyi":"4309","chp":"10479","sp":"212","updated_at":"2018-06-24 23:32:59"}},{"id":"533","name":"SULTANH\u0130SAR","box_count":"53","open_box_count":"14","voter_count":"15486","total_valid_vote":"3393","results":{"millet":"7","cumhur":"31","akp":"1519","mhp":"277","hudapar":"13","vatan":"14","hdp":"242","iyi":"561","chp":"747","sp":"20","updated_at":"2018-06-24 23:32:59"}},{"id":"617","name":"YEN\u0130PAZAR","box_count":"40","open_box_count":"1","voter_count":"10084","total_valid_vote":"315","results":{"millet":"1","cumhur":"1","akp":"100","mhp":"29","hudapar":"0","vatan":"1","hdp":"4","iyi":"63","chp":"117","sp":"1","updated_at":"2018-06-24 23:33:02"}},{"id":"674","name":"BUHARKENT","box_count":"32","open_box_count":"0","voter_count":"9523","total_valid_vote":"0","results":{"millet":"0","cumhur":"0","akp":"0","mhp":"0","hudapar":"0","vatan":"0","hdp":"0","iyi":"0","chp":"0","sp":"0","updated_at":"2018-06-24 23:32:24"}},{"id":"700","name":"\u0130NC\u0130RL\u0130OVA","box_count":"109","open_box_count":"28","voter_count":"36199","total_valid_vote":"8288","results":{"millet":"19","cumhur":"59","akp":"2452","mhp":"1019","hudapar":"9","vatan":"25","hdp":"788","iyi":"1247","chp":"2670","sp":"61","updated_at":"2018-06-24 23:33:04"}},{"id":"850","name":"KARPUZLU","box_count":"36","open_box_count":"0","voter_count":"9111","total_valid_vote":"0","results":{"millet":"0","cumhur":"0","akp":"0","mhp":"0","hudapar":"0","vatan":"0","hdp":"0","iyi":"0","chp":"0","sp":"0","updated_at":"2018-06-24 23:32:24"}},{"id":"861","name":"K\u00d6\u015eK","box_count":"68","open_box_count":"16","voter_count":"20186","total_valid_vote":"4163","results":{"millet":"4","cumhur":"44","akp":"2009","mhp":"515","hudapar":"13","vatan":"13","hdp":"615","iyi":"406","chp":"550","sp":"23","updated_at":"2018-06-24 23:33:06"}},{"id":"892","name":"D\u0130D\u0130M","box_count":"184","open_box_count":"77","voter_count":"65215","total_valid_vote":"23362","results":{"millet":"74","cumhur":"123","akp":"5618","mhp":"1442","hudapar":"41","vatan":"67","hdp":"4376","iyi":"2438","chp":"9211","sp":"129","updated_at":"2018-06-24 23:33:06"}},{"id":"1025","name":"EFELER","box_count":"604","open_box_count":"324","voter_count":"209128","total_valid_vote":"98681","results":{"millet":"355","cumhur":"764","akp":"29743","mhp":"8541","hudapar":"163","vatan":"273","hdp":"10100","iyi":"16356","chp":"32543","sp":"785","updated_at":"2018-06-24 23:33:08"}}]],"winners":[{"firstname":"YUSUF","lastname":"KEREM\u0130T","party":"mhp","order":1},{"firstname":"S\u00dcLEYMAN","lastname":"ATE\u015e","party":"sp","order":2},{"firstname":"MUSTAFA \u0130BERYA","lastname":"ARIKAN","party":"chp","order":3},{"firstname":"MEHMET CELAL","lastname":"G\u00dcM\u00dc\u015e","party":"hdp","order":4},{"firstname":"Z\u00dcHRE","lastname":"GEN\u0130\u015eEL","party":"vatan","order":5},{"firstname":"\u015eULE","lastname":"TUNTA\u015e","party":"iyi","order":6},{"firstname":"MUSTAFA ORHUN","lastname":"\u00c7ET\u0130N","party":"iyi","order":7},{"firstname":"BERR\u0130N","lastname":"ARSLAN","party":"vatan","order":8}]}