{"id":"80","name":"OSMAN\u0130YE","box_count":"1095","open_box_count":"434","voter_count":"357485","total_valid_vote":"117524","results":{"millet":"184","cumhur":"1935","akp":"42771","mhp":"37946","hudapar":"469","vatan":"263","hdp":"3699","iyi":"15450","chp":"15299","sp":"1193","updated_at":"2018-06-24 23:33:10"},"districts":[[{"id":"64","name":"BAH\u00c7E","box_count":"55","open_box_count":"16","voter_count":"15126","total_valid_vote":"3173","results":{"millet":"4","cumhur":"85","akp":"1428","mhp":"1186","hudapar":"16","vatan":"11","hdp":"2","iyi":"216","chp":"268","sp":"35","updated_at":"2018-06-24 23:32:30"}},{"id":"318","name":"KAD\u0130RL\u0130","box_count":"270","open_box_count":"128","voter_count":"89130","total_valid_vote":"35223","results":{"millet":"60","cumhur":"459","akp":"13630","mhp":"9224","hudapar":"137","vatan":"131","hdp":"392","iyi":"6241","chp":"5070","sp":"212","updated_at":"2018-06-24 23:32:48"}},{"id":"453","name":"OSMAN\u0130YE MERKEZ","box_count":"496","open_box_count":"212","voter_count":"172884","total_valid_vote":"61593","results":{"millet":"93","cumhur":"1099","akp":"21712","mhp":"21832","hudapar":"267","vatan":"81","hdp":"2728","iyi":"6990","chp":"6956","sp":"790","updated_at":"2018-06-24 23:32:57"}},{"id":"636","name":"D\u00dcZ\u0130\u00c7\u0130","box_count":"190","open_box_count":"74","voter_count":"55545","total_valid_vote":"16515","results":{"millet":"26","cumhur":"285","akp":"5951","mhp":"5477","hudapar":"48","vatan":"40","hdp":"156","iyi":"1884","chp":"2826","sp":"133","updated_at":"2018-06-24 23:33:02"}},{"id":"919","name":"HASANBEYL\u0130","box_count":"14","open_box_count":"0","voter_count":"3261","total_valid_vote":"0","results":{"millet":"0","cumhur":"0","akp":"0","mhp":"0","hudapar":"0","vatan":"0","hdp":"0","iyi":"0","chp":"0","sp":"0","updated_at":"2018-06-24 23:32:24"}},{"id":"920","name":"SUMBAS","box_count":"36","open_box_count":"0","voter_count":"10678","total_valid_vote":"0","results":{"millet":"0","cumhur":"0","akp":"0","mhp":"0","hudapar":"0","vatan":"0","hdp":"0","iyi":"0","chp":"0","sp":"0","updated_at":"2018-06-24 23:32:24"}},{"id":"921","name":"TOPRAKKALE","box_count":"34","open_box_count":"4","voter_count":"10861","total_valid_vote":"1020","results":{"millet":"1","cumhur":"7","akp":"50","mhp":"227","hudapar":"1","vatan":"0","hdp":"421","iyi":"119","chp":"179","sp":"23","updated_at":"2018-06-24 23:33:06"}}]],"winners":[{"firstname":"RUH\u0130","lastname":"ERSOY","party":"mhp","order":1},{"firstname":"ASENA","lastname":"ALACA","party":"akp","order":2},{"firstname":"MEHMET","lastname":"VURAL","party":"mhp","order":3},{"firstname":"ALPTEK\u0130N","lastname":"U\u00c7MAK","party":"mhp","order":4}]}