{"id":"40","name":"KIR\u015eEH\u0130R","box_count":"665","open_box_count":"233","voter_count":"165492","total_valid_vote":"51673","results":{"millet":"115","cumhur":"592","akp":"19775","mhp":"9249","hudapar":"74","vatan":"105","hdp":"2516","iyi":"5599","chp":"13704","sp":"585","updated_at":"2018-06-24 23:33:11"},"districts":[[{"id":"152","name":"\u00c7\u0130\u00c7EKDA\u011eI","box_count":"70","open_box_count":"18","voter_count":"11146","total_valid_vote":"1552","results":{"millet":"2","cumhur":"34","akp":"900","mhp":"293","hudapar":"2","vatan":"3","hdp":"40","iyi":"102","chp":"198","sp":"14","updated_at":"2018-06-24 23:32:38"}},{"id":"324","name":"KAMAN","box_count":"112","open_box_count":"33","voter_count":"27437","total_valid_vote":"6174","results":{"millet":"10","cumhur":"48","akp":"2795","mhp":"918","hudapar":"12","vatan":"20","hdp":"112","iyi":"668","chp":"1590","sp":"42","updated_at":"2018-06-24 23:32:49"}},{"id":"366","name":"KIR\u015eEH\u0130R MERKEZ","box_count":"321","open_box_count":"162","voter_count":"99218","total_valid_vote":"42401","results":{"millet":"96","cumhur":"502","akp":"15485","mhp":"7849","hudapar":"57","vatan":"78","hdp":"2314","iyi":"4698","chp":"11356","sp":"516","updated_at":"2018-06-24 23:32:53"}},{"id":"422","name":"MUCUR","box_count":"80","open_box_count":"20","voter_count":"14198","total_valid_vote":"1546","results":{"millet":"7","cumhur":"8","akp":"595","mhp":"189","hudapar":"3","vatan":"4","hdp":"50","iyi":"131","chp":"560","sp":"13","updated_at":"2018-06-24 23:32:56"}},{"id":"647","name":"AKPINAR","box_count":"35","open_box_count":"0","voter_count":"5955","total_valid_vote":"0","results":{"millet":"0","cumhur":"0","akp":"0","mhp":"0","hudapar":"0","vatan":"0","hdp":"0","iyi":"0","chp":"0","sp":"0","updated_at":"2018-06-24 23:32:24"}},{"id":"762","name":"AK\u00c7AKENT","box_count":"23","open_box_count":"0","voter_count":"3171","total_valid_vote":"0","results":{"millet":"0","cumhur":"0","akp":"0","mhp":"0","hudapar":"0","vatan":"0","hdp":"0","iyi":"0","chp":"0","sp":"0","updated_at":"2018-06-24 23:32:24"}},{"id":"783","name":"BOZTEPE","box_count":"24","open_box_count":"0","voter_count":"4367","total_valid_vote":"0","results":{"millet":"0","cumhur":"0","akp":"0","mhp":"0","hudapar":"0","vatan":"0","hdp":"0","iyi":"0","chp":"0","sp":"0","updated_at":"2018-06-24 23:32:24"}}]],"winners":[{"firstname":"\u0130SMA\u0130L","lastname":"YILDIZ","party":"","order":1},{"firstname":"G\u00d6KHAN","lastname":"AKIN","party":"hdp","order":2}]}