{"id":"50","name":"NEV\u015eEH\u0130R","box_count":"711","open_box_count":"198","voter_count":"210520","total_valid_vote":"51296","results":{"millet":"83","cumhur":"573","akp":"28418","mhp":"10038","hudapar":"66","vatan":"103","hdp":"539","iyi":"4744","chp":"6659","sp":"663","updated_at":"2018-06-24 23:33:10"},"districts":[[{"id":"54","name":"AVANOS","box_count":"85","open_box_count":"20","voter_count":"24835","total_valid_vote":"5063","results":{"millet":"11","cumhur":"88","akp":"2512","mhp":"1212","hudapar":"3","vatan":"5","hdp":"33","iyi":"405","chp":"845","sp":"47","updated_at":"2018-06-24 23:32:29"}},{"id":"172","name":"DER\u0130NKUYU","box_count":"47","open_box_count":"8","voter_count":"14624","total_valid_vote":"2137","results":{"millet":"0","cumhur":"26","akp":"1445","mhp":"350","hudapar":"1","vatan":"7","hdp":"8","iyi":"153","chp":"138","sp":"35","updated_at":"2018-06-24 23:32:40"}},{"id":"264","name":"G\u00dcL\u015eEH\u0130R","box_count":"66","open_box_count":"18","voter_count":"16454","total_valid_vote":"2958","results":{"millet":"2","cumhur":"41","akp":"1723","mhp":"569","hudapar":"12","vatan":"17","hdp":"12","iyi":"279","chp":"306","sp":"20","updated_at":"2018-06-24 23:32:44"}},{"id":"271","name":"HACIBEKTA\u015e","box_count":"47","open_box_count":"8","voter_count":"9168","total_valid_vote":"841","results":{"millet":"1","cumhur":"10","akp":"326","mhp":"64","hudapar":"2","vatan":"0","hdp":"16","iyi":"86","chp":"342","sp":"5","updated_at":"2018-06-24 23:32:45"}},{"id":"378","name":"KOZAKLI","box_count":"52","open_box_count":"13","voter_count":"10796","total_valid_vote":"1690","results":{"millet":"3","cumhur":"32","akp":"951","mhp":"209","hudapar":"6","vatan":"2","hdp":"5","iyi":"112","chp":"388","sp":"17","updated_at":"2018-06-24 23:32:54"}},{"id":"436","name":"NEV\u015eEH\u0130R MERKEZ","box_count":"275","open_box_count":"106","voter_count":"94402","total_valid_vote":"32407","results":{"millet":"59","cumhur":"329","akp":"17990","mhp":"6746","hudapar":"32","vatan":"53","hdp":"403","iyi":"3160","chp":"3509","sp":"471","updated_at":"2018-06-24 23:32:56"}},{"id":"600","name":"\u00dcRG\u00dcP","box_count":"95","open_box_count":"20","voter_count":"26650","total_valid_vote":"5042","results":{"millet":"7","cumhur":"39","akp":"2530","mhp":"788","hudapar":"6","vatan":"15","hdp":"56","iyi":"506","chp":"1088","sp":"53","updated_at":"2018-06-24 23:33:01"}},{"id":"642","name":"ACIG\u00d6L","box_count":"44","open_box_count":"5","voter_count":"13591","total_valid_vote":"1158","results":{"millet":"0","cumhur":"8","akp":"941","mhp":"100","hudapar":"4","vatan":"4","hdp":"6","iyi":"43","chp":"43","sp":"15","updated_at":"2018-06-24 23:33:03"}}]],"winners":[{"firstname":"FURKAN","lastname":"\u00d6Z\u00c7\u0130L","party":"vatan","order":1},{"firstname":"EL\u0130F","lastname":"MUR\u015e\u0130L","party":"vatan","order":2},{"firstname":"Y\u00dcCEL","lastname":"MENEK\u015eE","party":"akp","order":3}]}