{"id":"67","name":"ZONGULDAK","box_count":"1505","open_box_count":"517","voter_count":"446863","total_valid_vote":"126873","results":{"millet":"365","cumhur":"1052","akp":"58000","mhp":"13979","hudapar":"272","vatan":"542","hdp":"1748","iyi":"9922","chp":"39130","sp":"2217","updated_at":"2018-06-24 23:33:11"},"districts":[[{"id":"138","name":"\u00c7AYCUMA","box_count":"257","open_box_count":"83","voter_count":"72211","total_valid_vote":"19232","results":{"millet":"53","cumhur":"131","akp":"9921","mhp":"1090","hudapar":"47","vatan":"93","hdp":"180","iyi":"1373","chp":"6092","sp":"389","updated_at":"2018-06-24 23:32:37"}},{"id":"174","name":"DEVREK","box_count":"167","open_box_count":"61","voter_count":"45179","total_valid_vote":"12414","results":{"millet":"33","cumhur":"114","akp":"7192","mhp":"870","hudapar":"49","vatan":"81","hdp":"90","iyi":"1059","chp":"2845","sp":"217","updated_at":"2018-06-24 23:32:40"}},{"id":"211","name":"ERE\u011eL\u0130","box_count":"414","open_box_count":"135","voter_count":"128418","total_valid_vote":"38225","results":{"millet":"97","cumhur":"260","akp":"15521","mhp":"4573","hudapar":"47","vatan":"96","hdp":"784","iyi":"3140","chp":"13038","sp":"385","updated_at":"2018-06-24 23:32:42"}},{"id":"634","name":"ZONGULDAK MERKEZ","box_count":"286","open_box_count":"136","voter_count":"90204","total_valid_vote":"33869","results":{"millet":"114","cumhur":"299","akp":"13439","mhp":"4444","hudapar":"61","vatan":"148","hdp":"525","iyi":"2570","chp":"11689","sp":"835","updated_at":"2018-06-24 23:33:02"}},{"id":"651","name":"ALAPLI","box_count":"120","open_box_count":"36","voter_count":"32480","total_valid_vote":"7091","results":{"millet":"16","cumhur":"93","akp":"3744","mhp":"925","hudapar":"20","vatan":"41","hdp":"47","iyi":"436","chp":"1634","sp":"78","updated_at":"2018-06-24 23:33:03"}},{"id":"819","name":"G\u00d6K\u00c7EBEY","box_count":"60","open_box_count":"19","voter_count":"16723","total_valid_vote":"3740","results":{"millet":"19","cumhur":"49","akp":"2005","mhp":"269","hudapar":"25","vatan":"38","hdp":"33","iyi":"332","chp":"968","sp":"69","updated_at":"2018-06-24 23:33:05"}},{"id":"1043","name":"K\u0130L\u0130ML\u0130","box_count":"87","open_box_count":"12","voter_count":"27440","total_valid_vote":"3204","results":{"millet":"12","cumhur":"17","akp":"1003","mhp":"551","hudapar":"2","vatan":"8","hdp":"34","iyi":"268","chp":"1280","sp":"56","updated_at":"2018-06-24 23:33:09"}},{"id":"1044","name":"KOZLU","box_count":"114","open_box_count":"35","voter_count":"34208","total_valid_vote":"9098","results":{"millet":"21","cumhur":"89","akp":"5175","mhp":"1257","hudapar":"21","vatan":"37","hdp":"55","iyi":"744","chp":"1584","sp":"188","updated_at":"2018-06-24 23:33:09"}}]],"winners":[{"firstname":"FEH\u0130ME","lastname":"\u00c7AKIR","party":"iyi","order":1},{"firstname":"SAVA\u015e","lastname":"ORU\u00c7","party":"vatan","order":2},{"firstname":"UMUT","lastname":"KAPTAN","party":"vatan","order":3},{"firstname":"UMUT","lastname":"BA\u015eO\u011eLU","party":"chp","order":4},{"firstname":"G\u00d6KHAN","lastname":"G\u00d6KTA\u015e","party":"sp","order":5}]}