{"id":"66","name":"YOZGAT","box_count":"1278","open_box_count":"367","voter_count":"296268","total_valid_vote":"63139","results":{"millet":"81","cumhur":"1048","akp":"33600","mhp":"15799","hudapar":"411","vatan":"118","hdp":"718","iyi":"4356","chp":"7449","sp":"666","updated_at":"2018-06-24 23:33:09"},"districts":[[{"id":"17","name":"AKDA\u011eMADEN\u0130","box_count":"136","open_box_count":"33","voter_count":"29699","total_valid_vote":"5153","results":{"millet":"6","cumhur":"84","akp":"3397","mhp":"1043","hudapar":"10","vatan":"18","hdp":"9","iyi":"346","chp":"267","sp":"63","updated_at":"2018-06-24 23:32:26"}},{"id":"97","name":"BO\u011eAZLIYAN","box_count":"96","open_box_count":"21","voter_count":"25176","total_valid_vote":"4424","results":{"millet":"5","cumhur":"79","akp":"2108","mhp":"983","hudapar":"5","vatan":"7","hdp":"80","iyi":"382","chp":"829","sp":"30","updated_at":"2018-06-24 23:32:33"}},{"id":"140","name":"\u00c7AYIRALAN","box_count":"42","open_box_count":"3","voter_count":"9546","total_valid_vote":"474","results":{"millet":"0","cumhur":"10","akp":"348","mhp":"85","hudapar":"0","vatan":"2","hdp":"2","iyi":"18","chp":"17","sp":"2","updated_at":"2018-06-24 23:32:37"}},{"id":"143","name":"\u00c7EKEREK","box_count":"70","open_box_count":"16","voter_count":"14355","total_valid_vote":"1693","results":{"millet":"2","cumhur":"10","akp":"894","mhp":"148","hudapar":"2","vatan":"7","hdp":"46","iyi":"47","chp":"537","sp":"12","updated_at":"2018-06-24 23:32:38"}},{"id":"495","name":"SARIKAYA","box_count":"107","open_box_count":"27","voter_count":"24076","total_valid_vote":"3850","results":{"millet":"1","cumhur":"82","akp":"2251","mhp":"1035","hudapar":"6","vatan":"5","hdp":"10","iyi":"282","chp":"229","sp":"32","updated_at":"2018-06-24 23:32:58"}},{"id":"528","name":"SORGUN","box_count":"223","open_box_count":"94","voter_count":"55389","total_valid_vote":"16116","results":{"millet":"14","cumhur":"234","akp":"8883","mhp":"3844","hudapar":"322","vatan":"22","hdp":"317","iyi":"808","chp":"1724","sp":"186","updated_at":"2018-06-24 23:32:59"}},{"id":"548","name":"\u015eEFAATL\u0130","box_count":"70","open_box_count":"20","voter_count":"11524","total_valid_vote":"2140","results":{"millet":"1","cumhur":"39","akp":"1094","mhp":"411","hudapar":"7","vatan":"5","hdp":"5","iyi":"261","chp":"344","sp":"10","updated_at":"2018-06-24 23:33:00"}},{"id":"619","name":"YERK\u00d6Y","box_count":"125","open_box_count":"40","voter_count":"27094","total_valid_vote":"7751","results":{"millet":"18","cumhur":"147","akp":"3885","mhp":"1903","hudapar":"21","vatan":"27","hdp":"60","iyi":"817","chp":"926","sp":"112","updated_at":"2018-06-24 23:33:02"}},{"id":"626","name":"YOZGAT MERKEZ","box_count":"266","open_box_count":"113","voter_count":"68154","total_valid_vote":"21538","results":{"millet":"34","cumhur":"363","akp":"10740","mhp":"6347","hudapar":"38","vatan":"25","hdp":"189","iyi":"1395","chp":"2576","sp":"219","updated_at":"2018-06-24 23:33:02"}},{"id":"770","name":"AYDINCIK","box_count":"35","open_box_count":"0","voter_count":"7295","total_valid_vote":"0","results":{"millet":"0","cumhur":"0","akp":"0","mhp":"0","hudapar":"0","vatan":"0","hdp":"0","iyi":"0","chp":"0","sp":"0","updated_at":"2018-06-24 23:32:24"}},{"id":"788","name":"\u00c7ANDIR","box_count":"15","open_box_count":"0","voter_count":"3386","total_valid_vote":"0","results":{"millet":"0","cumhur":"0","akp":"0","mhp":"0","hudapar":"0","vatan":"0","hdp":"0","iyi":"0","chp":"0","sp":"0","updated_at":"2018-06-24 23:32:24"}},{"id":"845","name":"KADI\u015eEHR\u0130","box_count":"39","open_box_count":"0","voter_count":"7901","total_valid_vote":"0","results":{"millet":"0","cumhur":"0","akp":"0","mhp":"0","hudapar":"0","vatan":"0","hdp":"0","iyi":"0","chp":"0","sp":"0","updated_at":"2018-06-24 23:32:24"}},{"id":"875","name":"SARAYKENT","box_count":"35","open_box_count":"0","voter_count":"8361","total_valid_vote":"0","results":{"millet":"0","cumhur":"0","akp":"0","mhp":"0","hudapar":"0","vatan":"0","hdp":"0","iyi":"0","chp":"0","sp":"0","updated_at":"2018-06-24 23:32:24"}},{"id":"891","name":"YEN\u0130FAKILI","box_count":"19","open_box_count":"0","voter_count":"4312","total_valid_vote":"0","results":{"millet":"0","cumhur":"0","akp":"0","mhp":"0","hudapar":"0","vatan":"0","hdp":"0","iyi":"0","chp":"0","sp":"0","updated_at":"2018-06-24 23:32:24"}}]],"winners":[{"firstname":"\u0130BRAH\u0130M ETHEM","lastname":"SADEF","party":"mhp","order":1},{"firstname":"CEM EREN","lastname":"ASLAN","party":"hdp","order":2},{"firstname":"AHMET","lastname":"\u00d6ZBEK","party":"mhp","order":3},{"firstname":"\u0130RFAN","lastname":"TA\u015eKIN","party":"sp","order":4}]}