{"id":"30","name":"HAKKAR\u0130","box_count":"510","open_box_count":"97","voter_count":"168258","total_valid_vote":"25003","results":{"millet":"22","cumhur":"55","akp":"3228","mhp":"484","hudapar":"144","vatan":"40","hdp":"20063","iyi":"222","chp":"687","sp":"102","updated_at":"2018-06-24 23:33:12"},"districts":[[{"id":"159","name":"\u00c7UKURCA","box_count":"33","open_box_count":"0","voter_count":"10729","total_valid_vote":"0","results":{"millet":"0","cumhur":"0","akp":"0","mhp":"0","hudapar":"0","vatan":"0","hdp":"0","iyi":"0","chp":"0","sp":"0","updated_at":"2018-06-24 23:32:24"}},{"id":"274","name":"HAKKAR\u0130 MERKEZ","box_count":"152","open_box_count":"40","voter_count":"48683","total_valid_vote":"10419","results":{"millet":"3","cumhur":"18","akp":"1654","mhp":"344","hudapar":"38","vatan":"15","hdp":"7774","iyi":"130","chp":"397","sp":"67","updated_at":"2018-06-24 23:32:45"}},{"id":"549","name":"\u015eEMD\u0130NL\u0130","box_count":"104","open_box_count":"9","voter_count":"35925","total_valid_vote":"2398","results":{"millet":"10","cumhur":"22","akp":"557","mhp":"31","hudapar":"23","vatan":"4","hdp":"1721","iyi":"10","chp":"48","sp":"5","updated_at":"2018-06-24 23:33:00"}},{"id":"630","name":"Y\u00dcKSEKOVA","box_count":"221","open_box_count":"48","voter_count":"72921","total_valid_vote":"12186","results":{"millet":"9","cumhur":"15","akp":"1017","mhp":"109","hudapar":"83","vatan":"21","hdp":"10568","iyi":"82","chp":"242","sp":"30","updated_at":"2018-06-24 23:33:02"}}]],"winners":[{"firstname":"KAZ\u0130P","lastname":"KOYUN","party":"vatan","order":1},{"firstname":"D\u0130LEK","lastname":"TANRIKULU","party":"iyi","order":2},{"firstname":"NAZIM","lastname":"DEM\u0130R","party":"chp","order":3}]}