{"id":"10","name":"BALIKES\u0130R","box_count":"3205","open_box_count":"1168","voter_count":"945092","total_valid_vote":"310168","results":{"millet":"960","cumhur":"2454","akp":"128558","mhp":"24423","hudapar":"532","vatan":"912","hdp":"11797","iyi":"47423","chp":"92083","sp":"3965","updated_at":"2018-06-24 23:33:10"},"districts":[[{"id":"60","name":"AYVALIK","box_count":"175","open_box_count":"72","voter_count":"58848","total_valid_vote":"21409","results":{"millet":"80","cumhur":"103","akp":"4585","mhp":"1437","hudapar":"18","vatan":"75","hdp":"2005","iyi":"2953","chp":"10197","sp":"119","updated_at":"2018-06-24 23:32:30"}},{"id":"68","name":"BALYA","box_count":"58","open_box_count":"19","voter_count":"11265","total_valid_vote":"3174","results":{"millet":"8","cumhur":"19","akp":"1346","mhp":"236","hudapar":"11","vatan":"24","hdp":"67","iyi":"382","chp":"1061","sp":"43","updated_at":"2018-06-24 23:32:31"}},{"id":"70","name":"BANDIRMA","box_count":"337","open_box_count":"171","voter_count":"114498","total_valid_vote":"51522","results":{"millet":"216","cumhur":"333","akp":"17379","mhp":"3738","hudapar":"63","vatan":"152","hdp":"2708","iyi":"8582","chp":"18169","sp":"557","updated_at":"2018-06-24 23:32:31"}},{"id":"90","name":"B\u0130GAD\u0130\u00c7","box_count":"142","open_box_count":"41","voter_count":"37243","total_valid_vote":"9233","results":{"millet":"29","cumhur":"77","akp":"4854","mhp":"755","hudapar":"33","vatan":"28","hdp":"270","iyi":"1319","chp":"1758","sp":"209","updated_at":"2018-06-24 23:32:33"}},{"id":"115","name":"BURHAN\u0130YE","box_count":"146","open_box_count":"44","voter_count":"47436","total_valid_vote":"11872","results":{"millet":"34","cumhur":"89","akp":"3890","mhp":"915","hudapar":"18","vatan":"35","hdp":"843","iyi":"1625","chp":"4450","sp":"89","updated_at":"2018-06-24 23:32:35"}},{"id":"189","name":"DURSUNBEY","box_count":"160","open_box_count":"60","voter_count":"28959","total_valid_vote":"10248","results":{"millet":"13","cumhur":"171","akp":"7250","mhp":"1008","hudapar":"17","vatan":"30","hdp":"43","iyi":"907","chp":"644","sp":"321","updated_at":"2018-06-24 23:32:41"}},{"id":"192","name":"EDREM\u0130T","box_count":"349","open_box_count":"123","voter_count":"121762","total_valid_vote":"36851","results":{"millet":"119","cumhur":"254","akp":"11797","mhp":"2411","hudapar":"41","vatan":"91","hdp":"2442","iyi":"5333","chp":"14335","sp":"392","updated_at":"2018-06-24 23:32:41"}},{"id":"208","name":"ERDEK","box_count":"88","open_box_count":"19","voter_count":"27071","total_valid_vote":"4764","results":{"millet":"19","cumhur":"21","akp":"1224","mhp":"142","hudapar":"6","vatan":"25","hdp":"146","iyi":"456","chp":"2695","sp":"69","updated_at":"2018-06-24 23:32:42"}},{"id":"257","name":"G\u00d6NEN","box_count":"223","open_box_count":"104","voter_count":"59371","total_valid_vote":"27016","results":{"millet":"71","cumhur":"209","akp":"12253","mhp":"1954","hudapar":"69","vatan":"80","hdp":"320","iyi":"4696","chp":"7353","sp":"276","updated_at":"2018-06-24 23:32:44"}},{"id":"281","name":"HAVRAN","box_count":"71","open_box_count":"21","voter_count":"20700","total_valid_vote":"4789","results":{"millet":"6","cumhur":"30","akp":"2650","mhp":"321","hudapar":"27","vatan":"71","hdp":"29","iyi":"585","chp":"1045","sp":"42","updated_at":"2018-06-24 23:32:45"}},{"id":"314","name":"\u0130VR\u0130ND\u0130","box_count":"109","open_box_count":"25","voter_count":"26301","total_valid_vote":"5095","results":{"millet":"13","cumhur":"60","akp":"2775","mhp":"429","hudapar":"21","vatan":"20","hdp":"33","iyi":"708","chp":"1055","sp":"53","updated_at":"2018-06-24 23:32:48"}},{"id":"356","name":"KEPSUT","box_count":"88","open_box_count":"22","voter_count":"17272","total_valid_vote":"3583","results":{"millet":"8","cumhur":"23","akp":"1741","mhp":"308","hudapar":"7","vatan":"14","hdp":"276","iyi":"508","chp":"595","sp":"134","updated_at":"2018-06-24 23:32:51"}},{"id":"407","name":"MANYAS","box_count":"72","open_box_count":"19","voter_count":"16045","total_valid_vote":"3404","results":{"millet":"12","cumhur":"23","akp":"1108","mhp":"329","hudapar":"17","vatan":"11","hdp":"52","iyi":"498","chp":"1337","sp":"45","updated_at":"2018-06-24 23:32:55"}},{"id":"501","name":"SAVA\u015eTEPE","box_count":"77","open_box_count":"16","voter_count":"14272","total_valid_vote":"2200","results":{"millet":"4","cumhur":"15","akp":"1158","mhp":"117","hudapar":"6","vatan":"6","hdp":"32","iyi":"341","chp":"515","sp":"23","updated_at":"2018-06-24 23:32:58"}},{"id":"512","name":"SINDIRGI","box_count":"117","open_box_count":"28","voter_count":"28821","total_valid_vote":"5149","results":{"millet":"11","cumhur":"28","akp":"2838","mhp":"346","hudapar":"16","vatan":"22","hdp":"29","iyi":"512","chp":"1310","sp":"72","updated_at":"2018-06-24 23:32:58"}},{"id":"537","name":"SUSURLUK","box_count":"118","open_box_count":"33","voter_count":"31196","total_valid_vote":"8419","results":{"millet":"29","cumhur":"62","akp":"3520","mhp":"687","hudapar":"18","vatan":"19","hdp":"127","iyi":"1595","chp":"2349","sp":"100","updated_at":"2018-06-24 23:32:59"}},{"id":"717","name":"MARMARA","box_count":"29","open_box_count":"0","voter_count":"7880","total_valid_vote":"0","results":{"millet":"0","cumhur":"0","akp":"0","mhp":"0","hudapar":"0","vatan":"0","hdp":"0","iyi":"0","chp":"0","sp":"0","updated_at":"2018-06-24 23:32:24"}},{"id":"821","name":"G\u00d6ME\u00c7","box_count":"36","open_box_count":"0","voter_count":"11307","total_valid_vote":"0","results":{"millet":"0","cumhur":"0","akp":"0","mhp":"0","hudapar":"0","vatan":"0","hdp":"0","iyi":"0","chp":"0","sp":"0","updated_at":"2018-06-24 23:32:24"}},{"id":"1029","name":"KARES\u0130","box_count":"402","open_box_count":"167","voter_count":"134333","total_valid_vote":"49537","results":{"millet":"140","cumhur":"463","akp":"23380","mhp":"4716","hudapar":"62","vatan":"89","hdp":"1024","iyi":"8551","chp":"10896","sp":"737","updated_at":"2018-06-24 23:33:08"}},{"id":"1030","name":"ALTIEYL\u00dcL","box_count":"408","open_box_count":"184","voter_count":"130512","total_valid_vote":"51903","results":{"millet":"148","cumhur":"474","akp":"24810","mhp":"4574","hudapar":"82","vatan":"120","hdp":"1351","iyi":"7872","chp":"12319","sp":"684","updated_at":"2018-06-24 23:33:08"}}]],"winners":[{"firstname":"PAK\u0130ZE MUTLU","lastname":"AYDEM\u0130R","party":"akp","order":1},{"firstname":"\u00d6MER","lastname":"ESMER","party":"hudapar","order":2},{"firstname":"ENG\u0130N","lastname":"G\u00dcNAYD\u0130N","party":"","order":3},{"firstname":"HASAN MET\u0130N","lastname":"PINARBA\u015eI","party":"vatan","order":4},{"firstname":"HAL\u0130L ERSAN","lastname":"BEK\u00c7\u0130","party":"hdp","order":5},{"firstname":"YUNUS","lastname":"KAYA","party":"hudapar","order":6},{"firstname":"KAM\u0130L","lastname":"\u00dcRER","party":"mhp","order":7},{"firstname":"FAD\u0130ME","lastname":"KAM TEMEL","party":"hdp","order":8},{"firstname":"S\u00dcLEYMAN","lastname":"PEHL\u0130VAN","party":"mhp","order":9}]}