{"id":"72","name":"BATMAN","box_count":"1124","open_box_count":"248","voter_count":"342111","total_valid_vote":"64937","results":{"millet":"67","cumhur":"117","akp":"15041","mhp":"633","hudapar":"102","vatan":"167","hdp":"42060","iyi":"857","chp":"892","sp":"2120","updated_at":"2018-06-24 23:33:11"},"districts":[[{"id":"73","name":"BATMAN MERKEZ","box_count":"730","open_box_count":"198","voter_count":"257182","total_valid_vote":"56763","results":{"millet":"63","cumhur":"78","akp":"11704","mhp":"458","hudapar":"37","vatan":"161","hdp":"38149","iyi":"749","chp":"786","sp":"1866","updated_at":"2018-06-24 23:32:31"}},{"id":"83","name":"BE\u015e\u0130R\u0130","box_count":"84","open_box_count":"20","voter_count":"16935","total_valid_vote":"3007","results":{"millet":"1","cumhur":"15","akp":"1029","mhp":"11","hudapar":"0","vatan":"0","hdp":"1616","iyi":"52","chp":"26","sp":"143","updated_at":"2018-06-24 23:32:32"}},{"id":"242","name":"GERC\u00dc\u015e","box_count":"67","open_box_count":"6","voter_count":"12155","total_valid_vote":"646","results":{"millet":"0","cumhur":"2","akp":"202","mhp":"4","hudapar":"0","vatan":"2","hdp":"384","iyi":"4","chp":"12","sp":"17","updated_at":"2018-06-24 23:32:43"}},{"id":"380","name":"KOZLUK","box_count":"125","open_box_count":"18","voter_count":"34386","total_valid_vote":"3851","results":{"millet":"2","cumhur":"17","akp":"1770","mhp":"149","hudapar":"58","vatan":"3","hdp":"1650","iyi":"33","chp":"54","sp":"80","updated_at":"2018-06-24 23:32:54"}},{"id":"500","name":"SASON","box_count":"90","open_box_count":"6","voter_count":"17206","total_valid_vote":"670","results":{"millet":"1","cumhur":"5","akp":"336","mhp":"11","hudapar":"7","vatan":"1","hdp":"261","iyi":"19","chp":"14","sp":"14","updated_at":"2018-06-24 23:32:58"}},{"id":"834","name":"HASANKEYF","box_count":"28","open_box_count":"0","voter_count":"4247","total_valid_vote":"0","results":{"millet":"0","cumhur":"0","akp":"0","mhp":"0","hudapar":"0","vatan":"0","hdp":"0","iyi":"0","chp":"0","sp":"0","updated_at":"2018-06-24 23:32:24"}}]],"winners":[{"firstname":"CEM\u0130L","lastname":"G\u00dcZEL","party":"mhp","order":1},{"firstname":"NUR\u0130","lastname":"KARTALO\u011eLU","party":"vatan","order":2},{"firstname":"KISMET","lastname":"\u00c7EL\u0130K","party":"iyi","order":3},{"firstname":"AYDIN","lastname":"G\u00d6K","party":"","order":4},{"firstname":"BURHAN","lastname":"BARAN","party":"iyi","order":5}]}