{"id":"58","name":"S\u0130VAS","box_count":"2282","open_box_count":"715","voter_count":"450068","total_valid_vote":"129748","results":{"millet":"201","cumhur":"1622","akp":"71727","mhp":"25819","hudapar":"148","vatan":"178","hdp":"2122","iyi":"8334","chp":"18720","sp":"2335","updated_at":"2018-06-24 23:33:11"},"districts":[[{"id":"180","name":"D\u0130VR\u0130\u011e\u0130","box_count":"139","open_box_count":"26","voter_count":"13734","total_valid_vote":"1481","results":{"millet":"2","cumhur":"1","akp":"190","mhp":"53","hudapar":"2","vatan":"4","hdp":"100","iyi":"23","chp":"1106","sp":"3","updated_at":"2018-06-24 23:32:41"}},{"id":"239","name":"GEMEREK","box_count":"81","open_box_count":"19","voter_count":"17537","total_valid_vote":"3090","results":{"millet":"6","cumhur":"27","akp":"1244","mhp":"502","hudapar":"8","vatan":"6","hdp":"30","iyi":"257","chp":"1001","sp":"41","updated_at":"2018-06-24 23:32:42"}},{"id":"270","name":"G\u00dcR\u00dcN","box_count":"94","open_box_count":"16","voter_count":"14254","total_valid_vote":"1361","results":{"millet":"8","cumhur":"10","akp":"732","mhp":"268","hudapar":"4","vatan":"3","hdp":"15","iyi":"130","chp":"185","sp":"23","updated_at":"2018-06-24 23:32:44"}},{"id":"273","name":"HAF\u0130K","box_count":"87","open_box_count":"19","voter_count":"8236","total_valid_vote":"1521","results":{"millet":"3","cumhur":"7","akp":"551","mhp":"111","hudapar":"1","vatan":"3","hdp":"59","iyi":"24","chp":"761","sp":"11","updated_at":"2018-06-24 23:32:45"}},{"id":"304","name":"\u0130MRANLI","box_count":"101","open_box_count":"22","voter_count":"6824","total_valid_vote":"969","results":{"millet":"2","cumhur":"1","akp":"128","mhp":"27","hudapar":"0","vatan":"0","hdp":"171","iyi":"13","chp":"625","sp":"5","updated_at":"2018-06-24 23:32:47"}},{"id":"326","name":"KANGAL","box_count":"138","open_box_count":"31","voter_count":"16360","total_valid_vote":"2175","results":{"millet":"5","cumhur":"18","akp":"611","mhp":"400","hudapar":"3","vatan":"5","hdp":"140","iyi":"66","chp":"877","sp":"17","updated_at":"2018-06-24 23:32:49"}},{"id":"377","name":"KOYULH\u0130SAR","box_count":"69","open_box_count":"10","voter_count":"10721","total_valid_vote":"948","results":{"millet":"2","cumhur":"15","akp":"633","mhp":"139","hudapar":"5","vatan":"1","hdp":"5","iyi":"43","chp":"114","sp":"8","updated_at":"2018-06-24 23:32:54"}},{"id":"521","name":"S\u0130VAS MERKEZ","box_count":"810","open_box_count":"392","voter_count":"250365","total_valid_vote":"100172","results":{"millet":"153","cumhur":"1379","akp":"56932","mhp":"21990","hudapar":"103","vatan":"134","hdp":"1129","iyi":"7292","chp":"10285","sp":"2046","updated_at":"2018-06-24 23:32:59"}},{"id":"539","name":"SU\u015eEHR\u0130","box_count":"107","open_box_count":"16","voter_count":"19106","total_valid_vote":"1868","results":{"millet":"0","cumhur":"17","akp":"1590","mhp":"185","hudapar":"2","vatan":"3","hdp":"2","iyi":"46","chp":"29","sp":"11","updated_at":"2018-06-24 23:32:59"}},{"id":"543","name":"\u015eARKI\u015eLA","box_count":"161","open_box_count":"53","voter_count":"28122","total_valid_vote":"5779","results":{"millet":"6","cumhur":"44","akp":"3022","mhp":"813","hudapar":"13","vatan":"5","hdp":"135","iyi":"235","chp":"1435","sp":"79","updated_at":"2018-06-24 23:32:59"}},{"id":"624","name":"YILDIZEL\u0130","box_count":"153","open_box_count":"43","voter_count":"24212","total_valid_vote":"5603","results":{"millet":"3","cumhur":"45","akp":"3596","mhp":"795","hudapar":"4","vatan":"5","hdp":"48","iyi":"97","chp":"1003","sp":"54","updated_at":"2018-06-24 23:33:02"}},{"id":"631","name":"ZARA","box_count":"162","open_box_count":"60","voter_count":"17936","total_valid_vote":"4198","results":{"millet":"11","cumhur":"45","akp":"2191","mhp":"384","hudapar":"3","vatan":"8","hdp":"285","iyi":"78","chp":"1211","sp":"35","updated_at":"2018-06-24 23:33:02"}},{"id":"763","name":"AKINCILAR","box_count":"38","open_box_count":"0","voter_count":"4307","total_valid_vote":"0","results":{"millet":"0","cumhur":"0","akp":"0","mhp":"0","hudapar":"0","vatan":"0","hdp":"0","iyi":"0","chp":"0","sp":"0","updated_at":"2018-06-24 23:32:24"}},{"id":"768","name":"ALTINYAYLA","box_count":"30","open_box_count":"0","voter_count":"6554","total_valid_vote":"0","results":{"millet":"0","cumhur":"0","akp":"0","mhp":"0","hudapar":"0","vatan":"0","hdp":"0","iyi":"0","chp":"0","sp":"0","updated_at":"2018-06-24 23:32:24"}},{"id":"806","name":"DO\u011eAN\u015eAR","box_count":"32","open_box_count":"0","voter_count":"2554","total_valid_vote":"0","results":{"millet":"0","cumhur":"0","akp":"0","mhp":"0","hudapar":"0","vatan":"0","hdp":"0","iyi":"0","chp":"0","sp":"0","updated_at":"2018-06-24 23:32:24"}},{"id":"820","name":"G\u00d6LOVA","box_count":"33","open_box_count":"0","voter_count":"2713","total_valid_vote":"0","results":{"millet":"0","cumhur":"0","akp":"0","mhp":"0","hudapar":"0","vatan":"0","hdp":"0","iyi":"0","chp":"0","sp":"0","updated_at":"2018-06-24 23:32:24"}},{"id":"884","name":"ULA\u015e","box_count":"47","open_box_count":"8","voter_count":"6533","total_valid_vote":"583","results":{"millet":"0","cumhur":"13","akp":"307","mhp":"152","hudapar":"0","vatan":"1","hdp":"3","iyi":"30","chp":"88","sp":"2","updated_at":"2018-06-24 23:33:06"}}]],"winners":[{"firstname":"\u0130LKER","lastname":"\u0130PEK","party":"mhp","order":1},{"firstname":"ZEYNEL","lastname":"SARPDA\u011e","party":"vatan","order":2},{"firstname":"S\u0130NAN","lastname":"\u00d6ZT\u00dcRK","party":"chp","order":3},{"firstname":"M\u0130HR\u0130BAN","lastname":"GELD\u0130","party":"sp","order":4},{"firstname":"HAKKI","lastname":"AZARAK","party":"hdp","order":5}]}