{"id":"25","name":"ERZURUM","box_count":"2181","open_box_count":"486","voter_count":"493586","total_valid_vote":"100555","results":{"millet":"133","cumhur":"1582","akp":"57574","mhp":"20680","hudapar":"205","vatan":"126","hdp":"6696","iyi":"9201","chp":"3794","sp":"2075","updated_at":"2018-06-24 23:33:10"},"districts":[[{"id":"52","name":"A\u015eKALE","box_count":"99","open_box_count":"17","voter_count":"16052","total_valid_vote":"2758","results":{"millet":"2","cumhur":"58","akp":"1652","mhp":"716","hudapar":"0","vatan":"3","hdp":"9","iyi":"233","chp":"91","sp":"53","updated_at":"2018-06-24 23:32:29"}},{"id":"133","name":"\u00c7AT","box_count":"57","open_box_count":"13","voter_count":"11120","total_valid_vote":"2379","results":{"millet":"1","cumhur":"25","akp":"1348","mhp":"447","hudapar":"6","vatan":"5","hdp":"333","iyi":"77","chp":"143","sp":"20","updated_at":"2018-06-24 23:32:37"}},{"id":"289","name":"HINIS","box_count":"114","open_box_count":"16","voter_count":"16513","total_valid_vote":"2046","results":{"millet":"2","cumhur":"17","akp":"922","mhp":"113","hudapar":"8","vatan":"1","hdp":"800","iyi":"60","chp":"107","sp":"35","updated_at":"2018-06-24 23:32:46"}},{"id":"293","name":"HORASAN","box_count":"123","open_box_count":"35","voter_count":"23803","total_valid_vote":"4588","results":{"millet":"2","cumhur":"95","akp":"2916","mhp":"927","hudapar":"7","vatan":"10","hdp":"415","iyi":"203","chp":"70","sp":"39","updated_at":"2018-06-24 23:32:46"}},{"id":"313","name":"\u0130SP\u0130R","box_count":"122","open_box_count":"34","voter_count":"12918","total_valid_vote":"3438","results":{"millet":"1","cumhur":"35","akp":"2317","mhp":"556","hudapar":"7","vatan":"6","hdp":"15","iyi":"310","chp":"164","sp":"63","updated_at":"2018-06-24 23:32:48"}},{"id":"339","name":"KARAYAZI","box_count":"99","open_box_count":"5","voter_count":"16250","total_valid_vote":"499","results":{"millet":"0","cumhur":"1","akp":"220","mhp":"14","hudapar":"3","vatan":"1","hdp":"252","iyi":"3","chp":"5","sp":"1","updated_at":"2018-06-24 23:32:50"}},{"id":"433","name":"NARMAN","box_count":"57","open_box_count":"15","voter_count":"9463","total_valid_vote":"2256","results":{"millet":"2","cumhur":"57","akp":"1320","mhp":"535","hudapar":"3","vatan":"4","hdp":"9","iyi":"241","chp":"93","sp":"50","updated_at":"2018-06-24 23:32:56"}},{"id":"443","name":"OLTU","box_count":"122","open_box_count":"41","voter_count":"22395","total_valid_vote":"7508","results":{"millet":"10","cumhur":"143","akp":"4667","mhp":"1588","hudapar":"20","vatan":"15","hdp":"200","iyi":"518","chp":"304","sp":"196","updated_at":"2018-06-24 23:32:56"}},{"id":"444","name":"OLUR","box_count":"47","open_box_count":"3","voter_count":"5626","total_valid_vote":"127","results":{"millet":"0","cumhur":"1","akp":"91","mhp":"20","hudapar":"1","vatan":"1","hdp":"0","iyi":"9","chp":"5","sp":"0","updated_at":"2018-06-24 23:32:56"}},{"id":"460","name":"PAS\u0130NLER","box_count":"92","open_box_count":"9","voter_count":"18403","total_valid_vote":"1909","results":{"millet":"3","cumhur":"30","akp":"1019","mhp":"424","hudapar":"4","vatan":"3","hdp":"56","iyi":"295","chp":"72","sp":"36","updated_at":"2018-06-24 23:32:57"}},{"id":"550","name":"\u015eENKAYA","box_count":"88","open_box_count":"13","voter_count":"13512","total_valid_vote":"1385","results":{"millet":"1","cumhur":"18","akp":"745","mhp":"209","hudapar":"6","vatan":"3","hdp":"172","iyi":"50","chp":"179","sp":"21","updated_at":"2018-06-24 23:33:00"}},{"id":"567","name":"TEKMAN","box_count":"85","open_box_count":"8","voter_count":"15055","total_valid_vote":"1414","results":{"millet":"3","cumhur":"2","akp":"337","mhp":"44","hudapar":"10","vatan":"9","hdp":"934","iyi":"28","chp":"39","sp":"12","updated_at":"2018-06-24 23:33:00"}},{"id":"576","name":"TORTUM","box_count":"78","open_box_count":"20","voter_count":"11952","total_valid_vote":"2478","results":{"millet":"2","cumhur":"30","akp":"1779","mhp":"473","hudapar":"6","vatan":"4","hdp":"2","iyi":"127","chp":"39","sp":"47","updated_at":"2018-06-24 23:33:00"}},{"id":"705","name":"KARA\u00c7OBAN","box_count":"51","open_box_count":"3","voter_count":"12845","total_valid_vote":"523","results":{"millet":"0","cumhur":"2","akp":"50","mhp":"5","hudapar":"2","vatan":"1","hdp":"460","iyi":"1","chp":"2","sp":"2","updated_at":"2018-06-24 23:33:04"}},{"id":"744","name":"UZUNDERE","box_count":"27","open_box_count":"0","voter_count":"6645","total_valid_vote":"0","results":{"millet":"0","cumhur":"0","akp":"0","mhp":"0","hudapar":"0","vatan":"0","hdp":"0","iyi":"0","chp":"0","sp":"0","updated_at":"2018-06-24 23:32:24"}},{"id":"758","name":"PAZARYOLU","box_count":"46","open_box_count":"6","voter_count":"3422","total_valid_vote":"467","results":{"millet":"0","cumhur":"6","akp":"302","mhp":"89","hudapar":"0","vatan":"2","hdp":"2","iyi":"45","chp":"21","sp":"6","updated_at":"2018-06-24 23:33:05"}},{"id":"838","name":"AZ\u0130Z\u0130YE","box_count":"150","open_box_count":"28","voter_count":"38269","total_valid_vote":"6219","results":{"millet":"7","cumhur":"110","akp":"3848","mhp":"1512","hudapar":"6","vatan":"5","hdp":"105","iyi":"501","chp":"137","sp":"105","updated_at":"2018-06-24 23:33:05"}},{"id":"860","name":"K\u00d6PR\u00dcK\u00d6Y","box_count":"53","open_box_count":"11","voter_count":"9463","total_valid_vote":"1169","results":{"millet":"2","cumhur":"12","akp":"784","mhp":"149","hudapar":"1","vatan":"2","hdp":"105","iyi":"63","chp":"41","sp":"24","updated_at":"2018-06-24 23:33:06"}},{"id":"987","name":"PALAND\u00d6KEN","box_count":"323","open_box_count":"89","voter_count":"113170","total_valid_vote":"24135","results":{"millet":"36","cumhur":"401","akp":"13497","mhp":"5088","hudapar":"85","vatan":"18","hdp":"1502","iyi":"2502","chp":"821","sp":"530","updated_at":"2018-06-24 23:33:07"}},{"id":"988","name":"YAKUT\u0130YE","box_count":"348","open_box_count":"120","voter_count":"116710","total_valid_vote":"35257","results":{"millet":"59","cumhur":"539","akp":"19760","mhp":"7771","hudapar":"30","vatan":"33","hdp":"1325","iyi":"3935","chp":"1461","sp":"835","updated_at":"2018-06-24 23:33:07"}}]],"winners":[{"firstname":"H\u0130KMET","lastname":"CEYLAN","party":"vatan","order":1},{"firstname":"MURAT","lastname":"OZAN","party":"sp","order":2},{"firstname":"EY\u00dcP KEMAL","lastname":"OKAN","party":"vatan","order":3},{"firstname":"MEHMET KASIM","lastname":"FIRAT","party":"hdp","order":4},{"firstname":"NEB\u0130","lastname":"BOZABA","party":"hudapar","order":5},{"firstname":"CEMAL","lastname":"KARA","party":"hdp","order":6}]}