{"id":"7","name":"ANTALYA","box_count":"4998","open_box_count":"1972","voter_count":"1681336","total_valid_vote":"578542","results":{"millet":"1778","cumhur":"4947","akp":"198648","mhp":"61197","hudapar":"1172","vatan":"1351","hdp":"41482","iyi":"99749","chp":"167735","sp":"5445","updated_at":"2018-06-24 23:33:10"},"districts":[[{"id":"21","name":"AKSEK\u0130","box_count":"60","open_box_count":"18","voter_count":"9242","total_valid_vote":"1724","results":{"millet":"7","cumhur":"23","akp":"1011","mhp":"112","hudapar":"6","vatan":"2","hdp":"6","iyi":"176","chp":"374","sp":"21","updated_at":"2018-06-24 23:32:26"}},{"id":"26","name":"ALANYA","box_count":"612","open_box_count":"293","voter_count":"204844","total_valid_vote":"82553","results":{"millet":"216","cumhur":"770","akp":"31208","mhp":"11433","hudapar":"165","vatan":"226","hdp":"3936","iyi":"17020","chp":"17572","sp":"747","updated_at":"2018-06-24 23:32:27"}},{"id":"201","name":"ELMALI","box_count":"110","open_box_count":"29","voter_count":"29636","total_valid_vote":"7014","results":{"millet":"23","cumhur":"64","akp":"3069","mhp":"599","hudapar":"15","vatan":"16","hdp":"168","iyi":"1291","chp":"1768","sp":"78","updated_at":"2018-06-24 23:32:41"}},{"id":"231","name":"F\u0130N\u0130KE","box_count":"115","open_box_count":"35","voter_count":"36261","total_valid_vote":"9856","results":{"millet":"27","cumhur":"90","akp":"3656","mhp":"944","hudapar":"23","vatan":"30","hdp":"375","iyi":"1775","chp":"2958","sp":"74","updated_at":"2018-06-24 23:32:42"}},{"id":"234","name":"GAZ\u0130PA\u015eA","box_count":"129","open_box_count":"40","voter_count":"37887","total_valid_vote":"10711","results":{"millet":"35","cumhur":"65","akp":"3325","mhp":"904","hudapar":"19","vatan":"60","hdp":"352","iyi":"2012","chp":"3894","sp":"124","updated_at":"2018-06-24 23:32:42"}},{"id":"267","name":"G\u00dcNDO\u011eMU\u015e","box_count":"32","open_box_count":"0","voter_count":"6143","total_valid_vote":"0","results":{"millet":"0","cumhur":"0","akp":"0","mhp":"0","hudapar":"0","vatan":"0","hdp":"0","iyi":"0","chp":"0","sp":"0","updated_at":"2018-06-24 23:32:24"}},{"id":"346","name":"KA\u015e","box_count":"148","open_box_count":"42","voter_count":"43147","total_valid_vote":"10883","results":{"millet":"29","cumhur":"76","akp":"4664","mhp":"943","hudapar":"33","vatan":"34","hdp":"136","iyi":"2196","chp":"2652","sp":"71","updated_at":"2018-06-24 23:32:51"}},{"id":"376","name":"KORKUTEL\u0130","box_count":"143","open_box_count":"42","voter_count":"40912","total_valid_vote":"10729","results":{"millet":"19","cumhur":"96","akp":"5333","mhp":"1211","hudapar":"29","vatan":"27","hdp":"163","iyi":"1754","chp":"1811","sp":"388","updated_at":"2018-06-24 23:32:54"}},{"id":"385","name":"KUMLUCA","box_count":"156","open_box_count":"58","voter_count":"50549","total_valid_vote":"15963","results":{"millet":"38","cumhur":"131","akp":"6027","mhp":"1655","hudapar":"60","vatan":"27","hdp":"870","iyi":"2670","chp":"4487","sp":"139","updated_at":"2018-06-24 23:32:55"}},{"id":"405","name":"MANAVGAT","box_count":"484","open_box_count":"212","voter_count":"159121","total_valid_vote":"62853","results":{"millet":"179","cumhur":"591","akp":"20927","mhp":"8886","hudapar":"130","vatan":"104","hdp":"2951","iyi":"10582","chp":"18650","sp":"476","updated_at":"2018-06-24 23:32:55"}},{"id":"509","name":"SER\u0130K","box_count":"270","open_box_count":"91","voter_count":"87704","total_valid_vote":"25395","results":{"millet":"66","cumhur":"195","akp":"8974","mhp":"3004","hudapar":"72","vatan":"76","hdp":"431","iyi":"7073","chp":"5546","sp":"191","updated_at":"2018-06-24 23:32:58"}},{"id":"704","name":"DEMRE","box_count":"58","open_box_count":"19","voter_count":"19546","total_valid_vote":"5914","results":{"millet":"18","cumhur":"33","akp":"2618","mhp":"439","hudapar":"24","vatan":"21","hdp":"76","iyi":"1362","chp":"1180","sp":"161","updated_at":"2018-06-24 23:33:04"}},{"id":"839","name":"\u0130BRADI","box_count":"12","open_box_count":"0","voter_count":"2290","total_valid_vote":"0","results":{"millet":"0","cumhur":"0","akp":"0","mhp":"0","hudapar":"0","vatan":"0","hdp":"0","iyi":"0","chp":"0","sp":"0","updated_at":"2018-06-24 23:32:24"}},{"id":"852","name":"KEMER","box_count":"83","open_box_count":"20","voter_count":"28545","total_valid_vote":"6349","results":{"millet":"14","cumhur":"67","akp":"2386","mhp":"720","hudapar":"17","vatan":"6","hdp":"405","iyi":"997","chp":"1753","sp":"40","updated_at":"2018-06-24 23:33:05"}},{"id":"941","name":"KEPEZ","box_count":"1003","open_box_count":"400","voter_count":"362499","total_valid_vote":"123483","results":{"millet":"299","cumhur":"1292","akp":"47994","mhp":"13872","hudapar":"328","vatan":"201","hdp":"15774","iyi":"16343","chp":"27436","sp":"1087","updated_at":"2018-06-24 23:33:07"}},{"id":"942","name":"KONYAALTI","box_count":"328","open_box_count":"146","voter_count":"116814","total_valid_vote":"44742","results":{"millet":"204","cumhur":"279","akp":"10459","mhp":"3168","hudapar":"39","vatan":"125","hdp":"4033","iyi":"7085","chp":"19299","sp":"458","updated_at":"2018-06-24 23:33:07"}},{"id":"943","name":"MURATPA\u015eA","box_count":"980","open_box_count":"438","voter_count":"355248","total_valid_vote":"135295","results":{"millet":"543","cumhur":"922","akp":"36842","mhp":"10446","hudapar":"155","vatan":"334","hdp":"10261","iyi":"22153","chp":"53445","sp":"1173","updated_at":"2018-06-24 23:33:07"}},{"id":"984","name":"AKSU","box_count":"148","open_box_count":"48","voter_count":"48961","total_valid_vote":"12913","results":{"millet":"26","cumhur":"109","akp":"5266","mhp":"1434","hudapar":"46","vatan":"36","hdp":"487","iyi":"3280","chp":"2258","sp":"96","updated_at":"2018-06-24 23:33:07"}},{"id":"985","name":"D\u00d6\u015eEMEALTI","box_count":"127","open_box_count":"41","voter_count":"41987","total_valid_vote":"12165","results":{"millet":"35","cumhur":"144","akp":"4889","mhp":"1427","hudapar":"11","vatan":"26","hdp":"1058","iyi":"1980","chp":"2652","sp":"121","updated_at":"2018-06-24 23:33:07"}}]],"winners":[{"firstname":"\u015eERAFETT\u0130N","lastname":"\u015e\u0130M\u015eEK","party":"hudapar","order":1},{"firstname":"H\u00dcLYA","lastname":"HASBAY","party":"hdp","order":2},{"firstname":"\u015eENG\u00dcL","lastname":"YE\u015e\u0130LDAL","party":"chp","order":3},{"firstname":"AYDIN","lastname":"\u00d6ZER","party":"chp","order":4},{"firstname":"\u015eEVK\u0130","lastname":"YUMU\u015eAK","party":"hudapar","order":5},{"firstname":"AHMET","lastname":"\u00d6ZBAY","party":"vatan","order":6},{"firstname":"DEN\u0130Z","lastname":"YILDIRIM","party":"hdp","order":7},{"firstname":"O\u011eUZ","lastname":"\u00d6ZYAVUZ","party":"vatan","order":8},{"firstname":"KAM\u0130L","lastname":"KAYA","party":"","order":9},{"firstname":"B\u0130ROL","lastname":"R\u00dcSTEM","party":"iyi","order":10},{"firstname":"HA\u015eMET","lastname":"CENG\u0130ZLER","party":"","order":11},{"firstname":"AHMET SEL\u0130M","lastname":"YURDAKUL","party":"mhp","order":12},{"firstname":"\u0130ZZETT\u0130N","lastname":"C\u0130VAN","party":"","order":13},{"firstname":"RAFET","lastname":"ZEYBEK","party":"chp","order":14},{"firstname":"\u00d6NAL","lastname":"\u00c7AVU\u015eO\u011eLU","party":"iyi","order":15},{"firstname":"HAD\u0130","lastname":"C\u0130N","party":"hdp","order":16}]}