{"id":"64","name":"U\u015eAK","box_count":"893","open_box_count":"294","voter_count":"266493","total_valid_vote":"71676","results":{"millet":"171","cumhur":"625","akp":"32681","mhp":"8043","hudapar":"190","vatan":"244","hdp":"2115","iyi":"9133","chp":"18118","sp":"1062","updated_at":"2018-06-24 23:33:10"},"districts":[[{"id":"69","name":"BANAZ","box_count":"105","open_box_count":"22","voter_count":"28094","total_valid_vote":"4339","results":{"millet":"9","cumhur":"31","akp":"1983","mhp":"392","hudapar":"22","vatan":"21","hdp":"17","iyi":"526","chp":"1347","sp":"28","updated_at":"2018-06-24 23:32:31"}},{"id":"221","name":"E\u015eME","box_count":"120","open_box_count":"30","voter_count":"27918","total_valid_vote":"4529","results":{"millet":"15","cumhur":"24","akp":"2025","mhp":"273","hudapar":"32","vatan":"47","hdp":"48","iyi":"639","chp":"1432","sp":"30","updated_at":"2018-06-24 23:32:42"}},{"id":"331","name":"KARAHALLI","box_count":"31","open_box_count":"0","voter_count":"8491","total_valid_vote":"0","results":{"millet":"0","cumhur":"0","akp":"0","mhp":"0","hudapar":"0","vatan":"0","hdp":"0","iyi":"0","chp":"0","sp":"0","updated_at":"2018-06-24 23:32:24"}},{"id":"522","name":"S\u0130VASLI","box_count":"54","open_box_count":"8","voter_count":"15605","total_valid_vote":"1442","results":{"millet":"2","cumhur":"12","akp":"754","mhp":"146","hudapar":"7","vatan":"11","hdp":"11","iyi":"181","chp":"320","sp":"12","updated_at":"2018-06-24 23:32:59"}},{"id":"590","name":"ULUBEY","box_count":"47","open_box_count":"8","voter_count":"10595","total_valid_vote":"982","results":{"millet":"4","cumhur":"12","akp":"321","mhp":"83","hudapar":"9","vatan":"8","hdp":"8","iyi":"170","chp":"375","sp":"7","updated_at":"2018-06-24 23:33:01"}},{"id":"597","name":"U\u015eAK MERKEZ","box_count":"536","open_box_count":"226","voter_count":"175790","total_valid_vote":"60384","results":{"millet":"141","cumhur":"546","akp":"27598","mhp":"7149","hudapar":"120","vatan":"157","hdp":"2031","iyi":"7617","chp":"14644","sp":"985","updated_at":"2018-06-24 23:33:01"}}]],"winners":[{"firstname":"MUHAMMET FAT\u0130H","lastname":"ERDO\u011eAN","party":"mhp","order":1},{"firstname":"RAMAZAN YAVUZ","lastname":"ACAR","party":"sp","order":2},{"firstname":"\u00d6ZKAN","lastname":"YALIM","party":"chp","order":3}]}