{"id":"54","name":"SAKARYA","box_count":"2235","open_box_count":"735","voter_count":"705270","total_valid_vote":"209446","results":{"millet":"487","cumhur":"2561","akp":"121217","mhp":"29299","hudapar":"295","vatan":"385","hdp":"4039","iyi":"20559","chp":"28948","sp":"4284","updated_at":"2018-06-24 23:33:10"},"districts":[[{"id":"23","name":"AKYAZI","box_count":"202","open_box_count":"77","voter_count":"63513","total_valid_vote":"21655","results":{"millet":"17","cumhur":"291","akp":"15399","mhp":"2838","hudapar":"28","vatan":"40","hdp":"98","iyi":"1242","chp":"1598","sp":"402","updated_at":"2018-06-24 23:32:26"}},{"id":"248","name":"GEYVE","box_count":"144","open_box_count":"44","voter_count":"35671","total_valid_vote":"9158","results":{"millet":"19","cumhur":"83","akp":"5551","mhp":"1016","hudapar":"29","vatan":"36","hdp":"73","iyi":"1330","chp":"910","sp":"213","updated_at":"2018-06-24 23:32:43"}},{"id":"288","name":"HENDEK","box_count":"203","open_box_count":"54","voter_count":"58085","total_valid_vote":"14126","results":{"millet":"35","cumhur":"192","akp":"8221","mhp":"2434","hudapar":"25","vatan":"19","hdp":"326","iyi":"1575","chp":"1358","sp":"160","updated_at":"2018-06-24 23:32:46"}},{"id":"337","name":"KARASU","box_count":"145","open_box_count":"42","voter_count":"46447","total_valid_vote":"11720","results":{"millet":"29","cumhur":"162","akp":"6596","mhp":"1814","hudapar":"15","vatan":"32","hdp":"256","iyi":"978","chp":"1833","sp":"191","updated_at":"2018-06-24 23:32:50"}},{"id":"348","name":"KAYNARCA","box_count":"73","open_box_count":"20","voter_count":"17656","total_valid_vote":"4647","results":{"millet":"7","cumhur":"73","akp":"2927","mhp":"696","hudapar":"7","vatan":"6","hdp":"20","iyi":"370","chp":"537","sp":"78","updated_at":"2018-06-24 23:32:51"}},{"id":"488","name":"SAPANCA","box_count":"97","open_box_count":"20","voter_count":"29607","total_valid_vote":"5622","results":{"millet":"9","cumhur":"72","akp":"2863","mhp":"656","hudapar":"6","vatan":"12","hdp":"184","iyi":"492","chp":"1330","sp":"78","updated_at":"2018-06-24 23:32:58"}},{"id":"711","name":"KOCAAL\u0130","box_count":"63","open_box_count":"17","voter_count":"16665","total_valid_vote":"4180","results":{"millet":"6","cumhur":"25","akp":"2451","mhp":"664","hudapar":"8","vatan":"9","hdp":"82","iyi":"402","chp":"438","sp":"110","updated_at":"2018-06-24 23:33:04"}},{"id":"726","name":"PAMUKOVA","box_count":"78","open_box_count":"18","voter_count":"21363","total_valid_vote":"3513","results":{"millet":"5","cumhur":"43","akp":"2100","mhp":"378","hudapar":"5","vatan":"7","hdp":"19","iyi":"391","chp":"522","sp":"91","updated_at":"2018-06-24 23:33:04"}},{"id":"740","name":"TARAKLI","box_count":"28","open_box_count":"0","voter_count":"5195","total_valid_vote":"0","results":{"millet":"0","cumhur":"0","akp":"0","mhp":"0","hudapar":"0","vatan":"0","hdp":"0","iyi":"0","chp":"0","sp":"0","updated_at":"2018-06-24 23:32:24"}},{"id":"818","name":"FER\u0130ZL\u0130","box_count":"63","open_box_count":"22","voter_count":"18451","total_valid_vote":"5655","results":{"millet":"19","cumhur":"100","akp":"3336","mhp":"936","hudapar":"11","vatan":"13","hdp":"93","iyi":"534","chp":"636","sp":"96","updated_at":"2018-06-24 23:33:05"}},{"id":"848","name":"KARAP\u00dcR\u00c7EK","box_count":"29","open_box_count":"0","voter_count":"8988","total_valid_vote":"0","results":{"millet":"0","cumhur":"0","akp":"0","mhp":"0","hudapar":"0","vatan":"0","hdp":"0","iyi":"0","chp":"0","sp":"0","updated_at":"2018-06-24 23:32:24"}},{"id":"879","name":"S\u00d6\u011e\u00dcTL\u00dc","box_count":"40","open_box_count":"1","voter_count":"10882","total_valid_vote":"283","results":{"millet":"0","cumhur":"4","akp":"164","mhp":"38","hudapar":"1","vatan":"1","hdp":"0","iyi":"45","chp":"33","sp":"1","updated_at":"2018-06-24 23:33:06"}},{"id":"1004","name":"ADAPAZARI","box_count":"551","open_box_count":"258","voter_count":"192628","total_valid_vote":"80216","results":{"millet":"221","cumhur":"940","akp":"43025","mhp":"11041","hudapar":"93","vatan":"145","hdp":"1853","iyi":"8582","chp":"13353","sp":"1837","updated_at":"2018-06-24 23:33:08"}},{"id":"1005","name":"AR\u0130F\u0130YE","box_count":"91","open_box_count":"19","voter_count":"29476","total_valid_vote":"5873","results":{"millet":"15","cumhur":"86","akp":"3711","mhp":"902","hudapar":"5","vatan":"9","hdp":"159","iyi":"425","chp":"534","sp":"109","updated_at":"2018-06-24 23:33:08"}},{"id":"1006","name":"ERENLER","box_count":"178","open_box_count":"72","voter_count":"60970","total_valid_vote":"20897","results":{"millet":"42","cumhur":"240","akp":"12918","mhp":"2881","hudapar":"20","vatan":"22","hdp":"316","iyi":"1645","chp":"2621","sp":"425","updated_at":"2018-06-24 23:33:08"}},{"id":"1007","name":"SERD\u0130VAN","box_count":"250","open_box_count":"71","voter_count":"89673","total_valid_vote":"21901","results":{"millet":"63","cumhur":"250","akp":"11955","mhp":"3005","hudapar":"42","vatan":"34","hdp":"560","iyi":"2548","chp":"3245","sp":"493","updated_at":"2018-06-24 23:33:08"}}]],"winners":[{"firstname":"\u00c7\u0130\u011eDEM","lastname":"ERDO\u011eAN ATABEK","party":"akp","order":1},{"firstname":"L\u00dcTF\u0130","lastname":"BAYRAKTAR","party":"akp","order":2},{"firstname":"GAYE","lastname":"\u00c7ALI\u015eKAN","party":"hdp","order":3},{"firstname":"ZEYNEP","lastname":"ULUS\u0130NAN","party":"iyi","order":4},{"firstname":"ABDULKAD\u0130R Y\u00dcCEL","lastname":"\u00d6ZYAZGAN","party":"vatan","order":5},{"firstname":"HASAN","lastname":"BALABAN","party":"mhp","order":6},{"firstname":"ENG\u0130N","lastname":"\u00d6ZKO\u00c7","party":"chp","order":7}]}