{"id":"4","name":"A\u011eRI","box_count":"1103","open_box_count":"165","voter_count":"295475","total_valid_vote":"26300","results":{"millet":"15","cumhur":"116","akp":"8563","mhp":"725","hudapar":"162","vatan":"51","hdp":"15346","iyi":"452","chp":"739","sp":"203","updated_at":"2018-06-24 23:33:09"},"districts":[[{"id":"11","name":"A\u011eRI MERKEZ","box_count":"278","open_box_count":"46","voter_count":"84420","total_valid_vote":"9015","results":{"millet":"7","cumhur":"69","akp":"4023","mhp":"300","hudapar":"69","vatan":"17","hdp":"4044","iyi":"189","chp":"225","sp":"99","updated_at":"2018-06-24 23:32:25"}},{"id":"181","name":"D\u0130YAD\u0130N","box_count":"99","open_box_count":"15","voter_count":"22903","total_valid_vote":"2096","results":{"millet":"1","cumhur":"3","akp":"494","mhp":"30","hudapar":"6","vatan":"7","hdp":"1473","iyi":"22","chp":"38","sp":"21","updated_at":"2018-06-24 23:32:41"}},{"id":"185","name":"DO\u011eUBAYAZIT","box_count":"223","open_box_count":"33","voter_count":"66626","total_valid_vote":"5236","results":{"millet":"4","cumhur":"9","akp":"941","mhp":"153","hudapar":"38","vatan":"9","hdp":"3783","iyi":"104","chp":"186","sp":"18","updated_at":"2018-06-24 23:32:41"}},{"id":"199","name":"ELE\u015eK\u0130RT","box_count":"91","open_box_count":"19","voter_count":"20010","total_valid_vote":"2385","results":{"millet":"2","cumhur":"7","akp":"1203","mhp":"42","hudapar":"26","vatan":"5","hdp":"979","iyi":"44","chp":"59","sp":"27","updated_at":"2018-06-24 23:32:41"}},{"id":"276","name":"HAMUR","box_count":"50","open_box_count":"7","voter_count":"9613","total_valid_vote":"1036","results":{"millet":"0","cumhur":"2","akp":"387","mhp":"9","hudapar":"4","vatan":"2","hdp":"581","iyi":"8","chp":"42","sp":"3","updated_at":"2018-06-24 23:32:45"}},{"id":"461","name":"PATNOS","box_count":"226","open_box_count":"30","voter_count":"63387","total_valid_vote":"5052","results":{"millet":"1","cumhur":"8","akp":"986","mhp":"49","hudapar":"11","vatan":"7","hdp":"3777","iyi":"40","chp":"155","sp":"26","updated_at":"2018-06-24 23:32:57"}},{"id":"560","name":"TA\u015eLI\u00c7AY","box_count":"49","open_box_count":"4","voter_count":"11331","total_valid_vote":"372","results":{"millet":"0","cumhur":"7","akp":"112","mhp":"54","hudapar":"1","vatan":"1","hdp":"181","iyi":"8","chp":"11","sp":"4","updated_at":"2018-06-24 23:33:00"}},{"id":"584","name":"TUTAK","box_count":"87","open_box_count":"11","voter_count":"17185","total_valid_vote":"1108","results":{"millet":"0","cumhur":"11","akp":"417","mhp":"88","hudapar":"7","vatan":"3","hdp":"528","iyi":"37","chp":"23","sp":"5","updated_at":"2018-06-24 23:33:01"}}]],"winners":[{"firstname":"MEHMET SIDDIK","lastname":"YEL","party":"chp","order":1},{"firstname":"REYHAN","lastname":"DO\u011eANCI","party":"mhp","order":2},{"firstname":"FEHM\u0130","lastname":"ATMACA","party":"","order":3},{"firstname":"ADEM","lastname":"KILI\u00c7","party":"iyi","order":4}]}