{"id":"16","name":"BURSA","box_count":"6294","open_box_count":"2689","voter_count":"2147723","total_valid_vote":"825871","results":{"millet":"2325","cumhur":"8284","akp":"376570","mhp":"89320","hudapar":"2091","vatan":"2020","hdp":"41901","iyi":"107098","chp":"190831","sp":"14585","updated_at":"2018-06-24 23:33:11"},"districts":{"bir":[{"id":"329","name":"KARACABEY","box_count":"207","open_box_count":"85","voter_count":"62453","total_valid_vote":"23924","results":{"millet":"81","cumhur":"191","akp":"9538","mhp":"2287","hudapar":"57","vatan":"112","hdp":"1188","iyi":"4800","chp":"5464","sp":"451","updated_at":"2018-06-24 23:32:49"}},{"id":"428","name":"MUSTAFAKEMALPA\u015eA","box_count":"280","open_box_count":"140","voter_count":"77783","total_valid_vote":"36669","results":{"millet":"117","cumhur":"315","akp":"16110","mhp":"3310","hudapar":"89","vatan":"104","hdp":"795","iyi":"7137","chp":"7847","sp":"1236","updated_at":"2018-06-24 23:32:56"}},{"id":"446","name":"ORHANEL\u0130","box_count":"83","open_box_count":"20","voter_count":"15471","total_valid_vote":"3908","results":{"millet":"8","cumhur":"31","akp":"2006","mhp":"374","hudapar":"15","vatan":"20","hdp":"28","iyi":"689","chp":"614","sp":"160","updated_at":"2018-06-24 23:32:57"}},{"id":"676","name":"B\u00dcY\u00dcKORHAN","box_count":"49","open_box_count":"10","voter_count":"8053","total_valid_vote":"1302","results":{"millet":"1","cumhur":"12","akp":"1011","mhp":"97","hudapar":"2","vatan":"6","hdp":"13","iyi":"97","chp":"51","sp":"24","updated_at":"2018-06-24 23:33:03"}},{"id":"722","name":"N\u0130L\u00dcFER","box_count":"844","open_box_count":"416","voter_count":"305737","total_valid_vote":"135212","results":{"millet":"510","cumhur":"968","akp":"46232","mhp":"11663","hudapar":"129","vatan":"313","hdp":"6571","iyi":"21579","chp":"46526","sp":"2004","updated_at":"2018-06-24 23:33:04"}},{"id":"725","name":"OSMANGAZ\u0130","box_count":"1754","open_box_count":"885","voter_count":"631230","total_valid_vote":"278042","results":{"millet":"800","cumhur":"2995","akp":"130672","mhp":"30491","hudapar":"687","vatan":"658","hdp":"11947","iyi":"35874","chp":"63214","sp":"4112","updated_at":"2018-06-24 23:33:04"}}],"iki":[{"id":"240","name":"GEML\u0130K","box_count":"236","open_box_count":"97","voter_count":"82166","total_valid_vote":"29618","results":{"millet":"96","cumhur":"345","akp":"12312","mhp":"3679","hudapar":"116","vatan":"96","hdp":"1808","iyi":"3411","chp":"7498","sp":"666","updated_at":"2018-06-24 23:32:42"}},{"id":"308","name":"\u0130NEG\u00d6L","box_count":"546","open_box_count":"218","voter_count":"180497","total_valid_vote":"67101","results":{"millet":"106","cumhur":"757","akp":"39277","mhp":"7971","hudapar":"92","vatan":"153","hdp":"3373","iyi":"4609","chp":"9263","sp":"2052","updated_at":"2018-06-24 23:32:47"}},{"id":"315","name":"\u0130ZN\u0130K","box_count":"117","open_box_count":"38","voter_count":"33953","total_valid_vote":"9245","results":{"millet":"36","cumhur":"80","akp":"4427","mhp":"756","hudapar":"36","vatan":"40","hdp":"137","iyi":"1452","chp":"2184","sp":"213","updated_at":"2018-06-24 23:32:48"}},{"id":"351","name":"KELES","box_count":"47","open_box_count":"8","voter_count":"9943","total_valid_vote":"1482","results":{"millet":"1","cumhur":"19","akp":"908","mhp":"165","hudapar":"10","vatan":"5","hdp":"5","iyi":"221","chp":"142","sp":"26","updated_at":"2018-06-24 23:32:51"}},{"id":"423","name":"MUDANYA","box_count":"212","open_box_count":"87","voter_count":"72126","total_valid_vote":"26848","results":{"millet":"83","cumhur":"171","akp":"9066","mhp":"2072","hudapar":"41","vatan":"78","hdp":"1035","iyi":"4011","chp":"10224","sp":"275","updated_at":"2018-06-24 23:32:56"}},{"id":"447","name":"ORHANGAZ\u0130","box_count":"181","open_box_count":"74","voter_count":"59365","total_valid_vote":"21250","results":{"millet":"70","cumhur":"157","akp":"8427","mhp":"2338","hudapar":"51","vatan":"88","hdp":"488","iyi":"3422","chp":"6025","sp":"360","updated_at":"2018-06-24 23:32:57"}},{"id":"618","name":"YEN\u0130\u015eEH\u0130R","box_count":"146","open_box_count":"48","voter_count":"40452","total_valid_vote":"12714","results":{"millet":"32","cumhur":"106","akp":"5306","mhp":"1669","hudapar":"26","vatan":"33","hdp":"654","iyi":"1883","chp":"2877","sp":"238","updated_at":"2018-06-24 23:33:02"}},{"id":"692","name":"HARMANCIK","box_count":"41","open_box_count":"2","voter_count":"5350","total_valid_vote":"181","results":{"millet":"0","cumhur":"1","akp":"108","mhp":"23","hudapar":"2","vatan":"3","hdp":"0","iyi":"9","chp":"34","sp":"2","updated_at":"2018-06-24 23:33:03"}},{"id":"752","name":"YILDIRIM","box_count":"1252","open_box_count":"472","voter_count":"460007","total_valid_vote":"150921","results":{"millet":"331","cumhur":"1756","akp":"77075","mhp":"18175","hudapar":"602","vatan":"274","hdp":"11997","iyi":"15337","chp":"24882","sp":"2265","updated_at":"2018-06-24 23:33:05"}},{"id":"828","name":"G\u00dcRSU","box_count":"160","open_box_count":"53","voter_count":"57521","total_valid_vote":"16654","results":{"millet":"24","cumhur":"276","akp":"9072","mhp":"2808","hudapar":"121","vatan":"23","hdp":"1091","iyi":"1427","chp":"1813","sp":"283","updated_at":"2018-06-24 23:33:05"}},{"id":"853","name":"KESTEL","box_count":"139","open_box_count":"36","voter_count":"45616","total_valid_vote":"10800","results":{"millet":"29","cumhur":"104","akp":"5023","mhp":"1442","hudapar":"15","vatan":"14","hdp":"771","iyi":"1140","chp":"2173","sp":"218","updated_at":"2018-06-24 23:33:05"}}]},"winners":[{"firstname":"AHMET","lastname":"YEL\u0130S","party":"akp","order":1},{"firstname":"MEHMET","lastname":"ATMACA","party":"sp","order":2},{"firstname":"V\u0130LDAN","lastname":"YILMAZ G\u00dcREL","party":"akp","order":3},{"firstname":"FERHAT","lastname":"YILDIZ","party":"vatan","order":4},{"firstname":"MEL\u0130K","lastname":"TA\u015eKIN","party":"hudapar","order":5},{"firstname":"G\u00dcRKAN","lastname":"ESEN","party":"chp","order":6},{"firstname":"MUHAMMED","lastname":"ERDO\u011eAN","party":"akp","order":7},{"firstname":"\u0130SMET","lastname":"B\u00dcY\u00dcKATAMAN","party":"mhp","order":8},{"firstname":"NECAT\u0130","lastname":"\u00c7EL\u0130K","party":"mhp","order":9},{"firstname":"SAMET","lastname":"KARGALI","party":"hdp","order":10},{"firstname":"AYTA\u00c7","lastname":"\u015eAH\u0130N","party":"chp","order":11},{"firstname":"N\u00dcFER","lastname":"OCAKLI","party":"hdp","order":12},{"firstname":"CUMA","lastname":"\u00c7\u0130MEN","party":"vatan","order":13},{"firstname":"HAYAT\u0130","lastname":"BED\u0130R","party":"mhp","order":14},{"firstname":"MUSTAFA H\u0130DAYET","lastname":"VAHAPO\u011eLU","party":"mhp","order":15},{"firstname":"MUSTAFA","lastname":"ESG\u0130N","party":"akp","order":16},{"firstname":"ABDULLAH","lastname":"TA\u015e","party":"hudapar","order":17},{"firstname":"H\u00dcSEY\u0130N","lastname":"KURUR","party":"vatan","order":18},{"firstname":"ERKAN","lastname":"AYDIN","party":"chp","order":19},{"firstname":"HAMZA","lastname":"AYG\u00dcN","party":"sp","order":20}]}