{"id":"65","name":"VAN","box_count":"2042","open_box_count":"259","voter_count":"637867","total_valid_vote":"66899","results":{"millet":"25","cumhur":"239","akp":"22394","mhp":"2369","hudapar":"709","vatan":"399","hdp":"37625","iyi":"982","chp":"1669","sp":"616","updated_at":"2018-06-24 23:33:11"},"districts":[[{"id":"74","name":"BA\u015eKALE","box_count":"102","open_box_count":"9","voter_count":"27749","total_valid_vote":"2075","results":{"millet":"0","cumhur":"3","akp":"366","mhp":"66","hudapar":"14","vatan":"4","hdp":"1510","iyi":"31","chp":"77","sp":"6","updated_at":"2018-06-24 23:32:31"}},{"id":"134","name":"\u00c7ATAK","box_count":"48","open_box_count":"5","voter_count":"11662","total_valid_vote":"813","results":{"millet":"1","cumhur":"1","akp":"299","mhp":"33","hudapar":"3","vatan":"3","hdp":"394","iyi":"11","chp":"33","sp":"35","updated_at":"2018-06-24 23:32:37"}},{"id":"207","name":"ERC\u0130\u015e","box_count":"310","open_box_count":"32","voter_count":"97595","total_valid_vote":"8215","results":{"millet":"7","cumhur":"56","akp":"3946","mhp":"606","hudapar":"53","vatan":"7","hdp":"3004","iyi":"255","chp":"264","sp":"78","updated_at":"2018-06-24 23:32:42"}},{"id":"247","name":"GEVA\u015e","box_count":"67","open_box_count":"8","voter_count":"17662","total_valid_vote":"1945","results":{"millet":"1","cumhur":"8","akp":"727","mhp":"58","hudapar":"14","vatan":"6","hdp":"1005","iyi":"33","chp":"53","sp":"48","updated_at":"2018-06-24 23:32:43"}},{"id":"269","name":"G\u00dcRPINAR","box_count":"83","open_box_count":"9","voter_count":"20678","total_valid_vote":"1439","results":{"millet":"1","cumhur":"6","akp":"527","mhp":"33","hudapar":"13","vatan":"6","hdp":"811","iyi":"10","chp":"31","sp":"8","updated_at":"2018-06-24 23:32:44"}},{"id":"426","name":"MURAD\u0130YE","box_count":"102","open_box_count":"8","voter_count":"27446","total_valid_vote":"1686","results":{"millet":"2","cumhur":"6","akp":"514","mhp":"19","hudapar":"20","vatan":"4","hdp":"1074","iyi":"19","chp":"20","sp":"17","updated_at":"2018-06-24 23:32:56"}},{"id":"458","name":"\u00d6ZALP","box_count":"118","open_box_count":"18","voter_count":"35221","total_valid_vote":"4029","results":{"millet":"2","cumhur":"5","akp":"387","mhp":"65","hudapar":"11","vatan":"12","hdp":"3449","iyi":"24","chp":"65","sp":"12","updated_at":"2018-06-24 23:32:57"}},{"id":"663","name":"BAH\u00c7ESARAY","box_count":"33","open_box_count":"0","voter_count":"7746","total_valid_vote":"0","results":{"millet":"0","cumhur":"0","akp":"0","mhp":"0","hudapar":"0","vatan":"0","hdp":"0","iyi":"0","chp":"0","sp":"0","updated_at":"2018-06-24 23:32:24"}},{"id":"679","name":"\u00c7ALDIRAN","box_count":"123","open_box_count":"10","voter_count":"32174","total_valid_vote":"1612","results":{"millet":"0","cumhur":"3","akp":"142","mhp":"22","hudapar":"6","vatan":"1","hdp":"1389","iyi":"20","chp":"22","sp":"10","updated_at":"2018-06-24 23:33:03"}},{"id":"811","name":"EDREM\u0130T","box_count":"223","open_box_count":"38","voter_count":"75697","total_valid_vote":"10611","results":{"millet":"3","cumhur":"19","akp":"3173","mhp":"348","hudapar":"69","vatan":"9","hdp":"6493","iyi":"175","chp":"217","sp":"89","updated_at":"2018-06-24 23:33:05"}},{"id":"873","name":"SARAY","box_count":"41","open_box_count":"0","voter_count":"11651","total_valid_vote":"0","results":{"millet":"0","cumhur":"0","akp":"0","mhp":"0","hudapar":"0","vatan":"0","hdp":"0","iyi":"0","chp":"0","sp":"0","updated_at":"2018-06-24 23:32:24"}},{"id":"1041","name":"TU\u015eBA","box_count":"270","open_box_count":"45","voter_count":"87062","total_valid_vote":"11603","results":{"millet":"1","cumhur":"40","akp":"3253","mhp":"348","hudapar":"253","vatan":"118","hdp":"7170","iyi":"112","chp":"247","sp":"65","updated_at":"2018-06-24 23:33:08"}},{"id":"1042","name":"\u0130PEKYOLU","box_count":"522","open_box_count":"77","voter_count":"185524","total_valid_vote":"22871","results":{"millet":"7","cumhur":"92","akp":"9060","mhp":"771","hudapar":"253","vatan":"229","hdp":"11326","iyi":"292","chp":"640","sp":"248","updated_at":"2018-06-24 23:33:08"}}]],"winners":[{"firstname":"G\u00dcL\u015eEN","lastname":"ORHAN","party":"akp","order":1},{"firstname":"SIDIKA","lastname":"EB\u0130N\u00c7","party":"sp","order":2},{"firstname":"ABDULMENAF","lastname":"KIRAN","party":"","order":3},{"firstname":"OSMAN NUR\u0130","lastname":"G\u00dcLA\u00c7AR","party":"akp","order":4},{"firstname":"MEHMET EM\u0130N","lastname":"EK\u0130NC\u0130","party":"hudapar","order":5},{"firstname":"SEL\u0130M","lastname":"S\u0130V\u0130","party":"hudapar","order":6},{"firstname":"NURETT\u0130N","lastname":"KERETA\u015e","party":"mhp","order":7},{"firstname":"ALPARSLAN","lastname":"DEN\u0130Z","party":"iyi","order":8}]}