{"id":"42","name":"KONYA","box_count":"4693","open_box_count":"1797","voter_count":"1503411","total_valid_vote":"526679","results":{"millet":"798","cumhur":"5716","akp":"314965","mhp":"81167","hudapar":"1030","vatan":"697","hdp":"18792","iyi":"46372","chp":"49875","sp":"13163","updated_at":"2018-06-24 23:33:10"},"districts":[[{"id":"22","name":"AK\u015eEH\u0130R","box_count":"222","open_box_count":"72","voter_count":"70004","total_valid_vote":"18725","results":{"millet":"54","cumhur":"204","akp":"8656","mhp":"2638","hudapar":"40","vatan":"56","hdp":"377","iyi":"3023","chp":"3648","sp":"269","updated_at":"2018-06-24 23:32:26"}},{"id":"87","name":"BEY\u015eEH\u0130R","box_count":"183","open_box_count":"51","voter_count":"53130","total_valid_vote":"11746","results":{"millet":"12","cumhur":"159","akp":"6728","mhp":"1970","hudapar":"19","vatan":"25","hdp":"49","iyi":"1795","chp":"962","sp":"195","updated_at":"2018-06-24 23:32:33"}},{"id":"106","name":"BOZKIR","box_count":"87","open_box_count":"20","voter_count":"19540","total_valid_vote":"3514","results":{"millet":"2","cumhur":"55","akp":"2329","mhp":"831","hudapar":"8","vatan":"9","hdp":"8","iyi":"210","chp":"72","sp":"42","updated_at":"2018-06-24 23:32:34"}},{"id":"120","name":"C\u0130HANBEYL\u0130","box_count":"126","open_box_count":"37","voter_count":"36705","total_valid_vote":"8051","results":{"millet":"4","cumhur":"42","akp":"3477","mhp":"733","hudapar":"37","vatan":"10","hdp":"3043","iyi":"266","chp":"383","sp":"57","updated_at":"2018-06-24 23:32:36"}},{"id":"160","name":"\u00c7UMRA","box_count":"151","open_box_count":"44","voter_count":"46009","total_valid_vote":"12842","results":{"millet":"8","cumhur":"171","akp":"7661","mhp":"2954","hudapar":"27","vatan":"14","hdp":"85","iyi":"1190","chp":"668","sp":"243","updated_at":"2018-06-24 23:32:39"}},{"id":"183","name":"DO\u011eANH\u0130SAR","box_count":"47","open_box_count":"8","voter_count":"13255","total_valid_vote":"1561","results":{"millet":"5","cumhur":"28","akp":"993","mhp":"175","hudapar":"6","vatan":"7","hdp":"8","iyi":"171","chp":"167","sp":"33","updated_at":"2018-06-24 23:32:41"}},{"id":"210","name":"ERE\u011eL\u0130","box_count":"320","open_box_count":"151","voter_count":"102705","total_valid_vote":"42364","results":{"millet":"101","cumhur":"479","akp":"15063","mhp":"7717","hudapar":"71","vatan":"84","hdp":"2402","iyi":"5640","chp":"10719","sp":"636","updated_at":"2018-06-24 23:32:42"}},{"id":"272","name":"HAD\u0130M","box_count":"46","open_box_count":"7","voter_count":"9019","total_valid_vote":"1145","results":{"millet":"0","cumhur":"6","akp":"671","mhp":"180","hudapar":"1","vatan":"2","hdp":"10","iyi":"153","chp":"104","sp":"23","updated_at":"2018-06-24 23:32:45"}},{"id":"297","name":"ILGIN","box_count":"141","open_box_count":"36","voter_count":"41114","total_valid_vote":"8161","results":{"millet":"13","cumhur":"105","akp":"3781","mhp":"1889","hudapar":"25","vatan":"21","hdp":"106","iyi":"1098","chp":"1073","sp":"156","updated_at":"2018-06-24 23:32:46"}},{"id":"317","name":"KADINHANI","box_count":"91","open_box_count":"19","voter_count":"21871","total_valid_vote":"3514","results":{"millet":"3","cumhur":"37","akp":"2167","mhp":"931","hudapar":"4","vatan":"3","hdp":"3","iyi":"167","chp":"164","sp":"75","updated_at":"2018-06-24 23:32:48"}},{"id":"336","name":"KARAPINAR","box_count":"112","open_box_count":"31","voter_count":"33768","total_valid_vote":"7398","results":{"millet":"6","cumhur":"92","akp":"4213","mhp":"1328","hudapar":"10","vatan":"9","hdp":"37","iyi":"587","chp":"1036","sp":"174","updated_at":"2018-06-24 23:32:50"}},{"id":"384","name":"KULU","box_count":"120","open_box_count":"31","voter_count":"34782","total_valid_vote":"6319","results":{"millet":"9","cumhur":"53","akp":"3371","mhp":"624","hudapar":"12","vatan":"7","hdp":"1673","iyi":"215","chp":"294","sp":"122","updated_at":"2018-06-24 23:32:55"}},{"id":"491","name":"SARAY\u00d6N\u00dc","box_count":"67","open_box_count":"20","voter_count":"19048","total_valid_vote":"5972","results":{"millet":"3","cumhur":"31","akp":"4602","mhp":"713","hudapar":"4","vatan":"1","hdp":"33","iyi":"257","chp":"105","sp":"256","updated_at":"2018-06-24 23:32:58"}},{"id":"510","name":"SEYD\u0130\u015eEH\u0130R","box_count":"163","open_box_count":"52","voter_count":"48103","total_valid_vote":"13330","results":{"millet":"41","cumhur":"180","akp":"6703","mhp":"1725","hudapar":"23","vatan":"29","hdp":"170","iyi":"1824","chp":"2447","sp":"398","updated_at":"2018-06-24 23:32:58"}},{"id":"628","name":"YUNAK","box_count":"71","open_box_count":"5","voter_count":"16282","total_valid_vote":"735","results":{"millet":"0","cumhur":"6","akp":"459","mhp":"104","hudapar":"1","vatan":"1","hdp":"33","iyi":"67","chp":"63","sp":"7","updated_at":"2018-06-24 23:33:02"}},{"id":"646","name":"AK\u00d6REN","box_count":"19","open_box_count":"0","voter_count":"4300","total_valid_vote":"0","results":{"millet":"0","cumhur":"0","akp":"0","mhp":"0","hudapar":"0","vatan":"0","hdp":"0","iyi":"0","chp":"0","sp":"0","updated_at":"2018-06-24 16:53:16"}},{"id":"653","name":"ALTINEK\u0130N","box_count":"44","open_box_count":"4","voter_count":"9707","total_valid_vote":"555","results":{"millet":"0","cumhur":"4","akp":"373","mhp":"110","hudapar":"1","vatan":"2","hdp":"0","iyi":"32","chp":"26","sp":"11","updated_at":"2018-06-24 23:33:03"}},{"id":"682","name":"DEREBUCAK","box_count":"21","open_box_count":"0","voter_count":"5093","total_valid_vote":"0","results":{"millet":"0","cumhur":"0","akp":"0","mhp":"0","hudapar":"0","vatan":"0","hdp":"0","iyi":"0","chp":"0","sp":"0","updated_at":"2018-06-24 23:32:24"}},{"id":"697","name":"H\u00dcY\u00dcK","box_count":"44","open_box_count":"5","voter_count":"12670","total_valid_vote":"1256","results":{"millet":"2","cumhur":"11","akp":"646","mhp":"140","hudapar":"1","vatan":"5","hdp":"10","iyi":"234","chp":"199","sp":"21","updated_at":"2018-06-24 23:33:03"}},{"id":"707","name":"KARATAY","box_count":"592","open_box_count":"258","voter_count":"206841","total_valid_vote":"81334","results":{"millet":"74","cumhur":"889","akp":"57326","mhp":"11806","hudapar":"352","vatan":"63","hdp":"2951","iyi":"3693","chp":"2934","sp":"2137","updated_at":"2018-06-24 23:33:04"}},{"id":"720","name":"MERAM","box_count":"674","open_box_count":"380","voter_count":"231848","total_valid_vote":"117111","results":{"millet":"156","cumhur":"1256","akp":"77858","mhp":"16051","hudapar":"141","vatan":"136","hdp":"1866","iyi":"8946","chp":"8679","sp":"3263","updated_at":"2018-06-24 23:33:04"}},{"id":"732","name":"SEL\u00c7UKLU","box_count":"1175","open_box_count":"566","voter_count":"426683","total_valid_vote":"181046","results":{"millet":"305","cumhur":"1908","akp":"107888","mhp":"28548","hudapar":"247","vatan":"213","hdp":"5928","iyi":"16804","chp":"16132","sp":"5045","updated_at":"2018-06-24 23:33:04"}},{"id":"741","name":"TA\u015eKENT","box_count":"18","open_box_count":"0","voter_count":"4512","total_valid_vote":"0","results":{"millet":"0","cumhur":"0","akp":"0","mhp":"0","hudapar":"0","vatan":"0","hdp":"0","iyi":"0","chp":"0","sp":"0","updated_at":"2018-06-24 23:32:24"}},{"id":"761","name":"AHIRLI","box_count":"19","open_box_count":"0","voter_count":"3592","total_valid_vote":"0","results":{"millet":"0","cumhur":"0","akp":"0","mhp":"0","hudapar":"0","vatan":"0","hdp":"0","iyi":"0","chp":"0","sp":"0","updated_at":"2018-06-24 23:32:24"}},{"id":"795","name":"\u00c7ELT\u0130K","box_count":"25","open_box_count":"0","voter_count":"7131","total_valid_vote":"0","results":{"millet":"0","cumhur":"0","akp":"0","mhp":"0","hudapar":"0","vatan":"0","hdp":"0","iyi":"0","chp":"0","sp":"0","updated_at":"2018-06-24 23:32:24"}},{"id":"800","name":"DERBENT","box_count":"16","open_box_count":"0","voter_count":"3303","total_valid_vote":"0","results":{"millet":"0","cumhur":"0","akp":"0","mhp":"0","hudapar":"0","vatan":"0","hdp":"0","iyi":"0","chp":"0","sp":"0","updated_at":"2018-06-24 23:32:24"}},{"id":"813","name":"EM\u0130RGAZ\u0130","box_count":"24","open_box_count":"0","voter_count":"5781","total_valid_vote":"0","results":{"millet":"0","cumhur":"0","akp":"0","mhp":"0","hudapar":"0","vatan":"0","hdp":"0","iyi":"0","chp":"0","sp":"0","updated_at":"2018-06-24 23:32:24"}},{"id":"826","name":"G\u00dcNEYSINIR","box_count":"27","open_box_count":"0","voter_count":"6756","total_valid_vote":"0","results":{"millet":"0","cumhur":"0","akp":"0","mhp":"0","hudapar":"0","vatan":"0","hdp":"0","iyi":"0","chp":"0","sp":"0","updated_at":"2018-06-24 23:32:24"}},{"id":"830","name":"HALKAPINAR","box_count":"19","open_box_count":"0","voter_count":"3279","total_valid_vote":"0","results":{"millet":"0","cumhur":"0","akp":"0","mhp":"0","hudapar":"0","vatan":"0","hdp":"0","iyi":"0","chp":"0","sp":"0","updated_at":"2018-06-24 23:32:24"}},{"id":"883","name":"TUZLUK\u00c7U","box_count":"23","open_box_count":"0","voter_count":"5241","total_valid_vote":"0","results":{"millet":"0","cumhur":"0","akp":"0","mhp":"0","hudapar":"0","vatan":"0","hdp":"0","iyi":"0","chp":"0","sp":"0","updated_at":"2018-06-24 23:32:24"}},{"id":"887","name":"YALIH\u00dcY\u00dcK","box_count":"6","open_box_count":"0","voter_count":"1339","total_valid_vote":"0","results":{"millet":"0","cumhur":"0","akp":"0","mhp":"0","hudapar":"0","vatan":"0","hdp":"0","iyi":"0","chp":"0","sp":"0","updated_at":"2018-06-24 18:32:56"}}]],"winners":[{"firstname":"YA\u015eAR","lastname":"D\u0130YARBEK\u0130RL\u0130O\u011eLU","party":"vatan","order":1},{"firstname":"ED\u0130P","lastname":"YILMAZ","party":"hudapar","order":2},{"firstname":"\u0130SMA\u0130L","lastname":"AYD\u0130LEK","party":"sp","order":3},{"firstname":"NAZAN","lastname":"KAYA","party":"iyi","order":4},{"firstname":"GIYASETT\u0130N","lastname":"ALMAZ","party":"hdp","order":5},{"firstname":"FAHR\u0130","lastname":"YAL\u00c7IN","party":"hdp","order":6},{"firstname":"MET\u0130N","lastname":"\u00d6ZARAS","party":"hudapar","order":7},{"firstname":"T\u00dcRKER","lastname":"AYDO\u011eDU","party":"mhp","order":8},{"firstname":"HACI AHMET","lastname":"\u00d6ZDEM\u0130R","party":"akp","order":9},{"firstname":"S\u0130NAN","lastname":"TOPRAK","party":"sp","order":10},{"firstname":"\u015eAK\u0130R","lastname":"BERBER","party":"iyi","order":11},{"firstname":"ORHAN","lastname":"ERDEM","party":"akp","order":12},{"firstname":"KAZIM","lastname":"KO\u00c7ER","party":"vatan","order":13},{"firstname":"MUSTAFA","lastname":"AYG\u00dcN","party":"mhp","order":14},{"firstname":"AHMET","lastname":"B\u00dcY\u00dcKTERM\u0130YEC\u0130","party":"sp","order":15}]}