{"id":"1","name":"ADANA","box_count":"4533","open_box_count":"2225","voter_count":"1524922","total_valid_vote":"641547","results":{"millet":"1323","cumhur":"5528","akp":"221109","mhp":"75331","hudapar":"3673","vatan":"1327","hdp":"89504","iyi":"77309","chp":"164805","sp":"7195","updated_at":"2018-06-24 23:33:09"},"districts":[[{"id":"4","name":"SEYHAN","box_count":"1509","open_box_count":"821","voter_count":"544445","total_valid_vote":"245340","results":{"millet":"465","cumhur":"1924","akp":"79109","mhp":"22512","hudapar":"1337","vatan":"565","hdp":"49247","iyi":"21756","chp":"67700","sp":"2677","updated_at":"2018-06-24 23:32:25"}},{"id":"117","name":"CEYHAN","box_count":"353","open_box_count":"177","voter_count":"110714","total_valid_vote":"47216","results":{"millet":"94","cumhur":"424","akp":"15069","mhp":"7490","hudapar":"173","vatan":"93","hdp":"6098","iyi":"6568","chp":"11305","sp":"390","updated_at":"2018-06-24 23:32:35"}},{"id":"227","name":"FEKE","box_count":"62","open_box_count":"16","voter_count":"12564","total_valid_vote":"2904","results":{"millet":"5","cumhur":"31","akp":"1794","mhp":"350","hudapar":"12","vatan":"13","hdp":"6","iyi":"384","chp":"312","sp":"28","updated_at":"2018-06-24 23:32:42"}},{"id":"332","name":"KARA\u0130SALI","box_count":"79","open_box_count":"19","voter_count":"16041","total_valid_vote":"3467","results":{"millet":"3","cumhur":"46","akp":"2011","mhp":"596","hudapar":"13","vatan":"5","hdp":"19","iyi":"439","chp":"338","sp":"46","updated_at":"2018-06-24 23:32:49"}},{"id":"338","name":"KARATA\u015e","box_count":"70","open_box_count":"20","voter_count":"16151","total_valid_vote":"3149","results":{"millet":"3","cumhur":"36","akp":"1151","mhp":"595","hudapar":"7","vatan":"3","hdp":"230","iyi":"402","chp":"745","sp":"16","updated_at":"2018-06-24 23:32:50"}},{"id":"379","name":"KOZAN","box_count":"304","open_box_count":"156","voter_count":"92315","total_valid_vote":"41025","results":{"millet":"73","cumhur":"472","akp":"19391","mhp":"6624","hudapar":"273","vatan":"92","hdp":"569","iyi":"7657","chp":"5695","sp":"601","updated_at":"2018-06-24 23:32:54"}},{"id":"473","name":"POZANTI","box_count":"50","open_box_count":"12","voter_count":"14503","total_valid_vote":"3362","results":{"millet":"5","cumhur":"22","akp":"1513","mhp":"465","hudapar":"4","vatan":"3","hdp":"126","iyi":"379","chp":"793","sp":"79","updated_at":"2018-06-24 23:32:57"}},{"id":"481","name":"SA\u0130MBEYL\u0130","box_count":"45","open_box_count":"6","voter_count":"10942","total_valid_vote":"1167","results":{"millet":"1","cumhur":"28","akp":"563","mhp":"307","hudapar":"4","vatan":"3","hdp":"13","iyi":"147","chp":"124","sp":"6","updated_at":"2018-06-24 23:32:58"}},{"id":"580","name":"TUFANBEYL\u0130","box_count":"59","open_box_count":"20","voter_count":"12755","total_valid_vote":"3315","results":{"millet":"2","cumhur":"53","akp":"1384","mhp":"849","hudapar":"23","vatan":"15","hdp":"41","iyi":"334","chp":"603","sp":"65","updated_at":"2018-06-24 23:33:01"}},{"id":"627","name":"YUMURTALIK","box_count":"47","open_box_count":"8","voter_count":"13108","total_valid_vote":"2051","results":{"millet":"6","cumhur":"6","akp":"481","mhp":"208","hudapar":"5","vatan":"5","hdp":"204","iyi":"335","chp":"803","sp":"10","updated_at":"2018-06-24 23:33:02"}},{"id":"641","name":"Y\u00dcRE\u011e\u0130R","box_count":"787","open_box_count":"426","voter_count":"275514","total_valid_vote":"121388","results":{"millet":"242","cumhur":"1037","akp":"49118","mhp":"12539","hudapar":"1541","vatan":"234","hdp":"21588","iyi":"11002","chp":"23638","sp":"1294","updated_at":"2018-06-24 23:33:02"}},{"id":"650","name":"ALADA\u011e","box_count":"50","open_box_count":"11","voter_count":"12018","total_valid_vote":"2189","results":{"millet":"2","cumhur":"19","akp":"1037","mhp":"368","hudapar":"8","vatan":"8","hdp":"19","iyi":"307","chp":"403","sp":"26","updated_at":"2018-06-24 23:33:03"}},{"id":"699","name":"\u0130MAMO\u011eLU","box_count":"66","open_box_count":"20","voter_count":"20256","total_valid_vote":"4619","results":{"millet":"9","cumhur":"54","akp":"2170","mhp":"717","hudapar":"5","vatan":"8","hdp":"73","iyi":"635","chp":"933","sp":"74","updated_at":"2018-06-24 23:33:03"}},{"id":"981","name":"SARI\u00c7AM","box_count":"316","open_box_count":"161","voter_count":"106808","total_valid_vote":"47029","results":{"millet":"90","cumhur":"627","akp":"19391","mhp":"10047","hudapar":"119","vatan":"58","hdp":"2099","iyi":"7417","chp":"7369","sp":"434","updated_at":"2018-06-24 23:33:07"}},{"id":"982","name":"\u00c7UKUROVA","box_count":"736","open_box_count":"352","voter_count":"266788","total_valid_vote":"113326","results":{"millet":"323","cumhur":"749","akp":"26927","mhp":"11664","hudapar":"149","vatan":"222","hdp":"9172","iyi":"19547","chp":"44044","sp":"1449","updated_at":"2018-06-24 23:33:07"}}]],"winners":[{"firstname":"ABDULLAH","lastname":"KAYA","party":"sp","order":1},{"firstname":"HASAN","lastname":"\u00c7ALI\u015e","party":"mhp","order":2},{"firstname":"VEDAT","lastname":"TURGUT","party":"hudapar","order":3},{"firstname":"CAH\u0130T","lastname":"\u00d6ZTOK","party":"mhp","order":4},{"firstname":"AY\u015eE S\u0130BEL","lastname":"ERSOY","party":"mhp","order":5},{"firstname":"S\u0130NEM","lastname":"ULUDAMAR","party":"iyi","order":6},{"firstname":"CEM\u0130LE","lastname":"TAY","party":"hdp","order":7},{"firstname":"J\u00dcL\u0130DE","lastname":"SARIERO\u011eLU","party":"akp","order":8},{"firstname":"AY\u015eE","lastname":"\u00c7ELL\u0130K","party":"vatan","order":9},{"firstname":"FAYSAL","lastname":"\u00d6ZCAN","party":"vatan","order":10},{"firstname":"\u00d6MER","lastname":"ERKU\u015e","party":"hudapar","order":11},{"firstname":"NESL\u0130HAN","lastname":"G\u00d6K","party":"mhp","order":12},{"firstname":"B\u00dcLENT","lastname":"\u00d6\u011eR\u00dc","party":"chp","order":13},{"firstname":"NEC\u0130P FAZIL","lastname":"CENG\u0130L","party":"akp","order":14},{"firstname":"TU\u011e\u00c7E SEZEN","lastname":"GED\u0130K","party":"","order":15}]}