{"id":"26","name":"ESK\u0130\u015eEH\u0130R","box_count":"2070","open_box_count":"834","voter_count":"645534","total_valid_vote":"242935","results":{"millet":"884","cumhur":"2212","akp":"94676","mhp":"24693","hudapar":"302","vatan":"536","hdp":"9372","iyi":"32325","chp":"77227","sp":"2903","updated_at":"2018-06-24 23:33:11"},"districts":[[{"id":"153","name":"\u00c7\u0130FTELER","box_count":"48","open_box_count":"9","voter_count":"11484","total_valid_vote":"2108","results":{"millet":"2","cumhur":"25","akp":"727","mhp":"468","hudapar":"8","vatan":"6","hdp":"101","iyi":"251","chp":"529","sp":"18","updated_at":"2018-06-24 23:32:39"}},{"id":"401","name":"MAHMUD\u0130YE","box_count":"27","open_box_count":"0","voter_count":"5764","total_valid_vote":"0","results":{"millet":"0","cumhur":"0","akp":"0","mhp":"0","hudapar":"0","vatan":"0","hdp":"0","iyi":"0","chp":"0","sp":"0","updated_at":"2018-06-24 23:32:24"}},{"id":"420","name":"M\u0130HALI\u00c7\u00c7IK","box_count":"59","open_box_count":"19","voter_count":"7000","total_valid_vote":"1790","results":{"millet":"4","cumhur":"24","akp":"918","mhp":"280","hudapar":"10","vatan":"15","hdp":"17","iyi":"222","chp":"306","sp":"22","updated_at":"2018-06-24 23:32:56"}},{"id":"492","name":"SARICAKAYA","box_count":"16","open_box_count":"0","voter_count":"4060","total_valid_vote":"0","results":{"millet":"0","cumhur":"0","akp":"0","mhp":"0","hudapar":"0","vatan":"0","hdp":"0","iyi":"0","chp":"0","sp":"0","updated_at":"2018-06-24 23:32:24"}},{"id":"511","name":"SEY\u0130TGAZ\u0130","box_count":"67","open_box_count":"20","voter_count":"10793","total_valid_vote":"3421","results":{"millet":"2","cumhur":"26","akp":"1764","mhp":"378","hudapar":"3","vatan":"8","hdp":"27","iyi":"319","chp":"898","sp":"23","updated_at":"2018-06-24 23:32:58"}},{"id":"525","name":"S\u0130VR\u0130H\u0130SAR","box_count":"94","open_box_count":"20","voter_count":"16303","total_valid_vote":"2660","results":{"millet":"4","cumhur":"30","akp":"1295","mhp":"287","hudapar":"7","vatan":"7","hdp":"39","iyi":"470","chp":"538","sp":"15","updated_at":"2018-06-24 23:32:59"}},{"id":"652","name":"ALPU","box_count":"44","open_box_count":"5","voter_count":"8864","total_valid_vote":"911","results":{"millet":"1","cumhur":"20","akp":"527","mhp":"137","hudapar":"2","vatan":"4","hdp":"13","iyi":"68","chp":"154","sp":"6","updated_at":"2018-06-24 23:33:03"}},{"id":"670","name":"BEYL\u0130KOVA","box_count":"29","open_box_count":"0","voter_count":"5095","total_valid_vote":"0","results":{"millet":"0","cumhur":"0","akp":"0","mhp":"0","hudapar":"0","vatan":"0","hdp":"0","iyi":"0","chp":"0","sp":"0","updated_at":"2018-06-24 23:32:24"}},{"id":"701","name":"\u0130N\u00d6N\u00dc","box_count":"23","open_box_count":"0","voter_count":"5352","total_valid_vote":"0","results":{"millet":"0","cumhur":"0","akp":"0","mhp":"0","hudapar":"0","vatan":"0","hdp":"0","iyi":"0","chp":"0","sp":"0","updated_at":"2018-06-24 23:32:24"}},{"id":"827","name":"G\u00dcNY\u00dcZ\u00dc","box_count":"25","open_box_count":"0","voter_count":"4925","total_valid_vote":"0","results":{"millet":"0","cumhur":"0","akp":"0","mhp":"0","hudapar":"0","vatan":"0","hdp":"0","iyi":"0","chp":"0","sp":"0","updated_at":"2018-06-24 23:32:24"}},{"id":"832","name":"HAN","box_count":"16","open_box_count":"0","voter_count":"1739","total_valid_vote":"0","results":{"millet":"0","cumhur":"0","akp":"0","mhp":"0","hudapar":"0","vatan":"0","hdp":"0","iyi":"0","chp":"0","sp":"0","updated_at":"2018-06-24 23:32:24"}},{"id":"866","name":"M\u0130HALGAZ\u0130","box_count":"10","open_box_count":"0","voter_count":"2642","total_valid_vote":"0","results":{"millet":"0","cumhur":"0","akp":"0","mhp":"0","hudapar":"0","vatan":"0","hdp":"0","iyi":"0","chp":"0","sp":"0","updated_at":"2018-06-24 23:32:24"}},{"id":"989","name":"ODUNPAZARI","box_count":"845","open_box_count":"445","voter_count":"296082","total_valid_vote":"138167","results":{"millet":"533","cumhur":"1294","akp":"53366","mhp":"14291","hudapar":"139","vatan":"291","hdp":"5159","iyi":"18154","chp":"44578","sp":"1616","updated_at":"2018-06-24 23:33:07"}},{"id":"990","name":"TEPEBA\u015eI","box_count":"767","open_box_count":"316","voter_count":"265431","total_valid_vote":"93878","results":{"millet":"338","cumhur":"793","akp":"36079","mhp":"8852","hudapar":"133","vatan":"205","hdp":"4016","iyi":"12841","chp":"30224","sp":"1203","updated_at":"2018-06-24 23:33:07"}}]],"winners":[{"firstname":"AHMET NAMIK","lastname":"AKDO\u011eAN","party":"akp","order":1},{"firstname":"UTKU","lastname":"\u00c7AKIR\u00d6ZER","party":"chp","order":2},{"firstname":"OKTAY","lastname":"YOLSEVER","party":"","order":3},{"firstname":"KEREM","lastname":"KESK\u0130N","party":"hdp","order":4},{"firstname":"MEHMET EM\u0130N","lastname":"YILDIRIM","party":"hudapar","order":5},{"firstname":"MUHAMMET","lastname":"G\u00dcNEY","party":"sp","order":6},{"firstname":"RA\u0130F","lastname":"E\u015eK\u0130NAT","party":"vatan","order":7}]}