{"id":"55","name":"SAMSUN","box_count":"3240","open_box_count":"1210","voter_count":"959127","total_valid_vote":"317096","results":{"millet":"807","cumhur":"4064","akp":"154887","mhp":"50663","hudapar":"401","vatan":"635","hdp":"5146","iyi":"37034","chp":"63084","sp":"4776","updated_at":"2018-06-24 23:33:10"},"districts":[[{"id":"25","name":"ALA\u00c7AM","box_count":"93","open_box_count":"18","voter_count":"20159","total_valid_vote":"2532","results":{"millet":"9","cumhur":"49","akp":"1168","mhp":"365","hudapar":"6","vatan":"10","hdp":"51","iyi":"289","chp":"585","sp":"25","updated_at":"2018-06-24 23:32:27"}},{"id":"63","name":"BAFRA","box_count":"367","open_box_count":"156","voter_count":"108815","total_valid_vote":"40130","results":{"millet":"91","cumhur":"485","akp":"19877","mhp":"6983","hudapar":"80","vatan":"109","hdp":"530","iyi":"5716","chp":"6195","sp":"579","updated_at":"2018-06-24 23:32:30"}},{"id":"132","name":"\u00c7AR\u015eAMBA","box_count":"338","open_box_count":"79","voter_count":"101695","total_valid_vote":"20115","results":{"millet":"31","cumhur":"308","akp":"12321","mhp":"3029","hudapar":"22","vatan":"42","hdp":"143","iyi":"1695","chp":"2509","sp":"281","updated_at":"2018-06-24 23:32:37"}},{"id":"283","name":"HAVZA","box_count":"139","open_box_count":"39","voter_count":"30219","total_valid_vote":"6028","results":{"millet":"12","cumhur":"102","akp":"3079","mhp":"1522","hudapar":"9","vatan":"12","hdp":"51","iyi":"333","chp":"949","sp":"70","updated_at":"2018-06-24 23:32:45"}},{"id":"347","name":"KAVAK","box_count":"105","open_box_count":"25","voter_count":"16090","total_valid_vote":"2542","results":{"millet":"5","cumhur":"50","akp":"1481","mhp":"517","hudapar":"13","vatan":"21","hdp":"10","iyi":"221","chp":"256","sp":"22","updated_at":"2018-06-24 23:32:51"}},{"id":"394","name":"LAD\u0130K","box_count":"79","open_box_count":"20","voter_count":"13433","total_valid_vote":"2415","results":{"millet":"4","cumhur":"38","akp":"1139","mhp":"462","hudapar":"10","vatan":"8","hdp":"24","iyi":"230","chp":"496","sp":"41","updated_at":"2018-06-24 23:32:55"}},{"id":"569","name":"TERME","box_count":"190","open_box_count":"73","voter_count":"55684","total_valid_vote":"18442","results":{"millet":"21","cumhur":"236","akp":"11318","mhp":"2426","hudapar":"31","vatan":"36","hdp":"139","iyi":"1447","chp":"2654","sp":"376","updated_at":"2018-06-24 23:33:00"}},{"id":"605","name":"VEZ\u0130RK\u00d6PR\u00dc","box_count":"261","open_box_count":"90","voter_count":"65400","total_valid_vote":"18797","results":{"millet":"25","cumhur":"305","akp":"12342","mhp":"2848","hudapar":"39","vatan":"61","hdp":"103","iyi":"1581","chp":"1580","sp":"231","updated_at":"2018-06-24 23:33:01"}},{"id":"656","name":"ASARCIK","box_count":"52","open_box_count":"12","voter_count":"11831","total_valid_vote":"2148","results":{"millet":"0","cumhur":"44","akp":"1343","mhp":"609","hudapar":"1","vatan":"1","hdp":"2","iyi":"86","chp":"90","sp":"15","updated_at":"2018-06-24 23:33:03"}},{"id":"731","name":"SALIPAZARI","box_count":"59","open_box_count":"19","voter_count":"14442","total_valid_vote":"4325","results":{"millet":"4","cumhur":"68","akp":"2963","mhp":"668","hudapar":"9","vatan":"5","hdp":"17","iyi":"320","chp":"308","sp":"33","updated_at":"2018-06-24 23:33:04"}},{"id":"742","name":"TEKKEK\u00d6Y","box_count":"131","open_box_count":"35","voter_count":"38119","total_valid_vote":"8962","results":{"millet":"13","cumhur":"66","akp":"4901","mhp":"1122","hudapar":"7","vatan":"19","hdp":"51","iyi":"888","chp":"1828","sp":"127","updated_at":"2018-06-24 23:33:04"}},{"id":"772","name":"AYVACIK","box_count":"59","open_box_count":"19","voter_count":"14476","total_valid_vote":"3821","results":{"millet":"3","cumhur":"68","akp":"2843","mhp":"683","hudapar":"9","vatan":"9","hdp":"2","iyi":"188","chp":"64","sp":"21","updated_at":"2018-06-24 23:33:05"}},{"id":"886","name":"YAKAKENT","box_count":"26","open_box_count":"0","voter_count":"6679","total_valid_vote":"0","results":{"millet":"0","cumhur":"0","akp":"0","mhp":"0","hudapar":"0","vatan":"0","hdp":"0","iyi":"0","chp":"0","sp":"0","updated_at":"2018-06-24 23:32:24"}},{"id":"1001","name":"ATAKUM","box_count":"382","open_box_count":"168","voter_count":"132649","total_valid_vote":"50792","results":{"millet":"189","cumhur":"505","akp":"18506","mhp":"7152","hudapar":"32","vatan":"83","hdp":"1502","iyi":"7745","chp":"14852","sp":"796","updated_at":"2018-06-24 23:33:08"}},{"id":"1002","name":"CAN\u0130K","box_count":"215","open_box_count":"83","voter_count":"69450","total_valid_vote":"22603","results":{"millet":"41","cumhur":"361","akp":"13189","mhp":"4314","hudapar":"27","vatan":"33","hdp":"186","iyi":"1924","chp":"2616","sp":"303","updated_at":"2018-06-24 23:33:08"}},{"id":"1003","name":"\u0130LKADIM","box_count":"673","open_box_count":"354","voter_count":"240646","total_valid_vote":"108651","results":{"millet":"353","cumhur":"1317","akp":"45362","mhp":"17336","hudapar":"91","vatan":"179","hdp":"2300","iyi":"13954","chp":"27528","sp":"1795","updated_at":"2018-06-24 23:33:08"}},{"id":"1028","name":"19-May","box_count":"71","open_box_count":"20","voter_count":"19340","total_valid_vote":"4793","results":{"millet":"6","cumhur":"62","akp":"3055","mhp":"627","hudapar":"15","vatan":"7","hdp":"35","iyi":"417","chp":"574","sp":"61","updated_at":"2018-06-24 23:33:08"}}]],"winners":[{"firstname":"YILMAZ","lastname":"KARAG\u00d6Z","party":"chp","order":1},{"firstname":"HASAN","lastname":"OKUR","party":"","order":2},{"firstname":"HASAN","lastname":"OKUR","party":"","order":3},{"firstname":"AYSUN","lastname":"F\u0130L\u0130ZAY","party":"hdp","order":4},{"firstname":"B\u0130RSEN","lastname":"\u00d6ZT\u00dcRK","party":"iyi","order":5},{"firstname":"FURKAN","lastname":"\u00d6ZDEM\u0130R","party":"iyi","order":6},{"firstname":"NESL\u0130HAN","lastname":"HANCIO\u011eLU","party":"chp","order":7},{"firstname":"ARZU","lastname":"SABUNCU","party":"chp","order":8},{"firstname":"EL\u0130F","lastname":"CO\u015eKUN B\u0130LG\u0130N","party":"akp","order":9}]}