{"id":"29","name":"G\u00dcM\u00dc\u015eHANE","box_count":"574","open_box_count":"146","voter_count":"100675","total_valid_vote":"14098","results":{"millet":"28","cumhur":"184","akp":"8202","mhp":"2980","hudapar":"106","vatan":"45","hdp":"177","iyi":"1415","chp":"852","sp":"279","updated_at":"2018-06-24 23:33:12"},"districts":[[{"id":"266","name":"G\u00dcM\u00dc\u015eHANE MERKEZ","box_count":"197","open_box_count":"62","voter_count":"35848","total_valid_vote":"6296","results":{"millet":"19","cumhur":"74","akp":"3233","mhp":"1435","hudapar":"72","vatan":"11","hdp":"133","iyi":"882","chp":"331","sp":"166","updated_at":"2018-06-24 23:32:44"}},{"id":"352","name":"KELK\u0130T","box_count":"136","open_box_count":"33","voter_count":"26843","total_valid_vote":"4288","results":{"millet":"1","cumhur":"56","akp":"3038","mhp":"802","hudapar":"12","vatan":"8","hdp":"13","iyi":"250","chp":"107","sp":"58","updated_at":"2018-06-24 23:32:51"}},{"id":"553","name":"\u015e\u0130RAN","box_count":"93","open_box_count":"20","voter_count":"14729","total_valid_vote":"1066","results":{"millet":"5","cumhur":"9","akp":"535","mhp":"171","hudapar":"4","vatan":"4","hdp":"21","iyi":"78","chp":"238","sp":"14","updated_at":"2018-06-24 23:33:00"}},{"id":"577","name":"TORUL","box_count":"65","open_box_count":"20","voter_count":"8745","total_valid_vote":"1413","results":{"millet":"1","cumhur":"31","akp":"742","mhp":"350","hudapar":"9","vatan":"12","hdp":"5","iyi":"131","chp":"135","sp":"26","updated_at":"2018-06-24 23:33:00"}},{"id":"715","name":"K\u00d6SE","box_count":"24","open_box_count":"0","voter_count":"4959","total_valid_vote":"0","results":{"millet":"0","cumhur":"0","akp":"0","mhp":"0","hudapar":"0","vatan":"0","hdp":"0","iyi":"0","chp":"0","sp":"0","updated_at":"2018-06-24 23:32:24"}},{"id":"864","name":"K\u00dcRT\u00dcN","box_count":"59","open_box_count":"11","voter_count":"9551","total_valid_vote":"1035","results":{"millet":"2","cumhur":"14","akp":"654","mhp":"222","hudapar":"9","vatan":"10","hdp":"5","iyi":"74","chp":"41","sp":"15","updated_at":"2018-06-24 23:33:06"}}]],"winners":[{"firstname":"AKIN","lastname":"DEM\u0130R","party":"sp","order":1},{"firstname":"C\u0130HAN","lastname":"PEKTA\u015e","party":"akp","order":2}]}