{"id":"49","name":"MU\u015e","box_count":"787","open_box_count":"97","voter_count":"228538","total_valid_vote":"21173","results":{"millet":"30","cumhur":"61","akp":"5944","mhp":"773","hudapar":"248","vatan":"30","hdp":"12699","iyi":"700","chp":"570","sp":"189","updated_at":"2018-06-24 23:33:11"},"districts":[[{"id":"112","name":"BULANIK","box_count":"153","open_box_count":"13","voter_count":"44242","total_valid_vote":"2637","results":{"millet":"1","cumhur":"6","akp":"471","mhp":"61","hudapar":"10","vatan":"5","hdp":"1922","iyi":"101","chp":"54","sp":"13","updated_at":"2018-06-24 23:32:35"}},{"id":"403","name":"MALAZG\u0130RT","box_count":"111","open_box_count":"6","voter_count":"27866","total_valid_vote":"874","results":{"millet":"1","cumhur":"0","akp":"69","mhp":"20","hudapar":"2","vatan":"0","hdp":"760","iyi":"2","chp":"12","sp":"9","updated_at":"2018-06-24 23:32:55"}},{"id":"427","name":"MU\u015e MERKEZ","box_count":"354","open_box_count":"42","voter_count":"108161","total_valid_vote":"9574","results":{"millet":"4","cumhur":"42","akp":"3874","mhp":"626","hudapar":"199","vatan":"11","hdp":"4050","iyi":"482","chp":"197","sp":"125","updated_at":"2018-06-24 23:32:56"}},{"id":"604","name":"VARTO","box_count":"66","open_box_count":"16","voter_count":"20147","total_valid_vote":"4085","results":{"millet":"20","cumhur":"8","akp":"118","mhp":"17","hudapar":"15","vatan":"9","hdp":"3655","iyi":"16","chp":"241","sp":"8","updated_at":"2018-06-24 23:33:01"}},{"id":"694","name":"HASK\u00d6Y","box_count":"50","open_box_count":"9","voter_count":"14158","total_valid_vote":"1869","results":{"millet":"3","cumhur":"2","akp":"808","mhp":"10","hudapar":"11","vatan":"2","hdp":"877","iyi":"87","chp":"53","sp":"21","updated_at":"2018-06-24 23:33:03"}},{"id":"857","name":"KORKUT","box_count":"53","open_box_count":"11","voter_count":"13964","total_valid_vote":"2134","results":{"millet":"1","cumhur":"3","akp":"604","mhp":"39","hudapar":"11","vatan":"3","hdp":"1435","iyi":"12","chp":"13","sp":"13","updated_at":"2018-06-24 23:33:05"}}]],"winners":[{"firstname":"HUDEYDA","lastname":"BOZYEL","party":"sp","order":1},{"firstname":"\u015eEHMUS","lastname":"\u00c7EK\u0130L","party":"mhp","order":2},{"firstname":"SERDAR","lastname":"SA\u011eLAM","party":"vatan","order":3},{"firstname":"YILDIRIM","lastname":"PA\u00c7AL","party":"chp","order":4}]}