{"id":"17","name":"\u00c7ANAKKALE","box_count":"1497","open_box_count":"516","voter_count":"406809","total_valid_vote":"119125","results":{"millet":"402","cumhur":"817","akp":"42393","mhp":"8197","hudapar":"245","vatan":"457","hdp":"4069","iyi":"20920","chp":"41761","sp":"895","updated_at":"2018-06-24 23:33:10"},"districts":[[{"id":"59","name":"AYVACIK","box_count":"125","open_box_count":"40","voter_count":"27344","total_valid_vote":"6876","results":{"millet":"25","cumhur":"49","akp":"2477","mhp":"371","hudapar":"18","vatan":"58","hdp":"278","iyi":"933","chp":"2671","sp":"44","updated_at":"2018-06-24 23:32:30"}},{"id":"79","name":"BAYRAM\u0130\u00c7","box_count":"115","open_box_count":"36","voter_count":"23801","total_valid_vote":"4466","results":{"millet":"14","cumhur":"21","akp":"1959","mhp":"257","hudapar":"33","vatan":"29","hdp":"39","iyi":"690","chp":"1400","sp":"45","updated_at":"2018-06-24 23:32:32"}},{"id":"89","name":"B\u0130GA","box_count":"253","open_box_count":"111","voter_count":"69038","total_valid_vote":"24690","results":{"millet":"71","cumhur":"231","akp":"12158","mhp":"1922","hudapar":"65","vatan":"81","hdp":"319","iyi":"3445","chp":"6396","sp":"269","updated_at":"2018-06-24 23:32:33"}},{"id":"104","name":"BOZCAADA","box_count":"7","open_box_count":"0","voter_count":"2448","total_valid_vote":"0","results":{"millet":"0","cumhur":"0","akp":"0","mhp":"0","hudapar":"0","vatan":"0","hdp":"0","iyi":"0","chp":"0","sp":"0","updated_at":"2018-06-24 23:32:24"}},{"id":"127","name":"\u00c7AN","box_count":"150","open_box_count":"51","voter_count":"38426","total_valid_vote":"11486","results":{"millet":"31","cumhur":"85","akp":"4669","mhp":"1095","hudapar":"34","vatan":"34","hdp":"110","iyi":"2435","chp":"3051","sp":"54","updated_at":"2018-06-24 23:32:36"}},{"id":"128","name":"\u00c7ANAKKALE MERKEZ","box_count":"384","open_box_count":"181","voter_count":"126514","total_valid_vote":"53377","results":{"millet":"212","cumhur":"273","akp":"13748","mhp":"3287","hudapar":"51","vatan":"165","hdp":"3001","iyi":"10513","chp":"22207","sp":"343","updated_at":"2018-06-24 23:32:36"}},{"id":"191","name":"ECEABAT","box_count":"28","open_box_count":"0","voter_count":"7409","total_valid_vote":"0","results":{"millet":"0","cumhur":"0","akp":"0","mhp":"0","hudapar":"0","vatan":"0","hdp":"0","iyi":"0","chp":"0","sp":"0","updated_at":"2018-06-24 23:32:24"}},{"id":"224","name":"EZ\u0130NE","box_count":"97","open_box_count":"20","voter_count":"24916","total_valid_vote":"2831","results":{"millet":"6","cumhur":"6","akp":"985","mhp":"146","hudapar":"14","vatan":"17","hdp":"62","iyi":"432","chp":"1155","sp":"18","updated_at":"2018-06-24 23:32:42"}},{"id":"237","name":"GEL\u0130BOLU","box_count":"103","open_box_count":"19","voter_count":"32908","total_valid_vote":"5714","results":{"millet":"23","cumhur":"30","akp":"1236","mhp":"388","hudapar":"5","vatan":"19","hdp":"210","iyi":"951","chp":"2830","sp":"49","updated_at":"2018-06-24 23:32:42"}},{"id":"305","name":"G\u00d6K\u00c7EADA","box_count":"26","open_box_count":"0","voter_count":"6103","total_valid_vote":"0","results":{"millet":"0","cumhur":"0","akp":"0","mhp":"0","hudapar":"0","vatan":"0","hdp":"0","iyi":"0","chp":"0","sp":"0","updated_at":"2018-06-24 23:32:24"}},{"id":"396","name":"LAPSEK\u0130","box_count":"87","open_box_count":"20","voter_count":"21542","total_valid_vote":"3589","results":{"millet":"11","cumhur":"26","akp":"1577","mhp":"305","hudapar":"11","vatan":"18","hdp":"30","iyi":"629","chp":"990","sp":"24","updated_at":"2018-06-24 23:32:55"}},{"id":"615","name":"YEN\u0130CE","box_count":"122","open_box_count":"38","voter_count":"26360","total_valid_vote":"6096","results":{"millet":"9","cumhur":"96","akp":"3584","mhp":"426","hudapar":"14","vatan":"36","hdp":"20","iyi":"892","chp":"1061","sp":"49","updated_at":"2018-06-24 23:33:02"}}]],"winners":[{"firstname":"ARDA","lastname":"BOZKURT","party":"mhp","order":1},{"firstname":"MEHMET \u015e\u0130R\u0130N","lastname":"G\u00dcNE\u015e","party":"hudapar","order":2},{"firstname":"HASAN TAHS\u0130N","lastname":"YILMAZ","party":"","order":3},{"firstname":"MEHMET TAMER","lastname":"ERG\u00dcN","party":"iyi","order":4}]}