{"id":"68","name":"AKSARAY","box_count":"890","open_box_count":"290","voter_count":"266870","total_valid_vote":"77142","results":{"millet":"114","cumhur":"1148","akp":"43804","mhp":"16125","hudapar":"229","vatan":"141","hdp":"804","iyi":"8235","chp":"7164","sp":"614","updated_at":"2018-06-24 23:33:09"},"districts":[[{"id":"20","name":"AKSARAY MERKEZ","box_count":"580","open_box_count":"247","voter_count":"187735","total_valid_vote":"67512","results":{"millet":"104","cumhur":"1013","akp":"37894","mhp":"14486","hudapar":"210","vatan":"116","hdp":"742","iyi":"7548","chp":"5966","sp":"526","updated_at":"2018-06-24 23:32:26"}},{"id":"450","name":"ORTAK\u00d6Y","box_count":"87","open_box_count":"15","voter_count":"22942","total_valid_vote":"3147","results":{"millet":"3","cumhur":"52","akp":"1935","mhp":"598","hudapar":"5","vatan":"10","hdp":"22","iyi":"275","chp":"262","sp":"39","updated_at":"2018-06-24 23:32:57"}},{"id":"753","name":"A\u011eA\u00c7\u00d6REN","box_count":"40","open_box_count":"1","voter_count":"6284","total_valid_vote":"170","results":{"millet":"0","cumhur":"2","akp":"130","mhp":"35","hudapar":"0","vatan":"0","hdp":"0","iyi":"3","chp":"1","sp":"1","updated_at":"2018-06-24 23:33:05"}},{"id":"754","name":"G\u00dcZELYURT","box_count":"31","open_box_count":"0","voter_count":"8240","total_valid_vote":"0","results":{"millet":"0","cumhur":"0","akp":"0","mhp":"0","hudapar":"0","vatan":"0","hdp":"0","iyi":"0","chp":"0","sp":"0","updated_at":"2018-06-24 23:32:24"}},{"id":"759","name":"SARIYAH\u015e\u0130","box_count":"16","open_box_count":"0","voter_count":"3743","total_valid_vote":"0","results":{"millet":"0","cumhur":"0","akp":"0","mhp":"0","hudapar":"0","vatan":"0","hdp":"0","iyi":"0","chp":"0","sp":"0","updated_at":"2018-06-24 23:32:24"}},{"id":"814","name":"ESK\u0130L","box_count":"67","open_box_count":"19","voter_count":"17510","total_valid_vote":"4411","results":{"millet":"7","cumhur":"45","akp":"2669","mhp":"689","hudapar":"9","vatan":"3","hdp":"8","iyi":"365","chp":"635","sp":"32","updated_at":"2018-06-24 23:33:05"}},{"id":"825","name":"G\u00dcLA\u011eA\u00c7","box_count":"47","open_box_count":"8","voter_count":"13566","total_valid_vote":"1902","results":{"millet":"0","cumhur":"36","akp":"1176","mhp":"317","hudapar":"5","vatan":"12","hdp":"32","iyi":"44","chp":"300","sp":"16","updated_at":"2018-06-24 23:33:05"}},{"id":"12008","name":"SULTANHANI","box_count":"22","open_box_count":"0","voter_count":"6850","total_valid_vote":"0","results":{"millet":"0","cumhur":"0","akp":"0","mhp":"0","hudapar":"0","vatan":"0","hdp":"0","iyi":"0","chp":"0","sp":"0","updated_at":"2018-06-24 23:32:24"}}]],"winners":[{"firstname":"CENG\u0130Z","lastname":"AYDO\u011eDU","party":"akp","order":1},{"firstname":"C\u0130HAN","lastname":"YILMAZ","party":"hdp","order":2},{"firstname":"\u0130LKNUR","lastname":"\u0130NCE\u00d6Z","party":"akp","order":3},{"firstname":"SEFER","lastname":"ALKAN","party":"mhp","order":4}]}