{"id":"46","name":"KAHRAMANMARA\u015e","box_count":"2387","open_box_count":"1031","voter_count":"738677","total_valid_vote":"285285","results":{"millet":"373","cumhur":"3255","akp":"173159","mhp":"46580","hudapar":"582","vatan":"567","hdp":"8870","iyi":"27003","chp":"23562","sp":"4222","updated_at":"2018-06-24 23:33:09"},"districts":[[{"id":"7","name":"AF\u015e\u0130N","box_count":"186","open_box_count":"75","voter_count":"54233","total_valid_vote":"17035","results":{"millet":"22","cumhur":"259","akp":"8314","mhp":"4314","hudapar":"47","vatan":"38","hdp":"764","iyi":"1665","chp":"1641","sp":"181","updated_at":"2018-06-24 23:32:25"}},{"id":"36","name":"ANDIRIN","box_count":"97","open_box_count":"18","voter_count":"25097","total_valid_vote":"3596","results":{"millet":"6","cumhur":"46","akp":"1996","mhp":"570","hudapar":"17","vatan":"23","hdp":"22","iyi":"366","chp":"562","sp":"36","updated_at":"2018-06-24 23:32:28"}},{"id":"197","name":"ELB\u0130STAN","box_count":"319","open_box_count":"138","voter_count":"95724","total_valid_vote":"34038","results":{"millet":"49","cumhur":"409","akp":"15707","mhp":"6308","hudapar":"51","vatan":"67","hdp":"1960","iyi":"4585","chp":"4709","sp":"560","updated_at":"2018-06-24 23:32:41"}},{"id":"250","name":"G\u00d6KSUN","box_count":"144","open_box_count":"44","voter_count":"36557","total_valid_vote":"8548","results":{"millet":"13","cumhur":"126","akp":"4245","mhp":"1788","hudapar":"24","vatan":"32","hdp":"174","iyi":"947","chp":"1131","sp":"186","updated_at":"2018-06-24 23:32:43"}},{"id":"463","name":"PAZARCIK","box_count":"172","open_box_count":"59","voter_count":"45609","total_valid_vote":"13487","results":{"millet":"22","cumhur":"112","akp":"5910","mhp":"1710","hudapar":"29","vatan":"35","hdp":"1817","iyi":"722","chp":"3186","sp":"74","updated_at":"2018-06-24 23:32:57"}},{"id":"587","name":"T\u00dcRKO\u011eLU","box_count":"150","open_box_count":"50","voter_count":"45008","total_valid_vote":"13045","results":{"millet":"3","cumhur":"236","akp":"8353","mhp":"1807","hudapar":"34","vatan":"42","hdp":"442","iyi":"1009","chp":"1095","sp":"252","updated_at":"2018-06-24 23:33:01"}},{"id":"812","name":"EK\u0130N\u00d6Z\u00dc","box_count":"32","open_box_count":"0","voter_count":"8304","total_valid_vote":"0","results":{"millet":"0","cumhur":"0","akp":"0","mhp":"0","hudapar":"0","vatan":"0","hdp":"0","iyi":"0","chp":"0","sp":"0","updated_at":"2018-06-24 23:32:24"}},{"id":"868","name":"NURHAK","box_count":"34","open_box_count":"0","voter_count":"9068","total_valid_vote":"0","results":{"millet":"0","cumhur":"0","akp":"0","mhp":"0","hudapar":"0","vatan":"0","hdp":"0","iyi":"0","chp":"0","sp":"0","updated_at":"2018-06-24 23:32:24"}},{"id":"1027","name":"\u00c7A\u011eLAYANCER\u0130T","box_count":"52","open_box_count":"9","voter_count":"15915","total_valid_vote":"2085","results":{"millet":"4","cumhur":"4","akp":"1046","mhp":"220","hudapar":"10","vatan":"16","hdp":"278","iyi":"232","chp":"258","sp":"19","updated_at":"2018-06-24 23:33:08"}},{"id":"1045","name":"DULKAD\u0130RO\u011eLU","box_count":"427","open_box_count":"207","voter_count":"140478","total_valid_vote":"61267","results":{"millet":"66","cumhur":"641","akp":"41635","mhp":"8628","hudapar":"110","vatan":"102","hdp":"2006","iyi":"3732","chp":"4050","sp":"774","updated_at":"2018-06-24 23:33:09"}},{"id":"1046","name":"ON\u0130K\u0130\u015eUBAT","box_count":"774","open_box_count":"431","voter_count":"262684","total_valid_vote":"132184","results":{"millet":"188","cumhur":"1422","akp":"85953","mhp":"21235","hudapar":"260","vatan":"212","hdp":"1407","iyi":"13745","chp":"6930","sp":"2140","updated_at":"2018-06-24 23:33:09"}}]],"winners":[{"firstname":"FAT\u0130H MEHMET","lastname":"CEYHAN","party":"mhp","order":1},{"firstname":"MEHMET","lastname":"KAYI\u015eLI","party":"hudapar","order":2},{"firstname":"ZAFER","lastname":"\u00d6NER","party":"mhp","order":3},{"firstname":"T\u00dcLAY","lastname":"KILIN\u00c7 DEN\u0130Z","party":"hdp","order":4},{"firstname":"AHMET","lastname":"\u00d6ZDEM\u0130R","party":"akp","order":5},{"firstname":"MANSUR","lastname":"\u00d6ZCAN","party":"sp","order":6},{"firstname":"C\u0130HAT","lastname":"D\u0130NLER","party":"sp","order":7},{"firstname":"\u0130MRAN","lastname":"KILI\u00c7","party":"akp","order":8}]}