{"id":"74","name":"BARTIN","box_count":"555","open_box_count":"184","voter_count":"146888","total_valid_vote":"42036","results":{"millet":"114","cumhur":"517","akp":"19934","mhp":"7566","hudapar":"131","vatan":"250","hdp":"453","iyi":"2336","chp":"10515","sp":"804","updated_at":"2018-06-24 23:33:10"},"districts":[[{"id":"71","name":"BARTIN MERKEZ","box_count":"371","open_box_count":"157","voter_count":"112331","total_valid_vote":"38202","results":{"millet":"105","cumhur":"466","akp":"17646","mhp":"7070","hudapar":"107","vatan":"214","hdp":"433","iyi":"2136","chp":"9822","sp":"740","updated_at":"2018-06-24 23:32:31"}},{"id":"389","name":"KURUCA\u015e\u0130LE","box_count":"34","open_box_count":"0","voter_count":"5335","total_valid_vote":"0","results":{"millet":"0","cumhur":"0","akp":"0","mhp":"0","hudapar":"0","vatan":"0","hdp":"0","iyi":"0","chp":"0","sp":"0","updated_at":"2018-06-24 23:32:24"}},{"id":"594","name":"ULUS","box_count":"100","open_box_count":"21","voter_count":"17763","total_valid_vote":"2697","results":{"millet":"7","cumhur":"40","akp":"1767","mhp":"278","hudapar":"20","vatan":"24","hdp":"18","iyi":"146","chp":"381","sp":"50","updated_at":"2018-06-24 23:33:01"}},{"id":"654","name":"AMASRA","box_count":"50","open_box_count":"6","voter_count":"11459","total_valid_vote":"1137","results":{"millet":"2","cumhur":"11","akp":"521","mhp":"218","hudapar":"4","vatan":"12","hdp":"2","iyi":"54","chp":"312","sp":"14","updated_at":"2018-06-24 23:33:03"}}]],"winners":[{"firstname":"HAM\u0130T ERHAN","lastname":"ALDATMAZ","party":"iyi","order":1},{"firstname":"YILMAZ","lastname":"TOPALO\u011eLU","party":"hdp","order":2}]}