{"id":"19","name":"\u00c7ORUM","box_count":"1686","open_box_count":"604","voter_count":"390689","total_valid_vote":"124477","results":{"millet":"224","cumhur":"1469","akp":"62015","mhp":"18013","hudapar":"199","vatan":"227","hdp":"4502","iyi":"10427","chp":"27418","sp":"1430","updated_at":"2018-06-24 23:33:10"},"districts":[[{"id":"24","name":"ALACA","box_count":"151","open_box_count":"49","voter_count":"24272","total_valid_vote":"5609","results":{"millet":"4","cumhur":"84","akp":"2786","mhp":"905","hudapar":"5","vatan":"8","hdp":"167","iyi":"475","chp":"1221","sp":"42","updated_at":"2018-06-24 23:32:27"}},{"id":"76","name":"BAYAT","box_count":"78","open_box_count":"20","voter_count":"12906","total_valid_vote":"2106","results":{"millet":"2","cumhur":"20","akp":"1525","mhp":"223","hudapar":"14","vatan":"8","hdp":"11","iyi":"151","chp":"168","sp":"6","updated_at":"2018-06-24 23:32:31"}},{"id":"157","name":"\u00c7ORUM MERKEZ","box_count":"722","open_box_count":"374","voter_count":"205764","total_valid_vote":"89988","results":{"millet":"168","cumhur":"1002","akp":"41819","mhp":"13189","hudapar":"91","vatan":"126","hdp":"4006","iyi":"7266","chp":"22155","sp":"1116","updated_at":"2018-06-24 23:32:39"}},{"id":"311","name":"\u0130SK\u0130L\u0130P","box_count":"124","open_box_count":"29","voter_count":"25436","total_valid_vote":"4110","results":{"millet":"9","cumhur":"61","akp":"2868","mhp":"550","hudapar":"19","vatan":"20","hdp":"24","iyi":"330","chp":"231","sp":"68","updated_at":"2018-06-24 23:32:48"}},{"id":"340","name":"KARGI","box_count":"80","open_box_count":"19","voter_count":"13316","total_valid_vote":"2750","results":{"millet":"3","cumhur":"35","akp":"1917","mhp":"304","hudapar":"25","vatan":"15","hdp":"8","iyi":"199","chp":"253","sp":"28","updated_at":"2018-06-24 23:32:50"}},{"id":"413","name":"MEC\u0130T\u00d6Z\u00dc","box_count":"70","open_box_count":"11","voter_count":"12329","total_valid_vote":"1908","results":{"millet":"8","cumhur":"10","akp":"521","mhp":"147","hudapar":"3","vatan":"2","hdp":"130","iyi":"53","chp":"1048","sp":"4","updated_at":"2018-06-24 23:32:56"}},{"id":"449","name":"ORTAK\u00d6Y","box_count":"27","open_box_count":"0","voter_count":"5552","total_valid_vote":"0","results":{"millet":"0","cumhur":"0","akp":"0","mhp":"0","hudapar":"0","vatan":"0","hdp":"0","iyi":"0","chp":"0","sp":"0","updated_at":"2018-06-24 23:32:24"}},{"id":"451","name":"OSMANCIK","box_count":"141","open_box_count":"39","voter_count":"33135","total_valid_vote":"8941","results":{"millet":"15","cumhur":"117","akp":"5771","mhp":"1106","hudapar":"25","vatan":"23","hdp":"49","iyi":"830","chp":"1050","sp":"77","updated_at":"2018-06-24 23:32:57"}},{"id":"535","name":"SUNGURLU","box_count":"181","open_box_count":"63","voter_count":"36833","total_valid_vote":"9065","results":{"millet":"15","cumhur":"140","akp":"4808","mhp":"1589","hudapar":"17","vatan":"25","hdp":"107","iyi":"1123","chp":"1292","sp":"89","updated_at":"2018-06-24 23:32:59"}},{"id":"671","name":"BO\u011eAZKALE","box_count":"20","open_box_count":"0","voter_count":"3120","total_valid_vote":"0","results":{"millet":"0","cumhur":"0","akp":"0","mhp":"0","hudapar":"0","vatan":"0","hdp":"0","iyi":"0","chp":"0","sp":"0","updated_at":"2018-06-24 23:32:24"}},{"id":"743","name":"U\u011eURLUDA\u011e","box_count":"29","open_box_count":"0","voter_count":"4934","total_valid_vote":"0","results":{"millet":"0","cumhur":"0","akp":"0","mhp":"0","hudapar":"0","vatan":"0","hdp":"0","iyi":"0","chp":"0","sp":"0","updated_at":"2018-06-24 23:32:24"}},{"id":"804","name":"DODURGA","box_count":"24","open_box_count":"0","voter_count":"5108","total_valid_vote":"0","results":{"millet":"0","cumhur":"0","akp":"0","mhp":"0","hudapar":"0","vatan":"0","hdp":"0","iyi":"0","chp":"0","sp":"0","updated_at":"2018-06-24 23:32:24"}},{"id":"865","name":"LA\u00c7\u0130N","box_count":"21","open_box_count":"0","voter_count":"3600","total_valid_vote":"0","results":{"millet":"0","cumhur":"0","akp":"0","mhp":"0","hudapar":"0","vatan":"0","hdp":"0","iyi":"0","chp":"0","sp":"0","updated_at":"2018-06-24 18:32:30"}},{"id":"869","name":"O\u011eUZLAR","box_count":"18","open_box_count":"0","voter_count":"4384","total_valid_vote":"0","results":{"millet":"0","cumhur":"0","akp":"0","mhp":"0","hudapar":"0","vatan":"0","hdp":"0","iyi":"0","chp":"0","sp":"0","updated_at":"2018-06-24 23:32:24"}}]],"winners":[{"firstname":"HASAN","lastname":"SATILMI\u015e","party":"hdp","order":1},{"firstname":"MURAT","lastname":"BURHANO\u011eLU","party":"vatan","order":2},{"firstname":"BEKTA\u015e \u0130LHAN","lastname":"EKE","party":"hdp","order":3},{"firstname":"CELALETT\u0130N","lastname":"\u00d6ZMEN","party":"hudapar","order":4}]}