{"id":"18","name":"\u00c7ANKIRI","box_count":"682","open_box_count":"107","voter_count":"133958","total_valid_vote":"17607","results":{"millet":"93","cumhur":"303","akp":"10600","mhp":"3659","hudapar":"36","vatan":"30","hdp":"155","iyi":"2121","chp":"783","sp":"191","updated_at":"2018-06-24 23:33:11"},"districts":[[{"id":"130","name":"\u00c7ANKIRI MERKEZ","box_count":"206","open_box_count":"57","voter_count":"61987","total_valid_vote":"13280","results":{"millet":"88","cumhur":"207","akp":"7315","mhp":"3065","hudapar":"19","vatan":"19","hdp":"144","iyi":"1861","chp":"684","sp":"141","updated_at":"2018-06-24 23:32:36"}},{"id":"146","name":"\u00c7ERKE\u015e","box_count":"77","open_box_count":"16","voter_count":"11799","total_valid_vote":"1231","results":{"millet":"1","cumhur":"19","akp":"855","mhp":"211","hudapar":"5","vatan":"5","hdp":"3","iyi":"88","chp":"45","sp":"19","updated_at":"2018-06-24 23:32:38"}},{"id":"198","name":"ELD\u0130VAN","box_count":"27","open_box_count":"0","voter_count":"4836","total_valid_vote":"0","results":{"millet":"0","cumhur":"0","akp":"0","mhp":"0","hudapar":"0","vatan":"0","hdp":"0","iyi":"0","chp":"0","sp":"0","updated_at":"2018-06-24 23:32:24"}},{"id":"296","name":"ILGAZ","box_count":"95","open_box_count":"17","voter_count":"11438","total_valid_vote":"1215","results":{"millet":"1","cumhur":"31","akp":"873","mhp":"184","hudapar":"7","vatan":"4","hdp":"2","iyi":"103","chp":"28","sp":"14","updated_at":"2018-06-24 23:32:46"}},{"id":"387","name":"KUR\u015eUNLU","box_count":"45","open_box_count":"6","voter_count":"6624","total_valid_vote":"798","results":{"millet":"3","cumhur":"20","akp":"665","mhp":"70","hudapar":"1","vatan":"1","hdp":"4","iyi":"35","chp":"17","sp":"5","updated_at":"2018-06-24 23:32:55"}},{"id":"448","name":"ORTA","box_count":"45","open_box_count":"5","voter_count":"8379","total_valid_vote":"404","results":{"millet":"0","cumhur":"9","akp":"329","mhp":"48","hudapar":"1","vatan":"1","hdp":"1","iyi":"13","chp":"4","sp":"7","updated_at":"2018-06-24 23:32:57"}},{"id":"542","name":"\u015eABAN\u00d6Z\u00dc","box_count":"38","open_box_count":"0","voter_count":"8133","total_valid_vote":"0","results":{"millet":"0","cumhur":"0","akp":"0","mhp":"0","hudapar":"0","vatan":"0","hdp":"0","iyi":"0","chp":"0","sp":"0","updated_at":"2018-06-24 23:32:24"}},{"id":"611","name":"YAPRAKLI","box_count":"46","open_box_count":"6","voter_count":"6391","total_valid_vote":"679","results":{"millet":"0","cumhur":"17","akp":"563","mhp":"81","hudapar":"3","vatan":"0","hdp":"1","iyi":"21","chp":"5","sp":"5","updated_at":"2018-06-24 23:33:01"}},{"id":"658","name":"ATKARACALAR","box_count":"22","open_box_count":"0","voter_count":"3275","total_valid_vote":"0","results":{"millet":"0","cumhur":"0","akp":"0","mhp":"0","hudapar":"0","vatan":"0","hdp":"0","iyi":"0","chp":"0","sp":"0","updated_at":"2018-06-24 23:32:24"}},{"id":"710","name":"KIZILIRMAK","box_count":"33","open_box_count":"0","voter_count":"5746","total_valid_vote":"0","results":{"millet":"0","cumhur":"0","akp":"0","mhp":"0","hudapar":"0","vatan":"0","hdp":"0","iyi":"0","chp":"0","sp":"0","updated_at":"2018-06-24 23:32:24"}},{"id":"778","name":"BAYRAM\u00d6REN","box_count":"30","open_box_count":"0","voter_count":"2022","total_valid_vote":"0","results":{"millet":"0","cumhur":"0","akp":"0","mhp":"0","hudapar":"0","vatan":"0","hdp":"0","iyi":"0","chp":"0","sp":"0","updated_at":"2018-06-24 23:32:24"}},{"id":"856","name":"KORGUN","box_count":"18","open_box_count":"0","voter_count":"3328","total_valid_vote":"0","results":{"millet":"0","cumhur":"0","akp":"0","mhp":"0","hudapar":"0","vatan":"0","hdp":"0","iyi":"0","chp":"0","sp":"0","updated_at":"2018-06-24 23:32:24"}}]],"winners":[{"firstname":"D\u0130LAN","lastname":"\u00c7ET\u0130N","party":"hdp","order":1},{"firstname":"YAKUP","lastname":"B\u0130N\u0130C\u0130","party":"hudapar","order":2}]}