{"id":"60","name":"TOKAT","box_count":"1660","open_box_count":"538","voter_count":"423449","total_valid_vote":"116460","results":{"millet":"200","cumhur":"1416","akp":"55876","mhp":"18397","hudapar":"158","vatan":"191","hdp":"2167","iyi":"10909","chp":"27005","sp":"1557","updated_at":"2018-06-24 23:33:10"},"districts":[[{"id":"29","name":"ALMUS","box_count":"77","open_box_count":"20","voter_count":"16055","total_valid_vote":"3367","results":{"millet":"7","cumhur":"13","akp":"1521","mhp":"251","hudapar":"8","vatan":"6","hdp":"120","iyi":"79","chp":"1367","sp":"15","updated_at":"2018-06-24 23:32:27"}},{"id":"50","name":"ARTOVA","box_count":"37","open_box_count":"0","voter_count":"6379","total_valid_vote":"0","results":{"millet":"0","cumhur":"0","akp":"0","mhp":"0","hudapar":"0","vatan":"0","hdp":"0","iyi":"0","chp":"0","sp":"0","updated_at":"2018-06-24 23:32:24"}},{"id":"206","name":"ERBAA","box_count":"249","open_box_count":"81","voter_count":"68513","total_valid_vote":"17775","results":{"millet":"33","cumhur":"285","akp":"8758","mhp":"3244","hudapar":"37","vatan":"46","hdp":"112","iyi":"2022","chp":"3181","sp":"331","updated_at":"2018-06-24 23:32:42"}},{"id":"438","name":"N\u0130KSAR","box_count":"194","open_box_count":"77","voter_count":"46111","total_valid_vote":"14346","results":{"millet":"16","cumhur":"216","akp":"6765","mhp":"2108","hudapar":"23","vatan":"42","hdp":"379","iyi":"1051","chp":"3860","sp":"117","updated_at":"2018-06-24 23:32:56"}},{"id":"477","name":"RE\u015eAD\u0130YE","box_count":"130","open_box_count":"30","voter_count":"23046","total_valid_vote":"3579","results":{"millet":"5","cumhur":"75","akp":"1921","mhp":"673","hudapar":"9","vatan":"15","hdp":"15","iyi":"229","chp":"691","sp":"26","updated_at":"2018-06-24 23:32:57"}},{"id":"572","name":"TOKAT MERKEZ","box_count":"444","open_box_count":"180","voter_count":"134476","total_valid_vote":"49247","results":{"millet":"82","cumhur":"493","akp":"24448","mhp":"7541","hudapar":"42","vatan":"44","hdp":"985","iyi":"5552","chp":"9753","sp":"732","updated_at":"2018-06-24 23:33:00"}},{"id":"583","name":"TURHAL","box_count":"210","open_box_count":"70","voter_count":"60401","total_valid_vote":"15481","results":{"millet":"32","cumhur":"170","akp":"6703","mhp":"2487","hudapar":"23","vatan":"21","hdp":"338","iyi":"1199","chp":"4455","sp":"254","updated_at":"2018-06-24 23:33:01"}},{"id":"633","name":"Z\u0130LE","box_count":"206","open_box_count":"79","voter_count":"42857","total_valid_vote":"12506","results":{"millet":"25","cumhur":"164","akp":"5750","mhp":"2089","hudapar":"16","vatan":"16","hdp":"214","iyi":"769","chp":"3566","sp":"82","updated_at":"2018-06-24 23:33:02"}},{"id":"727","name":"PAZAR","box_count":"40","open_box_count":"1","voter_count":"10113","total_valid_vote":"159","results":{"millet":"0","cumhur":"0","akp":"10","mhp":"4","hudapar":"0","vatan":"1","hdp":"4","iyi":"8","chp":"132","sp":"0","updated_at":"2018-06-24 23:33:04"}},{"id":"751","name":"YE\u015e\u0130LYURT","box_count":"30","open_box_count":"0","voter_count":"6359","total_valid_vote":"0","results":{"millet":"0","cumhur":"0","akp":"0","mhp":"0","hudapar":"0","vatan":"0","hdp":"0","iyi":"0","chp":"0","sp":"0","updated_at":"2018-06-24 23:32:24"}},{"id":"776","name":"BA\u015e\u00c7\u0130FTL\u0130K","box_count":"18","open_box_count":"0","voter_count":"3829","total_valid_vote":"0","results":{"millet":"0","cumhur":"0","akp":"0","mhp":"0","hudapar":"0","vatan":"0","hdp":"0","iyi":"0","chp":"0","sp":"0","updated_at":"2018-06-24 23:32:24"}},{"id":"880","name":"SULUSARAY","box_count":"25","open_box_count":"0","voter_count":"5310","total_valid_vote":"0","results":{"millet":"0","cumhur":"0","akp":"0","mhp":"0","hudapar":"0","vatan":"0","hdp":"0","iyi":"0","chp":"0","sp":"0","updated_at":"2018-06-24 23:32:24"}}]],"winners":[{"firstname":"AL\u0130","lastname":"K\u00dc\u00c7\u00dcK","party":"sp","order":1},{"firstname":"\u00d6ZKAN","lastname":"\u00c7AKMAK","party":"vatan","order":2},{"firstname":"AL\u0130 TURAN","lastname":"TOKG\u00d6Z","party":"iyi","order":3},{"firstname":"YUSUF","lastname":"BEYAZIT","party":"akp","order":4},{"firstname":"AY\u015eE","lastname":"G\u00d6NAN","party":"sp","order":5}]}