{"id":"45","name":"MAN\u0130SA","box_count":"3424","open_box_count":"1259","voter_count":"1044628","total_valid_vote":"351885","results":{"millet":"934","cumhur":"2982","akp":"138259","mhp":"41130","hudapar":"909","vatan":"1014","hdp":"22303","iyi":"49161","chp":"94712","sp":"3728","updated_at":"2018-06-24 23:33:09"},"districts":[[{"id":"18","name":"AKH\u0130SAR","box_count":"409","open_box_count":"198","voter_count":"130082","total_valid_vote":"55501","results":{"millet":"150","cumhur":"434","akp":"20357","mhp":"5153","hudapar":"141","vatan":"189","hdp":"2261","iyi":"6145","chp":"20400","sp":"694","updated_at":"2018-06-24 23:32:26"}},{"id":"27","name":"ALA\u015eEH\u0130R","box_count":"256","open_box_count":"85","voter_count":"75827","total_valid_vote":"21549","results":{"millet":"59","cumhur":"160","akp":"7232","mhp":"2916","hudapar":"76","vatan":"84","hdp":"1004","iyi":"3693","chp":"6288","sp":"249","updated_at":"2018-06-24 23:32:27"}},{"id":"167","name":"DEM\u0130RC\u0130","box_count":"135","open_box_count":"39","voter_count":"30266","total_valid_vote":"8396","results":{"millet":"11","cumhur":"86","akp":"4844","mhp":"960","hudapar":"16","vatan":"28","hdp":"59","iyi":"1084","chp":"1258","sp":"148","updated_at":"2018-06-24 23:32:40"}},{"id":"259","name":"G\u00d6RDES","box_count":"95","open_box_count":"20","voter_count":"22759","total_valid_vote":"4103","results":{"millet":"10","cumhur":"53","akp":"2154","mhp":"517","hudapar":"18","vatan":"19","hdp":"51","iyi":"551","chp":"746","sp":"44","updated_at":"2018-06-24 23:32:44"}},{"id":"364","name":"KIRKA\u011eA\u00c7","box_count":"103","open_box_count":"24","voter_count":"29256","total_valid_vote":"6154","results":{"millet":"12","cumhur":"36","akp":"3914","mhp":"394","hudapar":"20","vatan":"14","hdp":"93","iyi":"624","chp":"940","sp":"149","updated_at":"2018-06-24 23:32:52"}},{"id":"382","name":"KULA","box_count":"135","open_box_count":"37","voter_count":"34703","total_valid_vote":"8395","results":{"millet":"21","cumhur":"75","akp":"3941","mhp":"1184","hudapar":"32","vatan":"38","hdp":"86","iyi":"1277","chp":"1767","sp":"66","updated_at":"2018-06-24 23:32:55"}},{"id":"483","name":"SAL\u0130HL\u0130","box_count":"386","open_box_count":"161","voter_count":"123901","total_valid_vote":"45436","results":{"millet":"108","cumhur":"400","akp":"14723","mhp":"5975","hudapar":"138","vatan":"148","hdp":"2731","iyi":"6674","chp":"14655","sp":"373","updated_at":"2018-06-24 23:32:58"}},{"id":"493","name":"SARIG\u00d6L","box_count":"93","open_box_count":"20","voter_count":"28394","total_valid_vote":"5182","results":{"millet":"18","cumhur":"28","akp":"1820","mhp":"581","hudapar":"42","vatan":"27","hdp":"46","iyi":"801","chp":"1834","sp":"29","updated_at":"2018-06-24 23:32:58"}},{"id":"499","name":"SARUHANLI","box_count":"138","open_box_count":"40","voter_count":"41904","total_valid_vote":"10540","results":{"millet":"21","cumhur":"65","akp":"3970","mhp":"751","hudapar":"37","vatan":"17","hdp":"1280","iyi":"1128","chp":"3234","sp":"102","updated_at":"2018-06-24 23:32:58"}},{"id":"506","name":"SELEND\u0130","box_count":"82","open_box_count":"17","voter_count":"16025","total_valid_vote":"3268","results":{"millet":"5","cumhur":"58","akp":"1166","mhp":"1182","hudapar":"15","vatan":"11","hdp":"33","iyi":"300","chp":"530","sp":"31","updated_at":"2018-06-24 23:32:58"}},{"id":"527","name":"SOMA","box_count":"268","open_box_count":"127","voter_count":"79850","total_valid_vote":"36412","results":{"millet":"104","cumhur":"309","akp":"17321","mhp":"4226","hudapar":"53","vatan":"132","hdp":"1022","iyi":"4551","chp":"8488","sp":"567","updated_at":"2018-06-24 23:32:59"}},{"id":"582","name":"TURGUTLU","box_count":"342","open_box_count":"161","voter_count":"116822","total_valid_vote":"48261","results":{"millet":"120","cumhur":"421","akp":"19551","mhp":"5287","hudapar":"157","vatan":"98","hdp":"6575","iyi":"6498","chp":"9535","sp":"458","updated_at":"2018-06-24 23:33:01"}},{"id":"644","name":"AHMETL\u0130","box_count":"46","open_box_count":"7","voter_count":"12678","total_valid_vote":"2168","results":{"millet":"4","cumhur":"23","akp":"874","mhp":"231","hudapar":"1","vatan":"7","hdp":"211","iyi":"337","chp":"489","sp":"18","updated_at":"2018-06-24 23:33:03"}},{"id":"686","name":"G\u00d6LMARMARA","box_count":"42","open_box_count":"3","voter_count":"11333","total_valid_vote":"662","results":{"millet":"1","cumhur":"5","akp":"210","mhp":"64","hudapar":"0","vatan":"1","hdp":"39","iyi":"57","chp":"289","sp":"2","updated_at":"2018-06-24 23:33:03"}},{"id":"858","name":"K\u00d6PR\u00dcBA\u015eI","box_count":"62","open_box_count":"17","voter_count":"10867","total_valid_vote":"3197","results":{"millet":"5","cumhur":"12","akp":"1306","mhp":"329","hudapar":"10","vatan":"14","hdp":"48","iyi":"638","chp":"807","sp":"28","updated_at":"2018-06-24 23:33:05"}},{"id":"1037","name":"\u015eEHZADELER","box_count":"355","open_box_count":"165","voter_count":"120239","total_valid_vote":"51272","results":{"millet":"174","cumhur":"451","akp":"18961","mhp":"6095","hudapar":"83","vatan":"90","hdp":"3930","iyi":"8518","chp":"13021","sp":"410","updated_at":"2018-06-24 23:33:08"}},{"id":"1038","name":"YUNUSEMRE","box_count":"477","open_box_count":"138","voter_count":"159722","total_valid_vote":"41389","results":{"millet":"111","cumhur":"366","akp":"15915","mhp":"5285","hudapar":"70","vatan":"97","hdp":"2834","iyi":"6285","chp":"10431","sp":"360","updated_at":"2018-06-24 23:33:08"}}]],"winners":[{"firstname":"N\u0130HAT","lastname":"YILDIRIM","party":"hdp","order":1},{"firstname":"ERKAN","lastname":"AK\u00c7AY","party":"mhp","order":2},{"firstname":"MEHMET","lastname":"\u00d6NAL","party":"sp","order":3},{"firstname":"NUR\u0130TT\u0130N","lastname":"D\u0130NGAZ","party":"chp","order":4},{"firstname":"TAMER","lastname":"AKKAL","party":"iyi","order":5},{"firstname":"SAFFET","lastname":"\u015eENYURT","party":"vatan","order":6},{"firstname":"NURULLAH","lastname":"SAVA\u015e","party":"mhp","order":7},{"firstname":"ABDULLAH","lastname":"YILMAZ","party":"sp","order":8},{"firstname":"R\u0130FAT","lastname":"I\u015eIK","party":"vatan","order":9},{"firstname":"B\u0130LAL","lastname":"K\u0130\u015eE\u00c7OK","party":"sp","order":10}]}