{"id":"3","name":"AFYONKARAH\u0130SAR","box_count":"1802","open_box_count":"475","voter_count":"506851","total_valid_vote":"116753","results":{"millet":"195","cumhur":"1620","akp":"68241","mhp":"16942","hudapar":"261","vatan":"264","hdp":"877","iyi":"14435","chp":"14307","sp":"1267","updated_at":"2018-06-24 23:33:09"},"districts":[[{"id":"8","name":"AFYONKARAH\u0130SAR MERKEZ","box_count":"582","open_box_count":"198","voter_count":"195131","total_valid_vote":"58231","results":{"millet":"104","cumhur":"785","akp":"34343","mhp":"8493","hudapar":"78","vatan":"88","hdp":"537","iyi":"7835","chp":"6130","sp":"678","updated_at":"2018-06-24 23:32:25"}},{"id":"99","name":"BOLVAD\u0130N","box_count":"121","open_box_count":"37","voter_count":"31137","total_valid_vote":"8205","results":{"millet":"7","cumhur":"94","akp":"4512","mhp":"1969","hudapar":"27","vatan":"13","hdp":"66","iyi":"839","chp":"613","sp":"105","updated_at":"2018-06-24 23:32:34"}},{"id":"137","name":"\u00c7AY","box_count":"81","open_box_count":"15","voter_count":"23590","total_valid_vote":"3299","results":{"millet":"7","cumhur":"44","akp":"1697","mhp":"521","hudapar":"16","vatan":"10","hdp":"11","iyi":"558","chp":"463","sp":"23","updated_at":"2018-06-24 23:32:37"}},{"id":"165","name":"DAZKIRI","box_count":"34","open_box_count":"0","voter_count":"8481","total_valid_vote":"0","results":{"millet":"0","cumhur":"0","akp":"0","mhp":"0","hudapar":"0","vatan":"0","hdp":"0","iyi":"0","chp":"0","sp":"0","updated_at":"2018-06-24 23:32:24"}},{"id":"179","name":"D\u0130NAR","box_count":"150","open_box_count":"49","voter_count":"34977","total_valid_vote":"9469","results":{"millet":"25","cumhur":"100","akp":"4130","mhp":"1369","hudapar":"35","vatan":"37","hdp":"104","iyi":"1452","chp":"2190","sp":"113","updated_at":"2018-06-24 23:32:41"}},{"id":"204","name":"EM\u0130RDA\u011e","box_count":"132","open_box_count":"39","voter_count":"27862","total_valid_vote":"5229","results":{"millet":"11","cumhur":"86","akp":"2831","mhp":"546","hudapar":"23","vatan":"21","hdp":"30","iyi":"624","chp":"1105","sp":"47","updated_at":"2018-06-24 23:32:41"}},{"id":"301","name":"\u0130HSAN\u0130YE","box_count":"79","open_box_count":"20","voter_count":"19876","total_valid_vote":"4478","results":{"millet":"2","cumhur":"73","akp":"3035","mhp":"746","hudapar":"6","vatan":"16","hdp":"17","iyi":"268","chp":"351","sp":"39","updated_at":"2018-06-24 23:32:47"}},{"id":"487","name":"SANDIKLI","box_count":"149","open_box_count":"35","voter_count":"41255","total_valid_vote":"7378","results":{"millet":"11","cumhur":"107","akp":"4445","mhp":"989","hudapar":"22","vatan":"27","hdp":"42","iyi":"972","chp":"779","sp":"101","updated_at":"2018-06-24 23:32:58"}},{"id":"519","name":"S\u0130NANPA\u015eA","box_count":"118","open_box_count":"34","voter_count":"30039","total_valid_vote":"7791","results":{"millet":"8","cumhur":"121","akp":"5140","mhp":"1051","hudapar":"25","vatan":"19","hdp":"17","iyi":"708","chp":"759","sp":"69","updated_at":"2018-06-24 23:32:59"}},{"id":"532","name":"SULTANDA\u011eI","box_count":"48","open_box_count":"9","voter_count":"12699","total_valid_vote":"2152","results":{"millet":"6","cumhur":"7","akp":"647","mhp":"143","hudapar":"9","vatan":"10","hdp":"21","iyi":"365","chp":"920","sp":"34","updated_at":"2018-06-24 23:32:59"}},{"id":"557","name":"\u015eUHUT","box_count":"102","open_box_count":"22","voter_count":"27722","total_valid_vote":"5736","results":{"millet":"8","cumhur":"51","akp":"3728","mhp":"479","hudapar":"11","vatan":"13","hdp":"17","iyi":"535","chp":"916","sp":"37","updated_at":"2018-06-24 23:33:00"}},{"id":"664","name":"BA\u015eMAK\u00c7I","box_count":"31","open_box_count":"0","voter_count":"7818","total_valid_vote":"0","results":{"millet":"0","cumhur":"0","akp":"0","mhp":"0","hudapar":"0","vatan":"0","hdp":"0","iyi":"0","chp":"0","sp":"0","updated_at":"2018-06-24 23:32:24"}},{"id":"666","name":"BAYAT","box_count":"24","open_box_count":"0","voter_count":"5695","total_valid_vote":"0","results":{"millet":"0","cumhur":"0","akp":"0","mhp":"0","hudapar":"0","vatan":"0","hdp":"0","iyi":"0","chp":"0","sp":"0","updated_at":"2018-06-24 23:32:24"}},{"id":"702","name":"\u0130SCEH\u0130SAR","box_count":"56","open_box_count":"17","voter_count":"16583","total_valid_vote":"4785","results":{"millet":"6","cumhur":"152","akp":"3733","mhp":"636","hudapar":"9","vatan":"10","hdp":"15","iyi":"279","chp":"81","sp":"21","updated_at":"2018-06-24 23:33:04"}},{"id":"799","name":"\u00c7OBANLAR","box_count":"34","open_box_count":"0","voter_count":"9011","total_valid_vote":"0","results":{"millet":"0","cumhur":"0","akp":"0","mhp":"0","hudapar":"0","vatan":"0","hdp":"0","iyi":"0","chp":"0","sp":"0","updated_at":"2018-06-24 23:32:24"}},{"id":"816","name":"EVC\u0130LER","box_count":"22","open_box_count":"0","voter_count":"5617","total_valid_vote":"0","results":{"millet":"0","cumhur":"0","akp":"0","mhp":"0","hudapar":"0","vatan":"0","hdp":"0","iyi":"0","chp":"0","sp":"0","updated_at":"2018-06-24 23:32:24"}},{"id":"837","name":"HOCALAR","box_count":"30","open_box_count":"0","voter_count":"7357","total_valid_vote":"0","results":{"millet":"0","cumhur":"0","akp":"0","mhp":"0","hudapar":"0","vatan":"0","hdp":"0","iyi":"0","chp":"0","sp":"0","updated_at":"2018-06-24 23:32:24"}},{"id":"854","name":"KIZIL\u00d6REN","box_count":"9","open_box_count":"0","voter_count":"2001","total_valid_vote":"0","results":{"millet":"0","cumhur":"0","akp":"0","mhp":"0","hudapar":"0","vatan":"0","hdp":"0","iyi":"0","chp":"0","sp":"0","updated_at":"2018-06-24 23:32:24"}}]],"winners":[{"firstname":"G\u00dcLTEK\u0130N","lastname":"UYSAL","party":"iyi","order":1},{"firstname":"\u0130BRAH\u0130M HAL\u0130L","lastname":"U\u00c7AR","party":"hudapar","order":2},{"firstname":"RAMAZAN","lastname":"AKG\u00d6Z","party":"chp","order":3},{"firstname":"AHMET HAKAN","lastname":"UYAN","party":"chp","order":4},{"firstname":"HASAN H\u00dcSEY\u0130N","lastname":"U\u011eURLU","party":"sp","order":5},{"firstname":"YA\u015eAR","lastname":"KARAKAYA","party":"sp","order":6}]}