{"id":"21","name":"D\u0130YARBAKIR","box_count":"3304","open_box_count":"660","voter_count":"1023391","total_valid_vote":"161215","results":{"millet":"115","cumhur":"332","akp":"33657","mhp":"1886","hudapar":"61","vatan":"365","hdp":"106772","iyi":"4679","chp":"3383","sp":"2975","updated_at":"2018-06-24 23:33:11"},"districts":[[{"id":"94","name":"B\u0130SM\u0130L","box_count":"251","open_box_count":"35","voter_count":"67195","total_valid_vote":"5648","results":{"millet":"4","cumhur":"11","akp":"968","mhp":"66","hudapar":"8","vatan":"5","hdp":"4154","iyi":"78","chp":"147","sp":"39","updated_at":"2018-06-24 23:32:33"}},{"id":"147","name":"\u00c7ERM\u0130K","box_count":"128","open_box_count":"30","voter_count":"30594","total_valid_vote":"5873","results":{"millet":"8","cumhur":"32","akp":"2877","mhp":"140","hudapar":"0","vatan":"10","hdp":"1798","iyi":"182","chp":"273","sp":"82","updated_at":"2018-06-24 23:32:38"}},{"id":"151","name":"\u00c7INAR","box_count":"153","open_box_count":"22","voter_count":"37964","total_valid_vote":"4141","results":{"millet":"0","cumhur":"5","akp":"600","mhp":"29","hudapar":"0","vatan":"7","hdp":"2925","iyi":"42","chp":"56","sp":"27","updated_at":"2018-06-24 23:32:38"}},{"id":"161","name":"\u00c7\u00dcNG\u00dc\u015e","box_count":"45","open_box_count":"4","voter_count":"7986","total_valid_vote":"561","results":{"millet":"1","cumhur":"3","akp":"224","mhp":"5","hudapar":"0","vatan":"3","hdp":"226","iyi":"54","chp":"30","sp":"7","updated_at":"2018-06-24 23:32:39"}},{"id":"176","name":"D\u0130CLE","box_count":"79","open_box_count":"18","voter_count":"22394","total_valid_vote":"3403","results":{"millet":"6","cumhur":"3","akp":"478","mhp":"19","hudapar":"0","vatan":"6","hdp":"1451","iyi":"991","chp":"25","sp":"389","updated_at":"2018-06-24 23:32:41"}},{"id":"213","name":"ERGAN\u0130","box_count":"271","open_box_count":"50","voter_count":"79624","total_valid_vote":"9713","results":{"millet":"10","cumhur":"27","akp":"2385","mhp":"265","hudapar":"0","vatan":"20","hdp":"5686","iyi":"295","chp":"307","sp":"205","updated_at":"2018-06-24 23:32:42"}},{"id":"278","name":"HAN\u0130","box_count":"60","open_box_count":"16","voter_count":"18723","total_valid_vote":"3374","results":{"millet":"3","cumhur":"11","akp":"802","mhp":"90","hudapar":"0","vatan":"13","hdp":"1935","iyi":"79","chp":"75","sp":"65","updated_at":"2018-06-24 23:32:45"}},{"id":"286","name":"HAZRO","box_count":"34","open_box_count":"0","voter_count":"9628","total_valid_vote":"0","results":{"millet":"0","cumhur":"0","akp":"0","mhp":"0","hudapar":"0","vatan":"0","hdp":"0","iyi":"0","chp":"0","sp":"0","updated_at":"2018-06-24 23:32:24"}},{"id":"383","name":"KULP","box_count":"86","open_box_count":"1","voter_count":"21479","total_valid_vote":"180","results":{"millet":"0","cumhur":"0","akp":"63","mhp":"0","hudapar":"0","vatan":"0","hdp":"112","iyi":"0","chp":"5","sp":"0","updated_at":"2018-06-24 23:32:55"}},{"id":"397","name":"L\u0130CE","box_count":"76","open_box_count":"5","voter_count":"15862","total_valid_vote":"955","results":{"millet":"1","cumhur":"0","akp":"42","mhp":"13","hudapar":"0","vatan":"1","hdp":"878","iyi":"8","chp":"8","sp":"3","updated_at":"2018-06-24 23:32:55"}},{"id":"517","name":"S\u0130LVAN","box_count":"174","open_box_count":"36","voter_count":"49208","total_valid_vote":"7568","results":{"millet":"3","cumhur":"9","akp":"974","mhp":"86","hudapar":"0","vatan":"10","hdp":"6075","iyi":"60","chp":"92","sp":"41","updated_at":"2018-06-24 23:32:59"}},{"id":"684","name":"E\u011e\u0130L","box_count":"53","open_box_count":"7","voter_count":"14020","total_valid_vote":"1302","results":{"millet":"3","cumhur":"4","akp":"584","mhp":"42","hudapar":"0","vatan":"3","hdp":"553","iyi":"39","chp":"38","sp":"31","updated_at":"2018-06-24 23:33:03"}},{"id":"855","name":"KOCAK\u00d6Y","box_count":"37","open_box_count":"0","voter_count":"9726","total_valid_vote":"0","results":{"millet":"0","cumhur":"0","akp":"0","mhp":"0","hudapar":"0","vatan":"0","hdp":"0","iyi":"0","chp":"0","sp":"0","updated_at":"2018-06-24 23:32:24"}},{"id":"944","name":"BA\u011eLAR","box_count":"657","open_box_count":"154","voter_count":"232699","total_valid_vote":"43253","results":{"millet":"16","cumhur":"72","akp":"7845","mhp":"350","hudapar":"20","vatan":"23","hdp":"31200","iyi":"740","chp":"699","sp":"618","updated_at":"2018-06-24 23:33:07"}},{"id":"945","name":"KAYAPINAR","box_count":"602","open_box_count":"138","voter_count":"214959","total_valid_vote":"39133","results":{"millet":"26","cumhur":"72","akp":"8136","mhp":"469","hudapar":"33","vatan":"30","hdp":"26079","iyi":"1283","chp":"851","sp":"899","updated_at":"2018-06-24 23:33:07"}},{"id":"946","name":"SUR","box_count":"231","open_box_count":"87","voter_count":"66358","total_valid_vote":"20763","results":{"millet":"16","cumhur":"33","akp":"4237","mhp":"133","hudapar":"0","vatan":"213","hdp":"13790","iyi":"436","chp":"304","sp":"379","updated_at":"2018-06-24 23:33:07"}},{"id":"986","name":"YEN\u0130\u015eEH\u0130R","box_count":"367","open_box_count":"57","voter_count":"124972","total_valid_vote":"15348","results":{"millet":"18","cumhur":"50","akp":"3442","mhp":"179","hudapar":"0","vatan":"21","hdp":"9910","iyi":"392","chp":"473","sp":"190","updated_at":"2018-06-24 23:33:07"}}]],"winners":[{"firstname":"ABDURRAHMAN","lastname":"ERG\u0130N","party":"sp","order":1},{"firstname":"H\u00dcSEY\u0130N","lastname":"TEKTA\u015e","party":"","order":2},{"firstname":"ABDURRAHMAN BERAT","lastname":"AKTA\u015e","party":"chp","order":3},{"firstname":"SELAHATT\u0130N","lastname":"ARSLANBU\u011eUL","party":"","order":4},{"firstname":"FEYZ\u0130","lastname":"Y\u0130G\u0130TKAN","party":"mhp","order":5},{"firstname":"N\u0130HAT AR\u0130F","lastname":"TEK\u0130N","party":"iyi","order":6},{"firstname":"MUSTAFA","lastname":"G\u00dcLEKEN","party":"akp","order":7},{"firstname":"MEHMET","lastname":"TEM\u0130ZY\u00dcZ","party":"hdp","order":8},{"firstname":"MET\u0130N","lastname":"BAYS\u00dcNGUR","party":"","order":9},{"firstname":"MUHAMMET MUHYETT\u0130N","lastname":"KAYAN","party":"sp","order":10},{"firstname":"EMRAH","lastname":"ANLI","party":"chp","order":11},{"firstname":"HANDAN","lastname":"KA\u00c7MAZ","party":"iyi","order":12}]}