{"id":"78","name":"KARAB\u00dcK","box_count":"709","open_box_count":"275","voter_count":"175500","total_valid_vote":"59917","results":{"millet":"123","cumhur":"689","akp":"32015","mhp":"8506","hudapar":"112","vatan":"197","hdp":"706","iyi":"7381","chp":"9820","sp":"1013","updated_at":"2018-06-24 23:33:11"},"districts":[[{"id":"194","name":"EFLAN\u0130","box_count":"62","open_box_count":"15","voter_count":"6967","total_valid_vote":"1340","results":{"millet":"2","cumhur":"22","akp":"890","mhp":"150","hudapar":"6","vatan":"12","hdp":"9","iyi":"118","chp":"140","sp":"15","updated_at":"2018-06-24 23:32:41"}},{"id":"219","name":"ESK\u0130PAZAR","box_count":"65","open_box_count":"20","voter_count":"9966","total_valid_vote":"1719","results":{"millet":"0","cumhur":"33","akp":"1093","mhp":"259","hudapar":"5","vatan":"13","hdp":"6","iyi":"210","chp":"108","sp":"25","updated_at":"2018-06-24 23:32:42"}},{"id":"328","name":"KARAB\u00dcK MERKEZ","box_count":"280","open_box_count":"140","voter_count":"91193","total_valid_vote":"38304","results":{"millet":"81","cumhur":"456","akp":"20379","mhp":"5421","hudapar":"51","vatan":"107","hdp":"510","iyi":"4980","chp":"6025","sp":"665","updated_at":"2018-06-24 23:32:49"}},{"id":"454","name":"OVACIK","box_count":"44","open_box_count":"5","voter_count":"2991","total_valid_vote":"216","results":{"millet":"0","cumhur":"3","akp":"152","mhp":"24","hudapar":"0","vatan":"0","hdp":"1","iyi":"16","chp":"21","sp":"2","updated_at":"2018-06-24 23:32:57"}},{"id":"480","name":"SAFRANBOLU","box_count":"184","open_box_count":"75","voter_count":"47753","total_valid_vote":"15298","results":{"millet":"33","cumhur":"145","akp":"7782","mhp":"2313","hudapar":"38","vatan":"40","hdp":"162","iyi":"1728","chp":"2990","sp":"245","updated_at":"2018-06-24 23:32:58"}},{"id":"749","name":"YEN\u0130CE","box_count":"74","open_box_count":"20","voter_count":"16630","total_valid_vote":"3040","results":{"millet":"7","cumhur":"30","akp":"1719","mhp":"339","hudapar":"12","vatan":"25","hdp":"18","iyi":"329","chp":"536","sp":"61","updated_at":"2018-06-24 23:33:05"}}]],"winners":[{"firstname":"DURSUN","lastname":"ALTIPARMAK","party":"iyi","order":1},{"firstname":"AYDIN","lastname":"YAPICI","party":"hudapar","order":2},{"firstname":"MEHMET","lastname":"PEN\u00c7EK","party":"vatan","order":3}]}