{"id":"20","name":"DEN\u0130ZL\u0130","box_count":"2337","open_box_count":"869","voter_count":"747897","total_valid_vote":"257405","results":{"millet":"777","cumhur":"2091","akp":"102274","mhp":"24567","hudapar":"668","vatan":"670","hdp":"11315","iyi":"42907","chp":"72339","sp":"2200","updated_at":"2018-06-24 23:33:09"},"districts":[[{"id":"2","name":"ACIPAYAM","box_count":"146","open_box_count":"41","voter_count":"43463","total_valid_vote":"11580","results":{"millet":"35","cumhur":"84","akp":"5307","mhp":"1056","hudapar":"35","vatan":"33","hdp":"164","iyi":"1681","chp":"3133","sp":"108","updated_at":"2018-06-24 23:32:25"}},{"id":"113","name":"BULDAN","box_count":"79","open_box_count":"20","voter_count":"20942","total_valid_vote":"4034","results":{"millet":"19","cumhur":"24","akp":"1550","mhp":"345","hudapar":"16","vatan":"26","hdp":"29","iyi":"860","chp":"1183","sp":"22","updated_at":"2018-06-24 23:32:35"}},{"id":"122","name":"\u00c7AL","box_count":"67","open_box_count":"21","voter_count":"15728","total_valid_vote":"3929","results":{"millet":"17","cumhur":"30","akp":"1418","mhp":"249","hudapar":"14","vatan":"21","hdp":"54","iyi":"695","chp":"1420","sp":"38","updated_at":"2018-06-24 23:32:36"}},{"id":"124","name":"\u00c7AMEL\u0130","box_count":"52","open_box_count":"13","voter_count":"14791","total_valid_vote":"3157","results":{"millet":"7","cumhur":"19","akp":"1519","mhp":"257","hudapar":"10","vatan":"20","hdp":"33","iyi":"441","chp":"846","sp":"22","updated_at":"2018-06-24 23:32:36"}},{"id":"131","name":"\u00c7ARDAK","box_count":"26","open_box_count":"0","voter_count":"6664","total_valid_vote":"0","results":{"millet":"0","cumhur":"0","akp":"0","mhp":"0","hudapar":"0","vatan":"0","hdp":"0","iyi":"0","chp":"0","sp":"0","updated_at":"2018-06-24 23:32:24"}},{"id":"155","name":"\u00c7\u0130VR\u0130L","box_count":"165","open_box_count":"62","voter_count":"45987","total_valid_vote":"16728","results":{"millet":"43","cumhur":"140","akp":"6969","mhp":"1412","hudapar":"49","vatan":"64","hdp":"187","iyi":"2822","chp":"5065","sp":"142","updated_at":"2018-06-24 23:32:39"}},{"id":"268","name":"G\u00dcNEY","box_count":"35","open_box_count":"0","voter_count":"8071","total_valid_vote":"0","results":{"millet":"0","cumhur":"0","akp":"0","mhp":"0","hudapar":"0","vatan":"0","hdp":"0","iyi":"0","chp":"0","sp":"0","updated_at":"2018-06-24 23:32:24"}},{"id":"321","name":"KALE","box_count":"59","open_box_count":"20","voter_count":"15190","total_valid_vote":"4108","results":{"millet":"5","cumhur":"41","akp":"2204","mhp":"604","hudapar":"26","vatan":"10","hdp":"44","iyi":"635","chp":"543","sp":"35","updated_at":"2018-06-24 23:32:48"}},{"id":"490","name":"SARAYK\u00d6Y","box_count":"78","open_box_count":"20","voter_count":"23029","total_valid_vote":"4984","results":{"millet":"13","cumhur":"33","akp":"1692","mhp":"363","hudapar":"15","vatan":"19","hdp":"408","iyi":"981","chp":"1467","sp":"23","updated_at":"2018-06-24 23:32:58"}},{"id":"563","name":"TAVAS","box_count":"121","open_box_count":"40","voter_count":"35350","total_valid_vote":"10424","results":{"millet":"38","cumhur":"90","akp":"4618","mhp":"1071","hudapar":"40","vatan":"39","hdp":"122","iyi":"1906","chp":"2532","sp":"62","updated_at":"2018-06-24 23:33:00"}},{"id":"662","name":"BABADA\u011e","box_count":"21","open_box_count":"0","voter_count":"4993","total_valid_vote":"0","results":{"millet":"0","cumhur":"0","akp":"0","mhp":"0","hudapar":"0","vatan":"0","hdp":"0","iyi":"0","chp":"0","sp":"0","updated_at":"2018-06-24 23:32:24"}},{"id":"667","name":"BEK\u0130LL\u0130","box_count":"24","open_box_count":"0","voter_count":"5722","total_valid_vote":"0","results":{"millet":"0","cumhur":"0","akp":"0","mhp":"0","hudapar":"0","vatan":"0","hdp":"0","iyi":"0","chp":"0","sp":"0","updated_at":"2018-06-24 23:32:24"}},{"id":"696","name":"HONAZ","box_count":"71","open_box_count":"25","voter_count":"21261","total_valid_vote":"6409","results":{"millet":"35","cumhur":"45","akp":"2207","mhp":"647","hudapar":"23","vatan":"18","hdp":"389","iyi":"1016","chp":"2052","sp":"56","updated_at":"2018-06-24 23:33:03"}},{"id":"733","name":"SER\u0130NH\u0130SAR","box_count":"36","open_box_count":"0","voter_count":"11042","total_valid_vote":"0","results":{"millet":"0","cumhur":"0","akp":"0","mhp":"0","hudapar":"0","vatan":"0","hdp":"0","iyi":"0","chp":"0","sp":"0","updated_at":"2018-06-24 23:32:24"}},{"id":"764","name":"PAMUKKALE","box_count":"681","open_box_count":"278","voter_count":"241553","total_valid_vote":"87704","results":{"millet":"248","cumhur":"752","akp":"35401","mhp":"8806","hudapar":"163","vatan":"212","hdp":"2812","iyi":"14628","chp":"24852","sp":"744","updated_at":"2018-06-24 23:33:05"}},{"id":"774","name":"BAKLAN","box_count":"17","open_box_count":"0","voter_count":"4473","total_valid_vote":"0","results":{"millet":"0","cumhur":"0","akp":"0","mhp":"0","hudapar":"0","vatan":"0","hdp":"0","iyi":"0","chp":"0","sp":"0","updated_at":"2018-06-24 23:32:24"}},{"id":"781","name":"BEYA\u011eA\u00c7","box_count":"22","open_box_count":"0","voter_count":"5217","total_valid_vote":"0","results":{"millet":"0","cumhur":"0","akp":"0","mhp":"0","hudapar":"0","vatan":"0","hdp":"0","iyi":"0","chp":"0","sp":"0","updated_at":"2018-06-24 23:32:24"}},{"id":"782","name":"BOZKURT","box_count":"34","open_box_count":"0","voter_count":"8661","total_valid_vote":"0","results":{"millet":"0","cumhur":"0","akp":"0","mhp":"0","hudapar":"0","vatan":"0","hdp":"0","iyi":"0","chp":"0","sp":"0","updated_at":"2018-06-24 23:32:24"}},{"id":"1035","name":"MERKEZEFEND\u0130","box_count":"603","open_box_count":"329","voter_count":"215760","total_valid_vote":"104348","results":{"millet":"317","cumhur":"833","akp":"39389","mhp":"9757","hudapar":"277","vatan":"208","hdp":"7073","iyi":"17242","chp":"29246","sp":"948","updated_at":"2018-06-24 23:33:08"}}]],"winners":[{"firstname":"EM\u0130N","lastname":"OKKAYA","party":"","order":1},{"firstname":"\u015eAH\u0130N","lastname":"T\u0130N","party":"akp","order":2},{"firstname":"EMRAH","lastname":"KOZAK","party":"mhp","order":3},{"firstname":"CENG\u0130Z","lastname":"DURMAZ","party":"hudapar","order":4},{"firstname":"MEHMET AL\u0130","lastname":"SEZER","party":"sp","order":5},{"firstname":"\u015eULE","lastname":"OCAKO\u011eLU","party":"mhp","order":6},{"firstname":"\u015eEN\u0130Z","lastname":"DO\u011eAN","party":"chp","order":7},{"firstname":"HAL\u0130S","lastname":"\u00d6ZKAN","party":"vatan","order":8}]}