{"id":"23","name":"ELAZI\u011e","box_count":"1544","open_box_count":"587","voter_count":"411019","total_valid_vote":"136205","results":{"millet":"190","cumhur":"1377","akp":"72915","mhp":"20059","hudapar":"1580","vatan":"166","hdp":"12165","iyi":"11512","chp":"15012","sp":"2544","updated_at":"2018-06-24 23:33:10"},"districts":[[{"id":"10","name":"A\u011eIN","box_count":"23","open_box_count":"0","voter_count":"2285","total_valid_vote":"0","results":{"millet":"0","cumhur":"0","akp":"0","mhp":"0","hudapar":"0","vatan":"0","hdp":"0","iyi":"0","chp":"0","sp":"0","updated_at":"2018-06-24 23:32:24"}},{"id":"72","name":"BASK\u0130L","box_count":"75","open_box_count":"19","voter_count":"10050","total_valid_vote":"2025","results":{"millet":"2","cumhur":"11","akp":"1582","mhp":"214","hudapar":"7","vatan":"4","hdp":"17","iyi":"76","chp":"108","sp":"17","updated_at":"2018-06-24 23:32:31"}},{"id":"196","name":"ELAZI\u011e MERKEZ","box_count":"950","open_box_count":"486","voter_count":"305354","total_valid_vote":"125129","results":{"millet":"183","cumhur":"1321","akp":"65444","mhp":"18968","hudapar":"1350","vatan":"149","hdp":"10893","iyi":"11247","chp":"14462","sp":"2364","updated_at":"2018-06-24 23:32:41"}},{"id":"333","name":"KARAKO\u00c7AN","box_count":"103","open_box_count":"14","voter_count":"20043","total_valid_vote":"1644","results":{"millet":"2","cumhur":"5","akp":"774","mhp":"62","hudapar":"14","vatan":"4","hdp":"662","iyi":"22","chp":"61","sp":"45","updated_at":"2018-06-24 23:32:49"}},{"id":"349","name":"KEBAN","box_count":"41","open_box_count":"2","voter_count":"5038","total_valid_vote":"182","results":{"millet":"1","cumhur":"0","akp":"45","mhp":"11","hudapar":"0","vatan":"0","hdp":"50","iyi":"5","chp":"69","sp":"2","updated_at":"2018-06-24 23:32:51"}},{"id":"399","name":"MADEN","box_count":"49","open_box_count":"6","voter_count":"8433","total_valid_vote":"526","results":{"millet":"0","cumhur":"3","akp":"316","mhp":"42","hudapar":"4","vatan":"0","hdp":"52","iyi":"28","chp":"79","sp":"5","updated_at":"2018-06-24 23:32:55"}},{"id":"459","name":"PALU","box_count":"61","open_box_count":"17","voter_count":"13082","total_valid_vote":"2271","results":{"millet":"0","cumhur":"6","akp":"1680","mhp":"282","hudapar":"129","vatan":"3","hdp":"41","iyi":"24","chp":"49","sp":"63","updated_at":"2018-06-24 23:32:57"}},{"id":"524","name":"S\u0130VR\u0130CE","box_count":"60","open_box_count":"18","voter_count":"6270","total_valid_vote":"1014","results":{"millet":"1","cumhur":"9","akp":"725","mhp":"153","hudapar":"1","vatan":"3","hdp":"16","iyi":"40","chp":"70","sp":"6","updated_at":"2018-06-24 23:32:59"}},{"id":"655","name":"ARICAK","box_count":"34","open_box_count":"0","voter_count":"9622","total_valid_vote":"0","results":{"millet":"0","cumhur":"0","akp":"0","mhp":"0","hudapar":"0","vatan":"0","hdp":"0","iyi":"0","chp":"0","sp":"0","updated_at":"2018-06-24 23:32:24"}},{"id":"713","name":"KOVANCILAR","box_count":"128","open_box_count":"25","voter_count":"26140","total_valid_vote":"3414","results":{"millet":"1","cumhur":"22","akp":"2349","mhp":"327","hudapar":"75","vatan":"3","hdp":"434","iyi":"70","chp":"114","sp":"42","updated_at":"2018-06-24 23:33:04"}},{"id":"766","name":"ALACAKAYA","box_count":"20","open_box_count":"0","voter_count":"4702","total_valid_vote":"0","results":{"millet":"0","cumhur":"0","akp":"0","mhp":"0","hudapar":"0","vatan":"0","hdp":"0","iyi":"0","chp":"0","sp":"0","updated_at":"2018-06-24 16:53:16"}}]],"winners":[{"firstname":"Z\u00dcLF\u00dc TOLGA","lastname":"A\u011eAR","party":"akp","order":1},{"firstname":"EN\u0130S","lastname":"G\u0130RAY","party":"iyi","order":2},{"firstname":"SAM\u0130","lastname":"SELEN","party":"mhp","order":3},{"firstname":"\u00d6ZKAN","lastname":"ERGEN","party":"sp","order":4},{"firstname":"MAHMUT","lastname":"\u015eAH\u0130N","party":"hudapar","order":5}]}