{"id":"15","name":"BURDUR","box_count":"696","open_box_count":"198","voter_count":"196380","total_valid_vote":"47412","results":{"millet":"130","cumhur":"391","akp":"19595","mhp":"5342","hudapar":"155","vatan":"211","hdp":"808","iyi":"10180","chp":"10311","sp":"745","updated_at":"2018-06-24 23:33:11"},"districts":[[{"id":"9","name":"A\u011eLASUN","box_count":"26","open_box_count":"0","voter_count":"6577","total_valid_vote":"0","results":{"millet":"0","cumhur":"0","akp":"0","mhp":"0","hudapar":"0","vatan":"0","hdp":"0","iyi":"0","chp":"0","sp":"0","updated_at":"2018-06-24 23:32:24"}},{"id":"110","name":"BUCAK","box_count":"165","open_box_count":"42","voter_count":"47964","total_valid_vote":"9624","results":{"millet":"13","cumhur":"95","akp":"4704","mhp":"1350","hudapar":"37","vatan":"37","hdp":"82","iyi":"1896","chp":"1356","sp":"135","updated_at":"2018-06-24 23:32:35"}},{"id":"114","name":"BURDUR MERKEZ","box_count":"250","open_box_count":"120","voter_count":"75945","total_valid_vote":"31091","results":{"millet":"106","cumhur":"233","akp":"11554","mhp":"3208","hudapar":"89","vatan":"114","hdp":"670","iyi":"7389","chp":"7517","sp":"540","updated_at":"2018-06-24 23:32:35"}},{"id":"254","name":"G\u00d6LH\u0130SAR","box_count":"55","open_box_count":"16","voter_count":"16726","total_valid_vote":"3369","results":{"millet":"6","cumhur":"32","akp":"1967","mhp":"520","hudapar":"16","vatan":"27","hdp":"25","iyi":"304","chp":"478","sp":"32","updated_at":"2018-06-24 23:32:43"}},{"id":"565","name":"TEFENN\u0130","box_count":"34","open_box_count":"0","voter_count":"8248","total_valid_vote":"0","results":{"millet":"0","cumhur":"0","akp":"0","mhp":"0","hudapar":"0","vatan":"0","hdp":"0","iyi":"0","chp":"0","sp":"0","updated_at":"2018-06-24 23:32:24"}},{"id":"621","name":"YE\u015e\u0130LOVA","box_count":"60","open_box_count":"20","voter_count":"13172","total_valid_vote":"3328","results":{"millet":"5","cumhur":"31","akp":"1370","mhp":"264","hudapar":"13","vatan":"33","hdp":"31","iyi":"591","chp":"960","sp":"38","updated_at":"2018-06-24 23:33:02"}},{"id":"706","name":"KARAMANLI","box_count":"28","open_box_count":"0","voter_count":"6352","total_valid_vote":"0","results":{"millet":"0","cumhur":"0","akp":"0","mhp":"0","hudapar":"0","vatan":"0","hdp":"0","iyi":"0","chp":"0","sp":"0","updated_at":"2018-06-24 23:32:24"}},{"id":"709","name":"KEMER","box_count":"11","open_box_count":"0","voter_count":"2730","total_valid_vote":"0","results":{"millet":"0","cumhur":"0","akp":"0","mhp":"0","hudapar":"0","vatan":"0","hdp":"0","iyi":"0","chp":"0","sp":"0","updated_at":"2018-06-24 23:32:24"}},{"id":"767","name":"ALTINYAYLA","box_count":"15","open_box_count":"0","voter_count":"4317","total_valid_vote":"0","results":{"millet":"0","cumhur":"0","akp":"0","mhp":"0","hudapar":"0","vatan":"0","hdp":"0","iyi":"0","chp":"0","sp":"0","updated_at":"2018-06-24 23:32:24"}},{"id":"792","name":"\u00c7AVDIR","box_count":"36","open_box_count":"0","voter_count":"9966","total_valid_vote":"0","results":{"millet":"0","cumhur":"0","akp":"0","mhp":"0","hudapar":"0","vatan":"0","hdp":"0","iyi":"0","chp":"0","sp":"0","updated_at":"2018-06-24 23:32:24"}},{"id":"796","name":"\u00c7ELT\u0130K\u00c7\u0130","box_count":"16","open_box_count":"0","voter_count":"4383","total_valid_vote":"0","results":{"millet":"0","cumhur":"0","akp":"0","mhp":"0","hudapar":"0","vatan":"0","hdp":"0","iyi":"0","chp":"0","sp":"0","updated_at":"2018-06-24 23:32:24"}}]],"winners":[{"firstname":"\u0130SMA\u0130L","lastname":"GELTURAN","party":"hdp","order":1},{"firstname":"HAT\u0130CE FUNDA","lastname":"B\u00dcLB\u00dcL","party":"iyi","order":2},{"firstname":"H\u00dcSEY\u0130N","lastname":"ERDEM","party":"iyi","order":3}]}