{"id":"35","name":"\u0130ZM\u0130R","box_count":"9334","open_box_count":"3912","voter_count":"3227032","total_valid_vote":"1179488","results":{"millet":"4176","cumhur":"7974","akp":"343635","mhp":"76338","hudapar":"2271","vatan":"4093","hdp":"136776","iyi":"129418","chp":"474162","sp":"10191","updated_at":"2018-06-24 23:33:10"},"districts":{"bir":[{"id":"149","name":"\u00c7E\u015eME","box_count":"102","open_box_count":"18","voter_count":"34017","total_valid_vote":"5391","results":{"millet":"18","cumhur":"27","akp":"1125","mhp":"310","hudapar":"6","vatan":"22","hdp":"476","iyi":"601","chp":"2822","sp":"21","updated_at":"2018-06-24 23:32:38"}},{"id":"327","name":"KARABURUN","box_count":"33","open_box_count":"0","voter_count":"8613","total_valid_vote":"0","results":{"millet":"0","cumhur":"0","akp":"0","mhp":"0","hudapar":"0","vatan":"0","hdp":"0","iyi":"0","chp":"0","sp":"0","updated_at":"2018-06-24 23:32:24"}},{"id":"504","name":"SEFER\u0130H\u0130SAR","box_count":"99","open_box_count":"19","voter_count":"31956","total_valid_vote":"4621","results":{"millet":"17","cumhur":"31","akp":"1186","mhp":"291","hudapar":"1","vatan":"20","hdp":"366","iyi":"462","chp":"2255","sp":"31","updated_at":"2018-06-24 23:32:58"}},{"id":"505","name":"SEL\u00c7UK","box_count":"88","open_box_count":"19","voter_count":"28043","total_valid_vote":"4667","results":{"millet":"18","cumhur":"33","akp":"1155","mhp":"310","hudapar":"7","vatan":"14","hdp":"454","iyi":"629","chp":"2076","sp":"20","updated_at":"2018-06-24 23:32:58"}},{"id":"575","name":"TORBALI","box_count":"368","open_box_count":"138","voter_count":"123521","total_valid_vote":"40459","results":{"millet":"108","cumhur":"285","akp":"13268","mhp":"2623","hudapar":"89","vatan":"87","hdp":"6490","iyi":"4391","chp":"13107","sp":"312","updated_at":"2018-06-24 23:33:00"}},{"id":"596","name":"URLA","box_count":"151","open_box_count":"50","voter_count":"49901","total_valid_vote":"14565","results":{"millet":"61","cumhur":"69","akp":"2659","mhp":"529","hudapar":"18","vatan":"78","hdp":"1454","iyi":"1640","chp":"8083","sp":"77","updated_at":"2018-06-24 23:33:01"}},{"id":"673","name":"BUCA","box_count":"978","open_box_count":"384","voter_count":"359766","total_valid_vote":"121430","results":{"millet":"399","cumhur":"916","akp":"37638","mhp":"8214","hudapar":"242","vatan":"314","hdp":"16051","iyi":"13534","chp":"44188","sp":"1144","updated_at":"2018-06-24 23:33:03"}},{"id":"712","name":"KONAK","box_count":"803","open_box_count":"251","voter_count":"278789","total_valid_vote":"70945","results":{"millet":"253","cumhur":"440","akp":"21690","mhp":"3288","hudapar":"141","vatan":"549","hdp":"12168","iyi":"5701","chp":"26730","sp":"535","updated_at":"2018-06-24 23:33:04"}},{"id":"719","name":"MENDERES","box_count":"203","open_box_count":"63","voter_count":"69335","total_valid_vote":"17753","results":{"millet":"53","cumhur":"164","akp":"6339","mhp":"1248","hudapar":"258","vatan":"96","hdp":"1217","iyi":"1837","chp":"6580","sp":"124","updated_at":"2018-06-24 23:33:04"}},{"id":"898","name":"BAL\u00c7OVA","box_count":"170","open_box_count":"70","voter_count":"60800","total_valid_vote":"21931","results":{"millet":"104","cumhur":"109","akp":"4346","mhp":"877","hudapar":"16","vatan":"71","hdp":"2359","iyi":"2474","chp":"11638","sp":"136","updated_at":"2018-06-24 23:33:06"}},{"id":"901","name":"GAZ\u0130EM\u0130R","box_count":"273","open_box_count":"132","voter_count":"98438","total_valid_vote":"42455","results":{"millet":"190","cumhur":"346","akp":"11406","mhp":"2988","hudapar":"128","vatan":"124","hdp":"3471","iyi":"6005","chp":"17690","sp":"513","updated_at":"2018-06-24 23:33:06"}},{"id":"905","name":"NARLIDERE","box_count":"137","open_box_count":"26","voter_count":"49405","total_valid_vote":"8362","results":{"millet":"47","cumhur":"10","akp":"894","mhp":"216","hudapar":"5","vatan":"70","hdp":"1282","iyi":"915","chp":"4881","sp":"98","updated_at":"2018-06-24 23:33:06"}},{"id":"910","name":"G\u00dcZELBAH\u00c7E","box_count":"71","open_box_count":"20","voter_count":"24133","total_valid_vote":"5896","results":{"millet":"20","cumhur":"16","akp":"846","mhp":"210","hudapar":"8","vatan":"37","hdp":"553","iyi":"718","chp":"3500","sp":"22","updated_at":"2018-06-24 23:33:06"}},{"id":"961","name":"KARABA\u011eLAR","box_count":"986","open_box_count":"544","voter_count":"361124","total_valid_vote":"173026","results":{"millet":"513","cumhur":"1381","akp":"57675","mhp":"11512","hudapar":"265","vatan":"555","hdp":"23395","iyi":"16460","chp":"61022","sp":"1635","updated_at":"2018-06-24 23:33:07"}}],"iki":[{"id":"28","name":"AL\u0130A\u011eA","box_count":"184","open_box_count":"85","voter_count":"64081","total_valid_vote":"25834","results":{"millet":"106","cumhur":"205","akp":"7395","mhp":"2853","hudapar":"34","vatan":"56","hdp":"4156","iyi":"2829","chp":"8183","sp":"310","updated_at":"2018-06-24 23:32:27"}},{"id":"77","name":"BAYINDIR","box_count":"113","open_box_count":"33","voter_count":"31185","total_valid_vote":"7270","results":{"millet":"28","cumhur":"41","akp":"2308","mhp":"413","hudapar":"18","vatan":"31","hdp":"826","iyi":"744","chp":"2892","sp":"36","updated_at":"2018-06-24 23:32:32"}},{"id":"80","name":"BERGAMA","box_count":"297","open_box_count":"150","voter_count":"80413","total_valid_vote":"34765","results":{"millet":"120","cumhur":"207","akp":"11922","mhp":"2871","hudapar":"86","vatan":"104","hdp":"1511","iyi":"4038","chp":"13787","sp":"300","updated_at":"2018-06-24 23:32:32"}},{"id":"102","name":"BORNOVA","box_count":"907","open_box_count":"483","voter_count":"324126","total_valid_vote":"151784","results":{"millet":"571","cumhur":"968","akp":"43860","mhp":"9401","hudapar":"259","vatan":"436","hdp":"15883","iyi":"17258","chp":"63143","sp":"1141","updated_at":"2018-06-24 23:32:34"}},{"id":"178","name":"D\u0130K\u0130L\u0130","box_count":"119","open_box_count":"35","voter_count":"37982","total_valid_vote":"9855","results":{"millet":"40","cumhur":"41","akp":"1740","mhp":"519","hudapar":"17","vatan":"47","hdp":"1170","iyi":"1064","chp":"5232","sp":"64","updated_at":"2018-06-24 23:32:41"}},{"id":"232","name":"FO\u00c7A","box_count":"73","open_box_count":"20","voter_count":"24236","total_valid_vote":"5419","results":{"millet":"24","cumhur":"19","akp":"1159","mhp":"408","hudapar":"6","vatan":"27","hdp":"456","iyi":"702","chp":"2611","sp":"34","updated_at":"2018-06-24 23:32:42"}},{"id":"343","name":"KAR\u015eIYAKA","box_count":"752","open_box_count":"343","voter_count":"274303","total_valid_vote":"110995","results":{"millet":"526","cumhur":"449","akp":"17243","mhp":"4243","hudapar":"92","vatan":"452","hdp":"11383","iyi":"12755","chp":"64134","sp":"572","updated_at":"2018-06-24 23:32:50"}},{"id":"355","name":"KEMALPA\u015eA","box_count":"238","open_box_count":"116","voter_count":"77487","total_valid_vote":"33922","results":{"millet":"107","cumhur":"338","akp":"13155","mhp":"3705","hudapar":"41","vatan":"74","hdp":"1664","iyi":"3594","chp":"11108","sp":"552","updated_at":"2018-06-24 23:32:51"}},{"id":"361","name":"KINIK","box_count":"80","open_box_count":"20","voter_count":"20770","total_valid_vote":"5162","results":{"millet":"12","cumhur":"46","akp":"2182","mhp":"390","hudapar":"5","vatan":"16","hdp":"333","iyi":"768","chp":"1397","sp":"50","updated_at":"2018-06-24 23:32:52"}},{"id":"371","name":"K\u0130RAZ","box_count":"119","open_box_count":"38","voter_count":"33661","total_valid_vote":"9497","results":{"millet":"24","cumhur":"65","akp":"3818","mhp":"767","hudapar":"42","vatan":"74","hdp":"134","iyi":"1204","chp":"3375","sp":"79","updated_at":"2018-06-24 23:32:53"}},{"id":"414","name":"MENEMEN","box_count":"359","open_box_count":"150","voter_count":"120496","total_valid_vote":"43365","results":{"millet":"140","cumhur":"318","akp":"11518","mhp":"3388","hudapar":"86","vatan":"105","hdp":"8461","iyi":"4812","chp":"14378","sp":"355","updated_at":"2018-06-24 23:32:56"}},{"id":"456","name":"\u00d6DEM\u0130\u015e","box_count":"329","open_box_count":"165","voter_count":"103101","total_valid_vote":"43996","results":{"millet":"127","cumhur":"271","akp":"17524","mhp":"3161","hudapar":"100","vatan":"169","hdp":"1497","iyi":"5093","chp":"15843","sp":"439","updated_at":"2018-06-24 23:32:57"}},{"id":"570","name":"T\u0130RE","box_count":"217","open_box_count":"97","voter_count":"65553","total_valid_vote":"24532","results":{"millet":"80","cumhur":"150","akp":"8407","mhp":"1735","hudapar":"72","vatan":"77","hdp":"821","iyi":"4585","chp":"8435","sp":"365","updated_at":"2018-06-24 23:33:00"}},{"id":"669","name":"BEYDA\u011e","box_count":"39","open_box_count":"0","voter_count":"9972","total_valid_vote":"0","results":{"millet":"0","cumhur":"0","akp":"0","mhp":"0","hudapar":"0","vatan":"0","hdp":"0","iyi":"0","chp":"0","sp":"0","updated_at":"2018-06-24 23:32:24"}},{"id":"899","name":"\u00c7\u0130\u011eL\u0130","box_count":"399","open_box_count":"171","voter_count":"145598","total_valid_vote":"54902","results":{"millet":"193","cumhur":"353","akp":"13692","mhp":"3723","hudapar":"59","vatan":"176","hdp":"6654","iyi":"6490","chp":"23652","sp":"388","updated_at":"2018-06-24 23:33:06"}},{"id":"962","name":"BAYRAKLI","box_count":"647","open_box_count":"272","voter_count":"236227","total_valid_vote":"86689","results":{"millet":"277","cumhur":"676","akp":"27485","mhp":"6145","hudapar":"170","vatan":"212","hdp":"12091","iyi":"8115","chp":"31420","sp":"838","updated_at":"2018-06-24 23:33:07"}}]},"winners":[{"firstname":"\u015eENG\u00dcL","lastname":"HABLEM\u0130TO\u011eLU","party":"iyi","order":1},{"firstname":"KEMAL \u0130BRAH\u0130M","lastname":"OKUYAN","party":"","order":2},{"firstname":"CENG\u0130Z","lastname":"DAL\u011eI\u00c7","party":"hudapar","order":3},{"firstname":"HAL\u0130L C\u00dcNEYT","lastname":"A\u00c7IL","party":"akp","order":4},{"firstname":"ERKAN","lastname":"ALP","party":"hudapar","order":5},{"firstname":"DEN\u0130Z","lastname":"ARIK B\u0130NBAY","party":"","order":6},{"firstname":"AL\u0130","lastname":"PEYN\u0130RC\u0130","party":"mhp","order":7},{"firstname":"G\u00d6RKEM","lastname":"G\u00d6ZET","party":"vatan","order":8},{"firstname":"G\u00d6KHAN","lastname":"\u00c7EL\u0130K","party":"mhp","order":9},{"firstname":"CUMHUR","lastname":"BULUT","party":"mhp","order":10},{"firstname":"MEHMET","lastname":"KAPAR","party":"hudapar","order":11},{"firstname":"AYTUN","lastname":"\u00c7IRAY","party":"iyi","order":12},{"firstname":"MAHSUN","lastname":"KORKMAZ","party":"hdp","order":13},{"firstname":"\u0130SMET","lastname":"TOPAL","party":"sp","order":14},{"firstname":"\u015eENER","lastname":"AKDEM\u0130R","party":"chp","order":15},{"firstname":"\u00dcLK\u00dc","lastname":"DO\u011eAN","party":"iyi","order":16},{"firstname":"\u00d6ZCAN","lastname":"PUR\u00c7U","party":"chp","order":17},{"firstname":"EDNAN","lastname":"ARSLAN","party":"chp","order":18},{"firstname":"C\u0130HAN","lastname":"ASLAN","party":"mhp","order":19},{"firstname":"FERHAT","lastname":"AVCI","party":"hudapar","order":20},{"firstname":"NEC\u0130P","lastname":"NASIR","party":"akp","order":21},{"firstname":"EBUBEK\u0130R SIDDIK","lastname":"KORKMAZ","party":"mhp","order":22},{"firstname":"CEM\u0130LE","lastname":"AYDIN","party":"hdp","order":23},{"firstname":"ABDULLAH","lastname":"AKDEN\u0130Z","party":"hdp","order":24},{"firstname":"MUHS\u0130N","lastname":"G\u0130RCUDE","party":"sp","order":25},{"firstname":"HASAN AT\u0130LLA","lastname":"T\u00dcRK\u00d6Z","party":"vatan","order":26},{"firstname":"AHMET","lastname":"CO\u015eAR","party":"mhp","order":27},{"firstname":"MEHMET","lastname":"DA\u011eTEK\u0130N","party":"hudapar","order":28}]}