{"id":"24","name":"ERZ\u0130NCAN","box_count":"942","open_box_count":"245","voter_count":"162168","total_valid_vote":"41941","results":{"millet":"65","cumhur":"385","akp":"16971","mhp":"6971","hudapar":"237","vatan":"151","hdp":"2957","iyi":"1758","chp":"12239","sp":"517","updated_at":"2018-06-24 23:33:11"},"districts":[[{"id":"141","name":"\u00c7AYIRLI","box_count":"56","open_box_count":"14","voter_count":"6890","total_valid_vote":"870","results":{"millet":"0","cumhur":"5","akp":"73","mhp":"35","hudapar":"1","vatan":"0","hdp":"57","iyi":"9","chp":"691","sp":"4","updated_at":"2018-06-24 23:32:37"}},{"id":"216","name":"ERZ\u0130NCAN MERKEZ","box_count":"362","open_box_count":"137","voter_count":"106890","total_valid_vote":"35936","results":{"millet":"58","cumhur":"344","akp":"14320","mhp":"6318","hudapar":"231","vatan":"139","hdp":"2753","iyi":"1601","chp":"9978","sp":"462","updated_at":"2018-06-24 23:32:42"}},{"id":"303","name":"\u0130L\u0130\u00c7","box_count":"67","open_box_count":"20","voter_count":"6332","total_valid_vote":"1111","results":{"millet":"1","cumhur":"11","akp":"720","mhp":"111","hudapar":"1","vatan":"0","hdp":"3","iyi":"33","chp":"221","sp":"19","updated_at":"2018-06-24 23:32:47"}},{"id":"353","name":"KEMAH","box_count":"86","open_box_count":"11","voter_count":"5934","total_valid_vote":"755","results":{"millet":"1","cumhur":"6","akp":"439","mhp":"47","hudapar":"0","vatan":"2","hdp":"24","iyi":"23","chp":"212","sp":"8","updated_at":"2018-06-24 23:32:51"}},{"id":"354","name":"KEMAL\u0130YE","box_count":"72","open_box_count":"18","voter_count":"4010","total_valid_vote":"636","results":{"millet":"1","cumhur":"1","akp":"316","mhp":"52","hudapar":"1","vatan":"6","hdp":"8","iyi":"30","chp":"213","sp":"10","updated_at":"2018-06-24 23:32:51"}},{"id":"476","name":"REFAH\u0130YE","box_count":"131","open_box_count":"22","voter_count":"8850","total_valid_vote":"1155","results":{"millet":"3","cumhur":"4","akp":"603","mhp":"96","hudapar":"1","vatan":"1","hdp":"25","iyi":"31","chp":"394","sp":"4","updated_at":"2018-06-24 23:32:57"}},{"id":"568","name":"TERCAN","box_count":"102","open_box_count":"13","voter_count":"12011","total_valid_vote":"531","results":{"millet":"0","cumhur":"2","akp":"149","mhp":"68","hudapar":"0","vatan":"2","hdp":"37","iyi":"9","chp":"260","sp":"6","updated_at":"2018-06-24 23:33:00"}},{"id":"746","name":"\u00dcZ\u00dcML\u00dc","box_count":"52","open_box_count":"10","voter_count":"9360","total_valid_vote":"947","results":{"millet":"1","cumhur":"12","akp":"351","mhp":"244","hudapar":"2","vatan":"1","hdp":"50","iyi":"22","chp":"270","sp":"4","updated_at":"2018-06-24 23:33:04"}},{"id":"870","name":"OTLUKBEL\u0130","box_count":"14","open_box_count":"0","voter_count":"1891","total_valid_vote":"0","results":{"millet":"0","cumhur":"0","akp":"0","mhp":"0","hudapar":"0","vatan":"0","hdp":"0","iyi":"0","chp":"0","sp":"0","updated_at":"2018-06-24 16:53:16"}}]],"winners":[{"firstname":"CENAN\u0130 DA\u011eHAN","lastname":"\u00c7AKMAK","party":"iyi","order":1},{"firstname":"BEK\u0130R","lastname":"AKSUN","party":"mhp","order":2}]}