{"id":"51","name":"N\u0130\u011eDE","box_count":"777","open_box_count":"252","voter_count":"240101","total_valid_vote":"67898","results":{"millet":"124","cumhur":"839","akp":"28592","mhp":"13860","hudapar":"172","vatan":"176","hdp":"1063","iyi":"8564","chp":"14503","sp":"919","updated_at":"2018-06-24 23:33:11"},"districts":[[{"id":"100","name":"BOR","box_count":"145","open_box_count":"46","voter_count":"43505","total_valid_vote":"11722","results":{"millet":"22","cumhur":"167","akp":"5207","mhp":"2250","hudapar":"31","vatan":"36","hdp":"213","iyi":"1253","chp":"2631","sp":"100","updated_at":"2018-06-24 23:32:34"}},{"id":"123","name":"\u00c7AMARDI","box_count":"39","open_box_count":"0","voter_count":"9408","total_valid_vote":"0","results":{"millet":"0","cumhur":"0","akp":"0","mhp":"0","hudapar":"0","vatan":"0","hdp":"0","iyi":"0","chp":"0","sp":"0","updated_at":"2018-06-24 23:32:24"}},{"id":"437","name":"N\u0130\u011eDE MERKEZ","box_count":"437","open_box_count":"168","voter_count":"145100","total_valid_vote":"48288","results":{"millet":"79","cumhur":"524","akp":"20278","mhp":"9778","hudapar":"90","vatan":"94","hdp":"788","iyi":"6436","chp":"10027","sp":"758","updated_at":"2018-06-24 23:32:56"}},{"id":"593","name":"ULUKI\u015eLA","box_count":"70","open_box_count":"20","voter_count":"16030","total_valid_vote":"3453","results":{"millet":"10","cumhur":"58","akp":"1314","mhp":"770","hudapar":"25","vatan":"14","hdp":"39","iyi":"526","chp":"739","sp":"26","updated_at":"2018-06-24 23:33:01"}},{"id":"769","name":"ALTUNH\u0130SAR","box_count":"29","open_box_count":"0","voter_count":"8797","total_valid_vote":"0","results":{"millet":"0","cumhur":"0","akp":"0","mhp":"0","hudapar":"0","vatan":"0","hdp":"0","iyi":"0","chp":"0","sp":"0","updated_at":"2018-06-24 23:32:24"}},{"id":"797","name":"\u00c7\u0130FTL\u0130K","box_count":"57","open_box_count":"18","voter_count":"17261","total_valid_vote":"4435","results":{"millet":"13","cumhur":"90","akp":"1793","mhp":"1062","hudapar":"26","vatan":"32","hdp":"23","iyi":"349","chp":"1106","sp":"35","updated_at":"2018-06-24 23:33:05"}}]],"winners":[{"firstname":"\u015eEMA\u0130L","lastname":"KAHRAMAN","party":"vatan","order":1},{"firstname":"\u0130BRAH\u0130M","lastname":"ULU\u00c7AY","party":"mhp","order":2},{"firstname":"\u0130BRAH\u0130M","lastname":"AV\u015eAR","party":"hdp","order":3}]}