{"id":"59","name":"TEK\u0130RDA\u011e","box_count":"2164","open_box_count":"884","voter_count":"736589","total_valid_vote":"267888","results":{"millet":"890","cumhur":"1914","akp":"88971","mhp":"20321","hudapar":"430","vatan":"626","hdp":"17321","iyi":"31818","chp":"105636","sp":"2149","updated_at":"2018-06-24 23:33:11"},"districts":[[{"id":"148","name":"\u00c7ERKEZK\u00d6Y","box_count":"294","open_box_count":"146","voter_count":"107385","total_valid_vote":"45908","results":{"millet":"154","cumhur":"533","akp":"18358","mhp":"5714","hudapar":"63","vatan":"62","hdp":"5690","iyi":"3563","chp":"11979","sp":"440","updated_at":"2018-06-24 23:32:38"}},{"id":"156","name":"\u00c7ORLU","box_count":"515","open_box_count":"256","voter_count":"187789","total_valid_vote":"82177","results":{"millet":"297","cumhur":"469","akp":"24299","mhp":"5210","hudapar":"69","vatan":"161","hdp":"5093","iyi":"10261","chp":"36400","sp":"568","updated_at":"2018-06-24 23:32:39"}},{"id":"285","name":"HAYRABOLU","box_count":"98","open_box_count":"20","voter_count":"25143","total_valid_vote":"5676","results":{"millet":"31","cumhur":"29","akp":"1386","mhp":"317","hudapar":"13","vatan":"18","hdp":"58","iyi":"976","chp":"2822","sp":"34","updated_at":"2018-06-24 23:32:46"}},{"id":"404","name":"MALKARA","box_count":"154","open_box_count":"54","voter_count":"41622","total_valid_vote":"10789","results":{"millet":"36","cumhur":"47","akp":"3491","mhp":"605","hudapar":"39","vatan":"55","hdp":"80","iyi":"1648","chp":"4773","sp":"89","updated_at":"2018-06-24 23:32:55"}},{"id":"431","name":"MURATLI","box_count":"70","open_box_count":"20","voter_count":"21762","total_valid_vote":"6111","results":{"millet":"30","cumhur":"47","akp":"1835","mhp":"370","hudapar":"7","vatan":"24","hdp":"221","iyi":"747","chp":"2877","sp":"30","updated_at":"2018-06-24 23:32:56"}},{"id":"489","name":"SARAY","box_count":"112","open_box_count":"32","voter_count":"37843","total_valid_vote":"9689","results":{"millet":"18","cumhur":"65","akp":"2645","mhp":"516","hudapar":"11","vatan":"37","hdp":"293","iyi":"1242","chp":"4864","sp":"77","updated_at":"2018-06-24 23:32:58"}},{"id":"545","name":"\u015eARK\u00d6Y","box_count":"89","open_box_count":"20","voter_count":"26742","total_valid_vote":"5770","results":{"millet":"16","cumhur":"34","akp":"1795","mhp":"284","hudapar":"103","vatan":"20","hdp":"180","iyi":"610","chp":"2744","sp":"31","updated_at":"2018-06-24 23:33:00"}},{"id":"718","name":"MARMARAERE\u011eL\u0130S\u0130","box_count":"55","open_box_count":"12","voter_count":"18855","total_valid_vote":"3776","results":{"millet":"10","cumhur":"20","akp":"1039","mhp":"217","hudapar":"4","vatan":"18","hdp":"511","iyi":"426","chp":"1533","sp":"20","updated_at":"2018-06-24 23:33:04"}},{"id":"1050","name":"S\u00dcLEYMANPA\u015eA","box_count":"437","open_box_count":"200","voter_count":"146503","total_valid_vote":"58642","results":{"millet":"202","cumhur":"335","akp":"19798","mhp":"3488","hudapar":"76","vatan":"153","hdp":"2347","iyi":"8428","chp":"23523","sp":"575","updated_at":"2018-06-24 23:33:09"}},{"id":"1051","name":"KAPAKLI","box_count":"211","open_box_count":"86","voter_count":"77415","total_valid_vote":"27232","results":{"millet":"59","cumhur":"259","akp":"10701","mhp":"2850","hudapar":"30","vatan":"43","hdp":"1292","iyi":"2778","chp":"9229","sp":"225","updated_at":"2018-06-24 23:33:09"}},{"id":"1052","name":"ERGENE","box_count":"129","open_box_count":"38","voter_count":"45530","total_valid_vote":"12118","results":{"millet":"37","cumhur":"76","akp":"3624","mhp":"750","hudapar":"15","vatan":"35","hdp":"1556","iyi":"1139","chp":"4892","sp":"60","updated_at":"2018-06-24 23:33:09"}}]],"winners":[{"firstname":"ABDURRAHMAN","lastname":"\u0130BRAH\u0130MO\u011eLU","party":"hudapar","order":1},{"firstname":"TURAN","lastname":"ARSLAN","party":"","order":2},{"firstname":"CANDAN","lastname":"Y\u00dcCEER","party":"chp","order":3},{"firstname":"\u015eABAN","lastname":"TERZ\u0130","party":"iyi","order":4},{"firstname":"MUSTAFA","lastname":"YILDIRIM","party":"mhp","order":5},{"firstname":"HAL\u0130L \u0130BRAH\u0130M","lastname":"KART","party":"sp","order":6},{"firstname":"MUSTAFA","lastname":"YEL","party":"akp","order":7}]}