{"id":"57","name":"S\u0130NOP","box_count":"763","open_box_count":"170","voter_count":"159840","total_valid_vote":"25489","results":{"millet":"72","cumhur":"272","akp":"14417","mhp":"1753","hudapar":"77","vatan":"160","hdp":"363","iyi":"2504","chp":"5872","sp":"295","updated_at":"2018-06-24 23:33:10"},"districts":[[{"id":"55","name":"AYANCIK","box_count":"101","open_box_count":"20","voter_count":"18756","total_valid_vote":"1965","results":{"millet":"4","cumhur":"23","akp":"1334","mhp":"86","hudapar":"11","vatan":"8","hdp":"12","iyi":"136","chp":"362","sp":"16","updated_at":"2018-06-24 23:32:29"}},{"id":"103","name":"BOYABAT","box_count":"165","open_box_count":"51","voter_count":"32646","total_valid_vote":"7533","results":{"millet":"29","cumhur":"102","akp":"4803","mhp":"716","hudapar":"26","vatan":"54","hdp":"80","iyi":"734","chp":"1009","sp":"105","updated_at":"2018-06-24 23:32:34"}},{"id":"188","name":"DURA\u011eAN","box_count":"92","open_box_count":"18","voter_count":"13191","total_valid_vote":"1692","results":{"millet":"2","cumhur":"19","akp":"1298","mhp":"140","hudapar":"4","vatan":"14","hdp":"5","iyi":"101","chp":"108","sp":"22","updated_at":"2018-06-24 23:32:41"}},{"id":"212","name":"ERFELEK","box_count":"55","open_box_count":"16","voter_count":"9581","total_valid_vote":"2116","results":{"millet":"3","cumhur":"14","akp":"1250","mhp":"64","hudapar":"11","vatan":"16","hdp":"13","iyi":"210","chp":"511","sp":"17","updated_at":"2018-06-24 23:32:42"}},{"id":"246","name":"GERZE","box_count":"86","open_box_count":"15","voter_count":"19718","total_valid_vote":"1589","results":{"millet":"2","cumhur":"18","akp":"1003","mhp":"92","hudapar":"6","vatan":"24","hdp":"23","iyi":"154","chp":"262","sp":"20","updated_at":"2018-06-24 23:32:43"}},{"id":"520","name":"S\u0130NOP MERKEZ","box_count":"148","open_box_count":"40","voter_count":"45729","total_valid_vote":"9357","results":{"millet":"30","cumhur":"69","akp":"3784","mhp":"554","hudapar":"12","vatan":"34","hdp":"227","iyi":"1116","chp":"3510","sp":"107","updated_at":"2018-06-24 23:32:59"}},{"id":"586","name":"T\u00dcRKEL\u0130","box_count":"50","open_box_count":"10","voter_count":"11408","total_valid_vote":"1237","results":{"millet":"2","cumhur":"27","akp":"945","mhp":"101","hudapar":"7","vatan":"10","hdp":"3","iyi":"53","chp":"110","sp":"8","updated_at":"2018-06-24 23:33:01"}},{"id":"803","name":"D\u0130KMEN","box_count":"33","open_box_count":"0","voter_count":"4207","total_valid_vote":"0","results":{"millet":"0","cumhur":"0","akp":"0","mhp":"0","hudapar":"0","vatan":"0","hdp":"0","iyi":"0","chp":"0","sp":"0","updated_at":"2018-06-24 23:32:24"}},{"id":"874","name":"SARAYD\u00dcZ\u00dc","box_count":"33","open_box_count":"0","voter_count":"4604","total_valid_vote":"0","results":{"millet":"0","cumhur":"0","akp":"0","mhp":"0","hudapar":"0","vatan":"0","hdp":"0","iyi":"0","chp":"0","sp":"0","updated_at":"2018-06-24 23:32:24"}}]],"winners":[{"firstname":"SEBAHATT\u0130N","lastname":"CAN\u0130K","party":"vatan","order":1},{"firstname":"NAZIM","lastname":"MAV\u0130\u015e","party":"akp","order":2}]}