{"id":"43","name":"K\u00dcTAHYA","box_count":"1592","open_box_count":"440","voter_count":"422116","total_valid_vote":"99586","results":{"millet":"183","cumhur":"1205","akp":"54214","mhp":"19220","hudapar":"183","vatan":"214","hdp":"770","iyi":"10588","chp":"12460","sp":"1818","updated_at":"2018-06-24 23:33:10"},"districts":[[{"id":"32","name":"ALTINTA\u015e","box_count":"52","open_box_count":"10","voter_count":"12447","total_valid_vote":"2270","results":{"millet":"0","cumhur":"28","akp":"1365","mhp":"393","hudapar":"2","vatan":"11","hdp":"11","iyi":"150","chp":"317","sp":"21","updated_at":"2018-06-24 23:32:27"}},{"id":"186","name":"DOMAN\u0130\u00c7","box_count":"53","open_box_count":"14","voter_count":"11945","total_valid_vote":"2375","results":{"millet":"1","cumhur":"34","akp":"1593","mhp":"251","hudapar":"7","vatan":"8","hdp":"3","iyi":"211","chp":"256","sp":"43","updated_at":"2018-06-24 23:32:41"}},{"id":"202","name":"EMET","box_count":"70","open_box_count":"20","voter_count":"15888","total_valid_vote":"2949","results":{"millet":"0","cumhur":"32","akp":"2003","mhp":"423","hudapar":"8","vatan":"8","hdp":"5","iyi":"276","chp":"178","sp":"48","updated_at":"2018-06-24 23:32:41"}},{"id":"236","name":"GED\u0130Z","box_count":"154","open_box_count":"44","voter_count":"38202","total_valid_vote":"9773","results":{"millet":"15","cumhur":"136","akp":"5433","mhp":"1685","hudapar":"21","vatan":"28","hdp":"37","iyi":"1530","chp":"960","sp":"79","updated_at":"2018-06-24 23:32:42"}},{"id":"393","name":"K\u00dcTAHYA MERKEZ","box_count":"596","open_box_count":"205","voter_count":"181076","total_valid_vote":"52339","results":{"millet":"103","cumhur":"634","akp":"25607","mhp":"12377","hudapar":"83","vatan":"72","hdp":"495","iyi":"4921","chp":"7734","sp":"1001","updated_at":"2018-06-24 23:32:55"}},{"id":"518","name":"S\u0130MAV","box_count":"209","open_box_count":"59","voter_count":"50435","total_valid_vote":"10005","results":{"millet":"18","cumhur":"101","akp":"6476","mhp":"996","hudapar":"31","vatan":"56","hdp":"30","iyi":"1210","chp":"1070","sp":"103","updated_at":"2018-06-24 23:32:59"}},{"id":"564","name":"TAV\u015eANLI","box_count":"285","open_box_count":"83","voter_count":"77636","total_valid_vote":"19415","results":{"millet":"45","cumhur":"234","akp":"11499","mhp":"3051","hudapar":"30","vatan":"28","hdp":"189","iyi":"2255","chp":"1822","sp":"507","updated_at":"2018-06-24 23:33:00"}},{"id":"657","name":"ASLANAPA","box_count":"39","open_box_count":"0","voter_count":"7501","total_valid_vote":"0","results":{"millet":"0","cumhur":"0","akp":"0","mhp":"0","hudapar":"0","vatan":"0","hdp":"0","iyi":"0","chp":"0","sp":"0","updated_at":"2018-06-24 23:32:24"}},{"id":"683","name":"DUMLUPINAR","box_count":"14","open_box_count":"0","voter_count":"2419","total_valid_vote":"0","results":{"millet":"0","cumhur":"0","akp":"0","mhp":"0","hudapar":"0","vatan":"0","hdp":"0","iyi":"0","chp":"0","sp":"0","updated_at":"2018-06-24 23:32:24"}},{"id":"695","name":"H\u0130SARCIK","box_count":"44","open_box_count":"5","voter_count":"9808","total_valid_vote":"460","results":{"millet":"1","cumhur":"6","akp":"238","mhp":"44","hudapar":"1","vatan":"3","hdp":"0","iyi":"35","chp":"123","sp":"16","updated_at":"2018-06-24 23:33:03"}},{"id":"736","name":"\u015eAPHANE","box_count":"25","open_box_count":"0","voter_count":"5133","total_valid_vote":"0","results":{"millet":"0","cumhur":"0","akp":"0","mhp":"0","hudapar":"0","vatan":"0","hdp":"0","iyi":"0","chp":"0","sp":"0","updated_at":"2018-06-24 23:32:24"}},{"id":"791","name":"\u00c7AVDARH\u0130SAR","box_count":"31","open_box_count":"0","voter_count":"5460","total_valid_vote":"0","results":{"millet":"0","cumhur":"0","akp":"0","mhp":"0","hudapar":"0","vatan":"0","hdp":"0","iyi":"0","chp":"0","sp":"0","updated_at":"2018-06-24 23:32:24"}},{"id":"872","name":"PAZARLAR","box_count":"20","open_box_count":"0","voter_count":"4166","total_valid_vote":"0","results":{"millet":"0","cumhur":"0","akp":"0","mhp":"0","hudapar":"0","vatan":"0","hdp":"0","iyi":"0","chp":"0","sp":"0","updated_at":"2018-06-24 23:32:24"}}]],"winners":[{"firstname":"SEVG\u0130","lastname":"ELMA","party":"vatan","order":1},{"firstname":"SEDAT","lastname":"KABAA\u011eA\u00c7","party":"mhp","order":2},{"firstname":"\u015eEHMUS","lastname":"\u00c7EL\u0130K","party":"hdp","order":3},{"firstname":"HARUN","lastname":"G\u00dcND\u00dcZ","party":"hdp","order":4},{"firstname":"EROL","lastname":"ALPERT\u00dcRK","party":"mhp","order":5}]}