{"id":"22","name":"ED\u0130RNE","box_count":"999","open_box_count":"347","voter_count":"310614","total_valid_vote":"93247","results":{"millet":"364","cumhur":"446","akp":"26319","mhp":"4821","hudapar":"210","vatan":"325","hdp":"2895","iyi":"14900","chp":"42657","sp":"988","updated_at":"2018-06-24 23:33:11"},"districts":[[{"id":"193","name":"ED\u0130RNE MERKEZ","box_count":"376","open_box_count":"173","voter_count":"129665","total_valid_vote":"51441","results":{"millet":"203","cumhur":"231","akp":"14274","mhp":"2911","hudapar":"74","vatan":"135","hdp":"2271","iyi":"8573","chp":"22507","sp":"600","updated_at":"2018-06-24 23:32:41"}},{"id":"205","name":"ENEZ","box_count":"34","open_box_count":"0","voter_count":"9309","total_valid_vote":"0","results":{"millet":"0","cumhur":"0","akp":"0","mhp":"0","hudapar":"0","vatan":"0","hdp":"0","iyi":"0","chp":"0","sp":"0","updated_at":"2018-06-24 23:32:24"}},{"id":"282","name":"HAVSA","box_count":"54","open_box_count":"15","voter_count":"15815","total_valid_vote":"3750","results":{"millet":"16","cumhur":"28","akp":"1168","mhp":"197","hudapar":"11","vatan":"22","hdp":"27","iyi":"622","chp":"1616","sp":"79","updated_at":"2018-06-24 23:32:45"}},{"id":"309","name":"\u0130PSALA","box_count":"74","open_box_count":"20","voter_count":"21984","total_valid_vote":"5019","results":{"millet":"17","cumhur":"27","akp":"1643","mhp":"239","hudapar":"30","vatan":"31","hdp":"26","iyi":"763","chp":"2233","sp":"49","updated_at":"2018-06-24 23:32:47"}},{"id":"358","name":"KE\u015eAN","box_count":"205","open_box_count":"79","voter_count":"62536","total_valid_vote":"18971","results":{"millet":"60","cumhur":"109","akp":"5956","mhp":"999","hudapar":"48","vatan":"68","hdp":"418","iyi":"2334","chp":"8983","sp":"155","updated_at":"2018-06-24 23:32:52"}},{"id":"395","name":"LALAPA\u015eA","box_count":"31","open_box_count":"0","voter_count":"5373","total_valid_vote":"0","results":{"millet":"0","cumhur":"0","akp":"0","mhp":"0","hudapar":"0","vatan":"0","hdp":"0","iyi":"0","chp":"0","sp":"0","updated_at":"2018-06-24 23:32:24"}},{"id":"416","name":"MER\u0130\u00c7","box_count":"43","open_box_count":"4","voter_count":"11788","total_valid_vote":"823","results":{"millet":"0","cumhur":"0","akp":"174","mhp":"23","hudapar":"1","vatan":"8","hdp":"2","iyi":"127","chp":"479","sp":"7","updated_at":"2018-06-24 23:32:56"}},{"id":"598","name":"UZUNK\u00d6PR\u00dc","box_count":"164","open_box_count":"56","voter_count":"49212","total_valid_vote":"13243","results":{"millet":"68","cumhur":"51","akp":"3104","mhp":"452","hudapar":"46","vatan":"61","hdp":"151","iyi":"2481","chp":"6839","sp":"98","updated_at":"2018-06-24 23:33:01"}},{"id":"881","name":"S\u00dcLO\u011eLU","box_count":"18","open_box_count":"0","voter_count":"4932","total_valid_vote":"0","results":{"millet":"0","cumhur":"0","akp":"0","mhp":"0","hudapar":"0","vatan":"0","hdp":"0","iyi":"0","chp":"0","sp":"0","updated_at":"2018-06-24 23:32:24"}}]],"winners":[{"firstname":"C\u00dcNEYT","lastname":"\u00d6ZDEM\u0130R","party":"","order":1},{"firstname":"ASEF","lastname":"ULUT\u00dcRK","party":"mhp","order":2},{"firstname":"ERKAN","lastname":"GEGE","party":"mhp","order":3},{"firstname":"C\u00dcNEYT","lastname":"\u00d6ZDEM\u0130R","party":"","order":4}]}