{"id":"28","name":"G\u0130RESUN","box_count":"1300","open_box_count":"227","voter_count":"334305","total_valid_vote":"42528","results":{"millet":"91","cumhur":"456","akp":"22474","mhp":"4339","hudapar":"96","vatan":"121","hdp":"526","iyi":"6250","chp":"8089","sp":"545","updated_at":"2018-06-24 23:33:10"},"districts":[[{"id":"33","name":"ALUCRA","box_count":"54","open_box_count":"13","voter_count":"7393","total_valid_vote":"1357","results":{"millet":"0","cumhur":"16","akp":"1005","mhp":"239","hudapar":"1","vatan":"4","hdp":"1","iyi":"49","chp":"25","sp":"17","updated_at":"2018-06-24 23:32:28"}},{"id":"111","name":"BULANCAK","box_count":"177","open_box_count":"52","voter_count":"50136","total_valid_vote":"11079","results":{"millet":"17","cumhur":"104","akp":"5835","mhp":"1129","hudapar":"17","vatan":"19","hdp":"125","iyi":"1086","chp":"2660","sp":"144","updated_at":"2018-06-24 23:32:35"}},{"id":"170","name":"DEREL\u0130","box_count":"63","open_box_count":"10","voter_count":"16091","total_valid_vote":"1726","results":{"millet":"1","cumhur":"26","akp":"1280","mhp":"129","hudapar":"3","vatan":"9","hdp":"5","iyi":"204","chp":"85","sp":"11","updated_at":"2018-06-24 23:32:40"}},{"id":"218","name":"ESP\u0130YE","box_count":"91","open_box_count":"7","voter_count":"25516","total_valid_vote":"1713","results":{"millet":"7","cumhur":"17","akp":"782","mhp":"155","hudapar":"6","vatan":"4","hdp":"29","iyi":"281","chp":"430","sp":"26","updated_at":"2018-06-24 23:32:42"}},{"id":"222","name":"EYNES\u0130L","box_count":"37","open_box_count":"0","voter_count":"10339","total_valid_vote":"0","results":{"millet":"0","cumhur":"0","akp":"0","mhp":"0","hudapar":"0","vatan":"0","hdp":"0","iyi":"0","chp":"0","sp":"0","updated_at":"2018-06-24 23:32:24"}},{"id":"249","name":"G\u0130RESUN MERKEZ","box_count":"305","open_box_count":"68","voter_count":"98800","total_valid_vote":"16793","results":{"millet":"57","cumhur":"153","akp":"7361","mhp":"1621","hudapar":"38","vatan":"56","hdp":"310","iyi":"3611","chp":"3579","sp":"218","updated_at":"2018-06-24 23:32:43"}},{"id":"258","name":"G\u00d6RELE","box_count":"111","open_box_count":"32","voter_count":"24214","total_valid_vote":"4513","results":{"millet":"4","cumhur":"61","akp":"2603","mhp":"438","hudapar":"16","vatan":"14","hdp":"34","iyi":"583","chp":"747","sp":"78","updated_at":"2018-06-24 23:32:44"}},{"id":"359","name":"KE\u015eAP","box_count":"75","open_box_count":"5","voter_count":"17023","total_valid_vote":"366","results":{"millet":"0","cumhur":"4","akp":"239","mhp":"36","hudapar":"1","vatan":"1","hdp":"0","iyi":"45","chp":"44","sp":"0","updated_at":"2018-06-24 23:32:52"}},{"id":"547","name":"\u015eEB\u0130NKARAH\u0130SAR","box_count":"94","open_box_count":"21","voter_count":"15985","total_valid_vote":"2094","results":{"millet":"0","cumhur":"39","akp":"1564","mhp":"312","hudapar":"4","vatan":"7","hdp":"5","iyi":"104","chp":"76","sp":"22","updated_at":"2018-06-24 23:33:00"}},{"id":"571","name":"T\u0130REBOLU","box_count":"98","open_box_count":"12","voter_count":"24540","total_valid_vote":"1913","results":{"millet":"0","cumhur":"28","akp":"1044","mhp":"218","hudapar":"9","vatan":"3","hdp":"13","iyi":"211","chp":"395","sp":"20","updated_at":"2018-06-24 23:33:00"}},{"id":"730","name":"P\u0130RAZ\u0130Z","box_count":"42","open_box_count":"3","voter_count":"10578","total_valid_vote":"507","results":{"millet":"5","cumhur":"4","akp":"424","mhp":"34","hudapar":"0","vatan":"0","hdp":"0","iyi":"18","chp":"17","sp":"5","updated_at":"2018-06-24 23:33:04"}},{"id":"747","name":"YA\u011eLIDERE","box_count":"48","open_box_count":"4","voter_count":"12036","total_valid_vote":"467","results":{"millet":"0","cumhur":"4","akp":"337","mhp":"28","hudapar":"1","vatan":"4","hdp":"4","iyi":"58","chp":"31","sp":"4","updated_at":"2018-06-24 23:33:05"}},{"id":"786","name":"\u00c7AMOLUK","box_count":"37","open_box_count":"0","voter_count":"5760","total_valid_vote":"0","results":{"millet":"0","cumhur":"0","akp":"0","mhp":"0","hudapar":"0","vatan":"0","hdp":"0","iyi":"0","chp":"0","sp":"0","updated_at":"2018-06-24 23:32:24"}},{"id":"787","name":"\u00c7ANAK\u00c7I","box_count":"24","open_box_count":"0","voter_count":"4942","total_valid_vote":"0","results":{"millet":"0","cumhur":"0","akp":"0","mhp":"0","hudapar":"0","vatan":"0","hdp":"0","iyi":"0","chp":"0","sp":"0","updated_at":"2018-06-24 23:32:24"}},{"id":"805","name":"DO\u011eANKENT","box_count":"20","open_box_count":"0","voter_count":"4886","total_valid_vote":"0","results":{"millet":"0","cumhur":"0","akp":"0","mhp":"0","hudapar":"0","vatan":"0","hdp":"0","iyi":"0","chp":"0","sp":"0","updated_at":"2018-06-24 23:32:24"}},{"id":"823","name":"G\u00dcCE","box_count":"24","open_box_count":"0","voter_count":"6066","total_valid_vote":"0","results":{"millet":"0","cumhur":"0","akp":"0","mhp":"0","hudapar":"0","vatan":"0","hdp":"0","iyi":"0","chp":"0","sp":"0","updated_at":"2018-06-24 23:32:24"}}]],"winners":[{"firstname":"FAT\u0130H","lastname":"\u00d6ZD\u0130L","party":"vatan","order":1},{"firstname":"SONER","lastname":"ALTUN","party":"mhp","order":2},{"firstname":"ORHAN","lastname":"ERZURUM","party":"iyi","order":3},{"firstname":"\u00dcNZ\u0130LE","lastname":"Y\u00dcKSEL","party":"iyi","order":4}]}