{"id":"31","name":"HATAY","box_count":"3115","open_box_count":"1325","voter_count":"1041076","total_valid_vote":"388777","results":{"millet":"729","cumhur":"2890","akp":"128853","mhp":"51534","hudapar":"606","vatan":"586","hdp":"44725","iyi":"24757","chp":"133704","sp":"3332","updated_at":"2018-06-24 23:33:10"},"districts":[[{"id":"31","name":"ALTIN\u00d6Z\u00dc","box_count":"123","open_box_count":"39","voter_count":"35942","total_valid_vote":"10238","results":{"millet":"15","cumhur":"119","akp":"6217","mhp":"2638","hudapar":"22","vatan":"10","hdp":"125","iyi":"275","chp":"849","sp":"87","updated_at":"2018-06-24 23:32:27"}},{"id":"187","name":"D\u00d6RTYOL","box_count":"239","open_box_count":"118","voter_count":"82689","total_valid_vote":"35356","results":{"millet":"55","cumhur":"325","akp":"12671","mhp":"7550","hudapar":"85","vatan":"45","hdp":"3973","iyi":"4103","chp":"6336","sp":"488","updated_at":"2018-06-24 23:32:41"}},{"id":"279","name":"HASSA","box_count":"121","open_box_count":"39","voter_count":"36231","total_valid_vote":"9075","results":{"millet":"18","cumhur":"83","akp":"5350","mhp":"1508","hudapar":"31","vatan":"34","hdp":"144","iyi":"1076","chp":"779","sp":"153","updated_at":"2018-06-24 23:32:45"}},{"id":"310","name":"\u0130SKENDERUN","box_count":"482","open_box_count":"198","voter_count":"171301","total_valid_vote":"61676","results":{"millet":"135","cumhur":"585","akp":"21522","mhp":"10150","hudapar":"128","vatan":"107","hdp":"4525","iyi":"5655","chp":"19018","sp":"568","updated_at":"2018-06-24 23:32:47"}},{"id":"362","name":"KIRIKHAN","box_count":"234","open_box_count":"97","voter_count":"73575","total_valid_vote":"25108","results":{"millet":"22","cumhur":"277","akp":"14781","mhp":"5541","hudapar":"46","vatan":"33","hdp":"384","iyi":"1749","chp":"2343","sp":"180","updated_at":"2018-06-24 23:32:52"}},{"id":"478","name":"REYHANLI","box_count":"173","open_box_count":"33","voter_count":"54641","total_valid_vote":"8465","results":{"millet":"12","cumhur":"96","akp":"3585","mhp":"2523","hudapar":"20","vatan":"11","hdp":"178","iyi":"452","chp":"1314","sp":"95","updated_at":"2018-06-24 23:32:57"}},{"id":"484","name":"SAMANDA\u011e","box_count":"236","open_box_count":"110","voter_count":"80101","total_valid_vote":"32528","results":{"millet":"52","cumhur":"53","akp":"1534","mhp":"763","hudapar":"33","vatan":"109","hdp":"10012","iyi":"600","chp":"19348","sp":"52","updated_at":"2018-06-24 23:32:58"}},{"id":"614","name":"YAYLADA\u011eI","box_count":"73","open_box_count":"24","voter_count":"18190","total_valid_vote":"4937","results":{"millet":"8","cumhur":"48","akp":"2624","mhp":"710","hudapar":"5","vatan":"7","hdp":"222","iyi":"302","chp":"985","sp":"82","updated_at":"2018-06-24 23:33:02"}},{"id":"685","name":"ERZ\u0130N","box_count":"88","open_box_count":"20","voter_count":"28605","total_valid_vote":"5948","results":{"millet":"12","cumhur":"41","akp":"1898","mhp":"1243","hudapar":"17","vatan":"6","hdp":"432","iyi":"802","chp":"1477","sp":"69","updated_at":"2018-06-24 23:33:03"}},{"id":"780","name":"BELEN","box_count":"70","open_box_count":"18","voter_count":"23018","total_valid_vote":"5330","results":{"millet":"13","cumhur":"69","akp":"2207","mhp":"1326","hudapar":"5","vatan":"11","hdp":"104","iyi":"679","chp":"921","sp":"77","updated_at":"2018-06-24 23:33:05"}},{"id":"863","name":"KUMLU","box_count":"30","open_box_count":"0","voter_count":"8090","total_valid_vote":"0","results":{"millet":"0","cumhur":"0","akp":"0","mhp":"0","hudapar":"0","vatan":"0","hdp":"0","iyi":"0","chp":"0","sp":"0","updated_at":"2018-06-24 23:32:24"}},{"id":"1031","name":"ANTAKYA","box_count":"683","open_box_count":"368","voter_count":"236374","total_valid_vote":"111926","results":{"millet":"214","cumhur":"1004","akp":"49089","mhp":"13761","hudapar":"130","vatan":"102","hdp":"8613","iyi":"6735","chp":"32176","sp":"1230","updated_at":"2018-06-24 23:33:08"}},{"id":"1032","name":"DEFNE","box_count":"302","open_box_count":"158","voter_count":"104137","total_valid_vote":"46959","results":{"millet":"105","cumhur":"39","akp":"2124","mhp":"582","hudapar":"46","vatan":"70","hdp":"12408","iyi":"868","chp":"30768","sp":"81","updated_at":"2018-06-24 23:33:08"}},{"id":"1033","name":"ARSUZ","box_count":"181","open_box_count":"83","voter_count":"60827","total_valid_vote":"25063","results":{"millet":"56","cumhur":"88","akp":"2693","mhp":"1932","hudapar":"31","vatan":"31","hdp":"3430","iyi":"981","chp":"15847","sp":"88","updated_at":"2018-06-24 23:33:08"}},{"id":"1034","name":"PAYAS","box_count":"80","open_box_count":"20","voter_count":"27355","total_valid_vote":"6168","results":{"millet":"12","cumhur":"63","akp":"2558","mhp":"1307","hudapar":"7","vatan":"10","hdp":"175","iyi":"480","chp":"1543","sp":"82","updated_at":"2018-06-24 23:33:08"}}]],"winners":[{"firstname":"RAZ\u0130YE","lastname":"BED\u0130R","party":"vatan","order":1},{"firstname":"GENCER","lastname":"\u00d6ZDEM\u0130R","party":"mhp","order":2},{"firstname":"RECEP","lastname":"TUNCAY","party":"mhp","order":3},{"firstname":"\u00d6MER CENG\u0130Z","lastname":"\u00d6ZKAN","party":"hudapar","order":4},{"firstname":"ABDULLAH AYDIN","lastname":"DEM\u0130R","party":"sp","order":5},{"firstname":"YUSUF","lastname":"\u00c7\u0130\u00c7EK","party":"sp","order":6},{"firstname":"AZ\u0130Z","lastname":"MILIK","party":"hudapar","order":7},{"firstname":"PARA\u015e\u0130N","lastname":"G\u00dcM\u00dc\u015e","party":"hdp","order":8},{"firstname":"ADNAN","lastname":"AKDA\u015e","party":"mhp","order":9},{"firstname":"ORHAN NAMIK","lastname":"MURSALO\u011eLU","party":"mhp","order":10},{"firstname":"RAMAZAN","lastname":"\u00d6KS\u00dcZ","party":"sp","order":11}]}