{"id":"39","name":"KIRKLAREL\u0130","box_count":"871","open_box_count":"322","voter_count":"272674","total_valid_vote":"89988","results":{"millet":"295","cumhur":"392","akp":"22478","mhp":"4032","hudapar":"135","vatan":"267","hdp":"3033","iyi":"15158","chp":"44196","sp":"614","updated_at":"2018-06-24 23:33:10"},"districts":[[{"id":"62","name":"BABAESK\u0130","box_count":"125","open_box_count":"41","voter_count":"38687","total_valid_vote":"11278","results":{"millet":"33","cumhur":"39","akp":"2453","mhp":"418","hudapar":"30","vatan":"49","hdp":"324","iyi":"1622","chp":"6293","sp":"73","updated_at":"2018-06-24 23:32:30"}},{"id":"168","name":"DEM\u0130RK\u00d6Y","box_count":"29","open_box_count":"0","voter_count":"6668","total_valid_vote":"0","results":{"millet":"0","cumhur":"0","akp":"0","mhp":"0","hudapar":"0","vatan":"0","hdp":"0","iyi":"0","chp":"0","sp":"0","updated_at":"2018-06-24 23:32:24"}},{"id":"365","name":"KIRKLAREL\u0130 MERKEZ","box_count":"223","open_box_count":"82","voter_count":"71513","total_valid_vote":"21314","results":{"millet":"76","cumhur":"114","akp":"6708","mhp":"1153","hudapar":"42","vatan":"61","hdp":"710","iyi":"4029","chp":"8453","sp":"144","updated_at":"2018-06-24 23:32:53"}},{"id":"374","name":"KOF\u00c7AZ","box_count":"18","open_box_count":"0","voter_count":"2050","total_valid_vote":"0","results":{"millet":"0","cumhur":"0","akp":"0","mhp":"0","hudapar":"0","vatan":"0","hdp":"0","iyi":"0","chp":"0","sp":"0","updated_at":"2018-06-24 23:32:24"}},{"id":"398","name":"L\u00dcLEBURGAZ","box_count":"335","open_box_count":"169","voter_count":"113453","total_valid_vote":"50817","results":{"millet":"165","cumhur":"216","akp":"11300","mhp":"2167","hudapar":"47","vatan":"136","hdp":"1913","iyi":"8551","chp":"26317","sp":"350","updated_at":"2018-06-24 23:32:55"}},{"id":"465","name":"PEHL\u0130VANK\u00d6Y","box_count":"13","open_box_count":"0","voter_count":"3189","total_valid_vote":"0","results":{"millet":"0","cumhur":"0","akp":"0","mhp":"0","hudapar":"0","vatan":"0","hdp":"0","iyi":"0","chp":"0","sp":"0","updated_at":"2018-06-24 23:32:24"}},{"id":"470","name":"PINARH\u0130SAR","box_count":"50","open_box_count":"12","voter_count":"14689","total_valid_vote":"2707","results":{"millet":"7","cumhur":"9","akp":"945","mhp":"100","hudapar":"6","vatan":"7","hdp":"48","iyi":"345","chp":"1243","sp":"13","updated_at":"2018-06-24 23:32:57"}},{"id":"607","name":"V\u0130ZE","box_count":"78","open_box_count":"18","voter_count":"22425","total_valid_vote":"3872","results":{"millet":"14","cumhur":"14","akp":"1072","mhp":"194","hudapar":"10","vatan":"14","hdp":"38","iyi":"611","chp":"1890","sp":"34","updated_at":"2018-06-24 23:33:01"}}]],"winners":[{"firstname":"VOLKAN","lastname":"G\u00d6\u00c7","party":"akp","order":1},{"firstname":"\u00d6ZLEM","lastname":"K\u00dcLL\u00dc","party":"","order":2},{"firstname":"\u00d6ZLEM","lastname":"K\u00dcLL\u00dc","party":"","order":3}]}