{"id":"44","name":"MALATYA","box_count":"1974","open_box_count":"789","voter_count":"555349","total_valid_vote":"214059","results":{"millet":"263","cumhur":"1838","akp":"113333","mhp":"34324","hudapar":"784","vatan":"257","hdp":"15377","iyi":"9157","chp":"37334","sp":"3341","updated_at":"2018-06-24 23:33:09"},"districts":[[{"id":"14","name":"AK\u00c7ADA\u011e","box_count":"106","open_box_count":"27","voter_count":"20804","total_valid_vote":"4528","results":{"millet":"4","cumhur":"39","akp":"1783","mhp":"915","hudapar":"12","vatan":"8","hdp":"760","iyi":"154","chp":"852","sp":"44","updated_at":"2018-06-24 23:32:26"}},{"id":"42","name":"ARAPG\u0130R","box_count":"70","open_box_count":"20","voter_count":"8262","total_valid_vote":"1191","results":{"millet":"2","cumhur":"2","akp":"460","mhp":"68","hudapar":"2","vatan":"3","hdp":"99","iyi":"45","chp":"503","sp":"11","updated_at":"2018-06-24 23:32:28"}},{"id":"47","name":"ARGUVAN","box_count":"51","open_box_count":"12","voter_count":"6383","total_valid_vote":"1463","results":{"millet":"3","cumhur":"3","akp":"193","mhp":"58","hudapar":"4","vatan":"5","hdp":"453","iyi":"28","chp":"714","sp":"7","updated_at":"2018-06-24 23:32:29"}},{"id":"163","name":"DARENDE","box_count":"98","open_box_count":"18","voter_count":"19314","total_valid_vote":"3809","results":{"millet":"2","cumhur":"43","akp":"2404","mhp":"709","hudapar":"11","vatan":"3","hdp":"82","iyi":"228","chp":"301","sp":"71","updated_at":"2018-06-24 23:32:40"}},{"id":"184","name":"DO\u011eAN\u015eEH\u0130R","box_count":"103","open_box_count":"20","voter_count":"28609","total_valid_vote":"4996","results":{"millet":"7","cumhur":"50","akp":"1648","mhp":"769","hudapar":"12","vatan":"12","hdp":"701","iyi":"314","chp":"1492","sp":"48","updated_at":"2018-06-24 23:32:41"}},{"id":"287","name":"HEK\u0130MHAN","box_count":"88","open_box_count":"19","voter_count":"14735","total_valid_vote":"2724","results":{"millet":"5","cumhur":"15","akp":"755","mhp":"337","hudapar":"9","vatan":"12","hdp":"163","iyi":"190","chp":"1236","sp":"22","updated_at":"2018-06-24 23:32:46"}},{"id":"475","name":"P\u00dcT\u00dcRGE","box_count":"90","open_box_count":"12","voter_count":"11081","total_valid_vote":"1418","results":{"millet":"2","cumhur":"12","akp":"957","mhp":"136","hudapar":"3","vatan":"2","hdp":"67","iyi":"31","chp":"203","sp":"19","updated_at":"2018-06-24 23:32:57"}},{"id":"622","name":"YE\u015e\u0130LYURT","box_count":"626","open_box_count":"334","voter_count":"213934","total_valid_vote":"99578","results":{"millet":"138","cumhur":"862","akp":"49331","mhp":"16794","hudapar":"379","vatan":"109","hdp":"7412","iyi":"4731","chp":"19153","sp":"1581","updated_at":"2018-06-24 23:33:02"}},{"id":"665","name":"BATTALGAZ\u0130","box_count":"618","open_box_count":"322","voter_count":"209180","total_valid_vote":"93153","results":{"millet":"100","cumhur":"804","akp":"55248","mhp":"14383","hudapar":"346","vatan":"100","hdp":"5491","iyi":"3401","chp":"12589","sp":"1532","updated_at":"2018-06-24 23:33:03"}},{"id":"807","name":"DO\u011eANYOL","box_count":"19","open_box_count":"0","voter_count":"3084","total_valid_vote":"0","results":{"millet":"0","cumhur":"0","akp":"0","mhp":"0","hudapar":"0","vatan":"0","hdp":"0","iyi":"0","chp":"0","sp":"0","updated_at":"2018-06-24 16:53:16"}},{"id":"846","name":"KALE","box_count":"29","open_box_count":"0","voter_count":"4461","total_valid_vote":"0","results":{"millet":"0","cumhur":"0","akp":"0","mhp":"0","hudapar":"0","vatan":"0","hdp":"0","iyi":"0","chp":"0","sp":"0","updated_at":"2018-06-24 23:32:24"}},{"id":"862","name":"KULUNCAK","box_count":"32","open_box_count":"0","voter_count":"5996","total_valid_vote":"0","results":{"millet":"0","cumhur":"0","akp":"0","mhp":"0","hudapar":"0","vatan":"0","hdp":"0","iyi":"0","chp":"0","sp":"0","updated_at":"2018-06-24 23:32:24"}},{"id":"888","name":"YAZIHAN","box_count":"44","open_box_count":"5","voter_count":"9506","total_valid_vote":"1199","results":{"millet":"0","cumhur":"8","akp":"554","mhp":"155","hudapar":"6","vatan":"3","hdp":"149","iyi":"35","chp":"291","sp":"6","updated_at":"2018-06-24 23:33:06"}}]],"winners":[{"firstname":"BERNA","lastname":"KARADA\u015e","party":"chp","order":1},{"firstname":"MEHMET CELAL","lastname":"FENDO\u011eLU","party":"mhp","order":2},{"firstname":"MEHMET \u0130LKER","lastname":"D\u00d6NMEZER","party":"hudapar","order":3},{"firstname":"HAKAN","lastname":"KAHTALI","party":"akp","order":4},{"firstname":"MUHAMMED AF\u015e\u0130N","lastname":"ARIKAN","party":"iyi","order":5},{"firstname":"VEL\u0130","lastname":"A\u011eBABA","party":"chp","order":6}]}