{"id":"63","name":"\u015eANLIURFA","box_count":"3641","open_box_count":"980","voter_count":"1060815","total_valid_vote":"232249","results":{"millet":"142","cumhur":"1448","akp":"124724","mhp":"24081","hudapar":"3954","vatan":"424","hdp":"60726","iyi":"4600","chp":"8873","sp":"3437","updated_at":"2018-06-24 23:33:09"},"districts":[[{"id":"15","name":"AK\u00c7AKALE","box_count":"196","open_box_count":"44","voter_count":"49448","total_valid_vote":"8515","results":{"millet":"3","cumhur":"41","akp":"6315","mhp":"1852","hudapar":"72","vatan":"5","hdp":"96","iyi":"76","chp":"64","sp":"21","updated_at":"2018-06-24 23:32:26"}},{"id":"93","name":"B\u0130REC\u0130K","box_count":"196","open_box_count":"14","voter_count":"54194","total_valid_vote":"3064","results":{"millet":"3","cumhur":"18","akp":"1487","mhp":"198","hudapar":"67","vatan":"6","hdp":"863","iyi":"112","chp":"283","sp":"48","updated_at":"2018-06-24 23:32:33"}},{"id":"108","name":"BOZOVA","box_count":"137","open_box_count":"14","voter_count":"32048","total_valid_vote":"2346","results":{"millet":"1","cumhur":"30","akp":"1434","mhp":"295","hudapar":"22","vatan":"3","hdp":"498","iyi":"36","chp":"39","sp":"17","updated_at":"2018-06-24 23:32:35"}},{"id":"118","name":"CEYLANPINAR","box_count":"148","open_box_count":"30","voter_count":"45323","total_valid_vote":"7592","results":{"millet":"4","cumhur":"41","akp":"2205","mhp":"396","hudapar":"256","vatan":"24","hdp":"3782","iyi":"90","chp":"627","sp":"168","updated_at":"2018-06-24 23:32:35"}},{"id":"275","name":"HALFET\u0130","box_count":"90","open_box_count":"14","voter_count":"23563","total_valid_vote":"2802","results":{"millet":"0","cumhur":"4","akp":"881","mhp":"44","hudapar":"28","vatan":"11","hdp":"1648","iyi":"45","chp":"129","sp":"15","updated_at":"2018-06-24 23:32:45"}},{"id":"290","name":"H\u0130LVAN","box_count":"113","open_box_count":"32","voter_count":"25131","total_valid_vote":"5553","results":{"millet":"4","cumhur":"11","akp":"1787","mhp":"152","hudapar":"231","vatan":"8","hdp":"2407","iyi":"210","chp":"620","sp":"136","updated_at":"2018-06-24 23:32:46"}},{"id":"523","name":"S\u0130VEREK","box_count":"464","open_box_count":"108","voter_count":"134935","total_valid_vote":"24684","results":{"millet":"21","cumhur":"110","akp":"10335","mhp":"930","hudapar":"943","vatan":"129","hdp":"10555","iyi":"472","chp":"941","sp":"227","updated_at":"2018-06-24 23:32:59"}},{"id":"536","name":"SURU\u00c7","box_count":"206","open_box_count":"39","voter_count":"57712","total_valid_vote":"8286","results":{"millet":"0","cumhur":"1","akp":"2398","mhp":"71","hudapar":"122","vatan":"10","hdp":"5416","iyi":"52","chp":"141","sp":"50","updated_at":"2018-06-24 23:32:59"}},{"id":"606","name":"V\u0130RAN\u015eEH\u0130R","box_count":"354","open_box_count":"47","voter_count":"98882","total_valid_vote":"10107","results":{"millet":"3","cumhur":"19","akp":"3937","mhp":"285","hudapar":"286","vatan":"13","hdp":"5123","iyi":"128","chp":"254","sp":"64","updated_at":"2018-06-24 23:33:01"}},{"id":"693","name":"HARRAN","box_count":"157","open_box_count":"38","voter_count":"37735","total_valid_vote":"8809","results":{"millet":"1","cumhur":"79","akp":"3922","mhp":"4729","hudapar":"4","vatan":"1","hdp":"18","iyi":"53","chp":"34","sp":"20","updated_at":"2018-06-24 23:33:03"}},{"id":"1047","name":"EYY\u00dcB\u0130YE","box_count":"579","open_box_count":"177","voter_count":"186972","total_valid_vote":"41505","results":{"millet":"20","cumhur":"324","akp":"27660","mhp":"4249","hudapar":"544","vatan":"36","hdp":"6913","iyi":"537","chp":"717","sp":"418","updated_at":"2018-06-24 23:33:09"}},{"id":"1048","name":"HAL\u0130L\u0130YE","box_count":"658","open_box_count":"291","voter_count":"209478","total_valid_vote":"76139","results":{"millet":"50","cumhur":"597","akp":"44098","mhp":"8620","hudapar":"949","vatan":"67","hdp":"15638","iyi":"1513","chp":"3365","sp":"1354","updated_at":"2018-06-24 23:33:09"}},{"id":"1049","name":"KARAK\u00d6PR\u00dc","box_count":"343","open_box_count":"132","voter_count":"105394","total_valid_vote":"32847","results":{"millet":"32","cumhur":"173","akp":"18265","mhp":"2260","hudapar":"430","vatan":"111","hdp":"7769","iyi":"1276","chp":"1659","sp":"899","updated_at":"2018-06-24 23:33:09"}}]],"winners":[{"firstname":"H\u00dcSEY\u0130N","lastname":"DOLAP","party":"sp","order":1},{"firstname":"AZ\u0130Z","lastname":"BAYLAN","party":"hudapar","order":2},{"firstname":"CENG\u0130Z","lastname":"\u0130NAL","party":"chp","order":3},{"firstname":"HASAN","lastname":"O\u011eUL","party":"iyi","order":4},{"firstname":"\u0130MAM","lastname":"BADILLI","party":"iyi","order":5},{"firstname":"S\u0130BEL","lastname":"KO\u00c7 G\u00dcVEN","party":"vatan","order":6},{"firstname":"HAL\u0130L","lastname":"BAKI\u015e","party":"mhp","order":7},{"firstname":"NUSRETT\u0130N","lastname":"MA\u00c7\u0130N","party":"hdp","order":8},{"firstname":"MUSTAFA N\u0130YAZ\u0130","lastname":"YANMAZ","party":"sp","order":9},{"firstname":"ATA","lastname":"PELVANO\u011eLU","party":"vatan","order":10},{"firstname":"HASAN","lastname":"\u015e\u0130L","party":"vatan","order":11},{"firstname":"AY\u015eE","lastname":"S\u00dcR\u00dcC\u00dc","party":"hdp","order":12},{"firstname":"ABDULKER\u0130M","lastname":"KO\u00c7","party":"","order":13},{"firstname":"\u015eEYHMUS","lastname":"EROL","party":"","order":14}]}