{"id":"53","name":"R\u0130ZE","box_count":"974","open_box_count":"280","voter_count":"252342","total_valid_vote":"67851","results":{"millet":"118","cumhur":"677","akp":"44304","mhp":"8672","hudapar":"87","vatan":"126","hdp":"693","iyi":"3985","chp":"8440","sp":"1267","updated_at":"2018-06-24 23:33:10"},"districts":[[{"id":"45","name":"ARDE\u015eEN","box_count":"116","open_box_count":"36","voter_count":"30661","total_valid_vote":"8335","results":{"millet":"15","cumhur":"76","akp":"4693","mhp":"940","hudapar":"17","vatan":"9","hdp":"94","iyi":"625","chp":"1685","sp":"161","updated_at":"2018-06-24 23:32:29"}},{"id":"126","name":"\u00c7AMLIHEM\u015e\u0130N","box_count":"38","open_box_count":"0","voter_count":"5320","total_valid_vote":"0","results":{"millet":"0","cumhur":"0","akp":"0","mhp":"0","hudapar":"0","vatan":"0","hdp":"0","iyi":"0","chp":"0","sp":"0","updated_at":"2018-06-24 23:32:24"}},{"id":"139","name":"\u00c7AYEL\u0130","box_count":"137","open_box_count":"38","voter_count":"33038","total_valid_vote":"8504","results":{"millet":"20","cumhur":"104","akp":"5600","mhp":"1358","hudapar":"27","vatan":"9","hdp":"52","iyi":"549","chp":"768","sp":"131","updated_at":"2018-06-24 23:32:37"}},{"id":"230","name":"FINDIKLI","box_count":"51","open_box_count":"12","voter_count":"12697","total_valid_vote":"2085","results":{"millet":"6","cumhur":"24","akp":"1048","mhp":"158","hudapar":"1","vatan":"9","hdp":"45","iyi":"195","chp":"602","sp":"13","updated_at":"2018-06-24 23:32:42"}},{"id":"302","name":"\u0130K\u0130ZDERE","box_count":"38","open_box_count":"0","voter_count":"5061","total_valid_vote":"0","results":{"millet":"0","cumhur":"0","akp":"0","mhp":"0","hudapar":"0","vatan":"0","hdp":"0","iyi":"0","chp":"0","sp":"0","updated_at":"2018-06-24 23:32:24"}},{"id":"323","name":"KALKANDERE","box_count":"42","open_box_count":"3","voter_count":"9033","total_valid_vote":"708","results":{"millet":"1","cumhur":"6","akp":"246","mhp":"121","hudapar":"1","vatan":"1","hdp":"128","iyi":"89","chp":"85","sp":"24","updated_at":"2018-06-24 23:32:49"}},{"id":"462","name":"PAZAR","box_count":"106","open_box_count":"26","voter_count":"24653","total_valid_vote":"4363","results":{"millet":"4","cumhur":"58","akp":"2717","mhp":"414","hudapar":"9","vatan":"17","hdp":"46","iyi":"241","chp":"879","sp":"34","updated_at":"2018-06-24 23:32:57"}},{"id":"479","name":"R\u0130ZE MERKEZ","box_count":"343","open_box_count":"165","voter_count":"106683","total_valid_vote":"43856","results":{"millet":"72","cumhur":"409","akp":"30000","mhp":"5681","hudapar":"32","vatan":"81","hdp":"328","iyi":"2286","chp":"4421","sp":"904","updated_at":"2018-06-24 23:32:58"}},{"id":"689","name":"G\u00dcNEYSU","box_count":"39","open_box_count":"0","voter_count":"10627","total_valid_vote":"0","results":{"millet":"0","cumhur":"0","akp":"0","mhp":"0","hudapar":"0","vatan":"0","hdp":"0","iyi":"0","chp":"0","sp":"0","updated_at":"2018-06-24 23:32:24"}},{"id":"801","name":"DEREPAZARI","box_count":"24","open_box_count":"0","voter_count":"5698","total_valid_vote":"0","results":{"millet":"0","cumhur":"0","akp":"0","mhp":"0","hudapar":"0","vatan":"0","hdp":"0","iyi":"0","chp":"0","sp":"0","updated_at":"2018-06-24 23:32:24"}},{"id":"836","name":"HEM\u015e\u0130N","box_count":"13","open_box_count":"0","voter_count":"2173","total_valid_vote":"0","results":{"millet":"0","cumhur":"0","akp":"0","mhp":"0","hudapar":"0","vatan":"0","hdp":"0","iyi":"0","chp":"0","sp":"0","updated_at":"2018-06-24 23:32:24"}},{"id":"842","name":"\u0130Y\u0130DERE","box_count":"27","open_box_count":"0","voter_count":"6698","total_valid_vote":"0","results":{"millet":"0","cumhur":"0","akp":"0","mhp":"0","hudapar":"0","vatan":"0","hdp":"0","iyi":"0","chp":"0","sp":"0","updated_at":"2018-06-24 23:32:24"}}]],"winners":[{"firstname":"SAL\u0130H","lastname":"\u00d6KS\u00dcZ","party":"vatan","order":1},{"firstname":"MUHAMMET","lastname":"KARAL\u0130","party":"hudapar","order":2},{"firstname":"ZEK\u0130","lastname":"AYNACI","party":"","order":3}]}