{"id":"36","name":"KARS","box_count":"712","open_box_count":"139","voter_count":"181776","total_valid_vote":"27372","results":{"millet":"50","cumhur":"161","akp":"9936","mhp":"2259","hudapar":"68","vatan":"85","hdp":"7261","iyi":"2606","chp":"4915","sp":"184","updated_at":"2018-06-24 23:33:10"},"districts":[[{"id":"48","name":"ARPA\u00c7AY","box_count":"58","open_box_count":"18","voter_count":"12163","total_valid_vote":"2593","results":{"millet":"4","cumhur":"38","akp":"1238","mhp":"332","hudapar":"9","vatan":"10","hdp":"385","iyi":"323","chp":"286","sp":"10","updated_at":"2018-06-24 23:32:29"}},{"id":"177","name":"D\u0130GOR","box_count":"61","open_box_count":"7","voter_count":"13731","total_valid_vote":"1268","results":{"millet":"0","cumhur":"0","akp":"199","mhp":"9","hudapar":"5","vatan":"9","hdp":"1008","iyi":"15","chp":"17","sp":"6","updated_at":"2018-06-24 23:32:41"}},{"id":"319","name":"KA\u011eIZMAN","box_count":"113","open_box_count":"13","voter_count":"28383","total_valid_vote":"2259","results":{"millet":"1","cumhur":"14","akp":"1279","mhp":"104","hudapar":"5","vatan":"10","hdp":"720","iyi":"51","chp":"81","sp":"9","updated_at":"2018-06-24 23:32:48"}},{"id":"342","name":"KARS MERKEZ","box_count":"239","open_box_count":"77","voter_count":"71904","total_valid_vote":"17083","results":{"millet":"43","cumhur":"104","akp":"5302","mhp":"1490","hudapar":"47","vatan":"45","hdp":"3826","iyi":"2084","chp":"4094","sp":"138","updated_at":"2018-06-24 23:32:50"}},{"id":"494","name":"SARIKAMI\u015e","box_count":"100","open_box_count":"13","voter_count":"25957","total_valid_vote":"2510","results":{"millet":"2","cumhur":"4","akp":"981","mhp":"262","hudapar":"1","vatan":"7","hdp":"922","iyi":"70","chp":"247","sp":"19","updated_at":"2018-06-24 23:32:58"}},{"id":"507","name":"SEL\u0130M","box_count":"71","open_box_count":"11","voter_count":"15194","total_valid_vote":"1659","results":{"millet":"0","cumhur":"1","akp":"937","mhp":"62","hudapar":"1","vatan":"4","hdp":"400","iyi":"63","chp":"190","sp":"2","updated_at":"2018-06-24 23:32:58"}},{"id":"538","name":"SUSUZ","box_count":"33","open_box_count":"0","voter_count":"7061","total_valid_vote":"0","results":{"millet":"0","cumhur":"0","akp":"0","mhp":"0","hudapar":"0","vatan":"0","hdp":"0","iyi":"0","chp":"0","sp":"0","updated_at":"2018-06-24 23:32:24"}},{"id":"649","name":"AKYAKA","box_count":"37","open_box_count":"0","voter_count":"7383","total_valid_vote":"0","results":{"millet":"0","cumhur":"0","akp":"0","mhp":"0","hudapar":"0","vatan":"0","hdp":"0","iyi":"0","chp":"0","sp":"0","updated_at":"2018-06-24 16:53:16"}}]],"winners":[{"firstname":"AHMET","lastname":"ARSLAN","party":"akp","order":1},{"firstname":"MUHAMMET AL\u0130","lastname":"G\u00d6K\u00c7EK","party":"vatan","order":2},{"firstname":"TAH\u0130R","lastname":"TAH\u0130RO\u011eLU","party":"sp","order":3}]}