{"id":"5","name":"AMASYA","box_count":"939","open_box_count":"315","voter_count":"246486","total_valid_vote":"69199","results":{"millet":"140","cumhur":"674","akp":"30111","mhp":"8309","hudapar":"99","vatan":"119","hdp":"1359","iyi":"8839","chp":"19557","sp":"748","updated_at":"2018-06-24 23:33:10"},"districts":[[{"id":"34","name":"AMASYA MERKEZ","box_count":"343","open_box_count":"140","voter_count":"101641","total_valid_vote":"35577","results":{"millet":"79","cumhur":"348","akp":"15579","mhp":"4618","hudapar":"41","vatan":"51","hdp":"607","iyi":"5331","chp":"8937","sp":"375","updated_at":"2018-06-24 23:32:28"}},{"id":"260","name":"G\u00d6YN\u00dcCEK","box_count":"50","open_box_count":"11","voter_count":"8202","total_valid_vote":"1138","results":{"millet":"0","cumhur":"4","akp":"360","mhp":"114","hudapar":"4","vatan":"4","hdp":"72","iyi":"64","chp":"515","sp":"4","updated_at":"2018-06-24 23:32:44"}},{"id":"265","name":"G\u00dcM\u00dc\u015eHACIK\u00d6Y","box_count":"84","open_box_count":"19","voter_count":"18699","total_valid_vote":"2515","results":{"millet":"9","cumhur":"11","akp":"880","mhp":"119","hudapar":"6","vatan":"1","hdp":"83","iyi":"69","chp":"1349","sp":"8","updated_at":"2018-06-24 23:32:44"}},{"id":"417","name":"MERZ\u0130FON","box_count":"204","open_box_count":"82","voter_count":"54817","total_valid_vote":"17451","results":{"millet":"30","cumhur":"129","akp":"6410","mhp":"1743","hudapar":"13","vatan":"27","hdp":"422","iyi":"2050","chp":"6565","sp":"202","updated_at":"2018-06-24 23:32:56"}},{"id":"534","name":"SULUOVA","box_count":"129","open_box_count":"37","voter_count":"35156","total_valid_vote":"7840","results":{"millet":"12","cumhur":"110","akp":"4266","mhp":"1285","hudapar":"9","vatan":"16","hdp":"127","iyi":"925","chp":"1079","sp":"133","updated_at":"2018-06-24 23:32:59"}},{"id":"561","name":"TA\u015eOVA","box_count":"107","open_box_count":"26","voter_count":"24894","total_valid_vote":"4678","results":{"millet":"10","cumhur":"72","akp":"2616","mhp":"430","hudapar":"26","vatan":"20","hdp":"48","iyi":"400","chp":"1112","sp":"26","updated_at":"2018-06-24 23:33:00"}},{"id":"831","name":"HAMAM\u00d6Z\u00dc","box_count":"22","open_box_count":"0","voter_count":"3077","total_valid_vote":"0","results":{"millet":"0","cumhur":"0","akp":"0","mhp":"0","hudapar":"0","vatan":"0","hdp":"0","iyi":"0","chp":"0","sp":"0","updated_at":"2018-06-24 23:32:24"}}]],"winners":[{"firstname":"M\u00dcSL\u00dcM","lastname":"YILMAZ","party":"hudapar","order":1},{"firstname":"SERDAR","lastname":"DEM\u0130R","party":"vatan","order":2},{"firstname":"MAHMUT","lastname":"\u00c7AKAR","party":"sp","order":3}]}