{"id":"71","name":"KIRIKKALE","box_count":"701","open_box_count":"208","voter_count":"198396","total_valid_vote":"53724","results":{"millet":"138","cumhur":"685","akp":"23157","mhp":"13214","hudapar":"74","vatan":"97","hdp":"620","iyi":"7466","chp":"8112","sp":"769","updated_at":"2018-06-24 23:33:11"},"districts":[[{"id":"166","name":"DEL\u0130CE","box_count":"55","open_box_count":"17","voter_count":"6765","total_valid_vote":"1192","results":{"millet":"0","cumhur":"11","akp":"486","mhp":"163","hudapar":"3","vatan":"4","hdp":"18","iyi":"91","chp":"421","sp":"6","updated_at":"2018-06-24 23:32:40"}},{"id":"357","name":"KESK\u0130N","box_count":"77","open_box_count":"24","voter_count":"12238","total_valid_vote":"2284","results":{"millet":"4","cumhur":"26","akp":"809","mhp":"423","hudapar":"2","vatan":"6","hdp":"215","iyi":"405","chp":"360","sp":"64","updated_at":"2018-06-24 23:32:52"}},{"id":"363","name":"KIRIKKALE MERKEZ","box_count":"411","open_box_count":"161","voter_count":"146479","total_valid_vote":"49284","results":{"millet":"134","cumhur":"634","akp":"21304","mhp":"12435","hudapar":"68","vatan":"87","hdp":"378","iyi":"6886","chp":"7218","sp":"693","updated_at":"2018-06-24 23:32:52"}},{"id":"531","name":"SULAKYURT","box_count":"35","open_box_count":"1","voter_count":"5414","total_valid_vote":"38","results":{"millet":"0","cumhur":"0","akp":"6","mhp":"25","hudapar":"0","vatan":"0","hdp":"1","iyi":"2","chp":"4","sp":"0","updated_at":"2018-06-24 23:32:59"}},{"id":"773","name":"BAH\u015e\u0130L\u0130","box_count":"19","open_box_count":"0","voter_count":"5235","total_valid_vote":"0","results":{"millet":"0","cumhur":"0","akp":"0","mhp":"0","hudapar":"0","vatan":"0","hdp":"0","iyi":"0","chp":"0","sp":"0","updated_at":"2018-06-24 23:32:24"}},{"id":"775","name":"BALI\u015eEYH","box_count":"33","open_box_count":"0","voter_count":"4442","total_valid_vote":"0","results":{"millet":"0","cumhur":"0","akp":"0","mhp":"0","hudapar":"0","vatan":"0","hdp":"0","iyi":"0","chp":"0","sp":"0","updated_at":"2018-06-24 23:32:24"}},{"id":"794","name":"\u00c7ELEB\u0130","box_count":"17","open_box_count":"0","voter_count":"1824","total_valid_vote":"0","results":{"millet":"0","cumhur":"0","akp":"0","mhp":"0","hudapar":"0","vatan":"0","hdp":"0","iyi":"0","chp":"0","sp":"0","updated_at":"2018-06-24 23:32:24"}},{"id":"847","name":"KARAKE\u00c7\u0130L\u0130","box_count":"10","open_box_count":"0","voter_count":"2376","total_valid_vote":"0","results":{"millet":"0","cumhur":"0","akp":"0","mhp":"0","hudapar":"0","vatan":"0","hdp":"0","iyi":"0","chp":"0","sp":"0","updated_at":"2018-06-24 23:32:24"}},{"id":"885","name":"YAH\u015e\u0130HAN","box_count":"44","open_box_count":"5","voter_count":"13623","total_valid_vote":"926","results":{"millet":"0","cumhur":"14","akp":"552","mhp":"168","hudapar":"1","vatan":"0","hdp":"8","iyi":"82","chp":"109","sp":"6","updated_at":"2018-06-24 23:33:06"}}]],"winners":[{"firstname":"MEHMET NEZ\u0130R","lastname":"\u00c7EL\u0130K","party":"hudapar","order":1},{"firstname":"RIFAT","lastname":"RON\u0130","party":"hdp","order":2},{"firstname":"SELAM\u0130","lastname":"\u00c7AKIR","party":"sp","order":3}]}