{"id":"52","name":"ORDU","box_count":"2013","open_box_count":"624","voter_count":"557984","total_valid_vote":"147214","results":{"millet":"307","cumhur":"2074","akp":"71546","mhp":"24422","hudapar":"529","vatan":"490","hdp":"1502","iyi":"12479","chp":"34282","sp":"1811","updated_at":"2018-06-24 23:33:09"},"districts":[[{"id":"19","name":"AKKU\u015e","box_count":"82","open_box_count":"9","voter_count":"17609","total_valid_vote":"1857","results":{"millet":"1","cumhur":"39","akp":"1119","mhp":"335","hudapar":"7","vatan":"23","hdp":"12","iyi":"119","chp":"213","sp":"29","updated_at":"2018-06-24 23:32:26"}},{"id":"57","name":"AYBASTI","box_count":"63","open_box_count":"20","voter_count":"16842","total_valid_vote":"4095","results":{"millet":"7","cumhur":"79","akp":"2453","mhp":"602","hudapar":"16","vatan":"39","hdp":"38","iyi":"204","chp":"705","sp":"38","updated_at":"2018-06-24 23:32:30"}},{"id":"226","name":"FATSA","box_count":"279","open_box_count":"110","voter_count":"85661","total_valid_vote":"29341","results":{"millet":"47","cumhur":"323","akp":"14275","mhp":"4610","hudapar":"203","vatan":"82","hdp":"386","iyi":"2478","chp":"6926","sp":"343","updated_at":"2018-06-24 23:32:42"}},{"id":"255","name":"G\u00d6LK\u00d6Y","box_count":"78","open_box_count":"17","voter_count":"22224","total_valid_vote":"3300","results":{"millet":"7","cumhur":"75","akp":"1531","mhp":"810","hudapar":"17","vatan":"25","hdp":"15","iyi":"312","chp":"547","sp":"31","updated_at":"2018-06-24 23:32:43"}},{"id":"375","name":"KORGAN","box_count":"73","open_box_count":"19","voter_count":"21196","total_valid_vote":"4961","results":{"millet":"6","cumhur":"83","akp":"2801","mhp":"1282","hudapar":"19","vatan":"19","hdp":"10","iyi":"332","chp":"418","sp":"80","updated_at":"2018-06-24 23:32:54"}},{"id":"386","name":"KUMRU","box_count":"81","open_box_count":"19","voter_count":"22297","total_valid_vote":"4727","results":{"millet":"6","cumhur":"89","akp":"2846","mhp":"1109","hudapar":"7","vatan":"15","hdp":"29","iyi":"224","chp":"448","sp":"49","updated_at":"2018-06-24 23:32:55"}},{"id":"418","name":"MESUD\u0130YE","box_count":"81","open_box_count":"20","voter_count":"13116","total_valid_vote":"2392","results":{"millet":"7","cumhur":"72","akp":"1356","mhp":"341","hudapar":"7","vatan":"7","hdp":"8","iyi":"288","chp":"374","sp":"11","updated_at":"2018-06-24 23:32:56"}},{"id":"466","name":"PER\u015eEMBE","box_count":"112","open_box_count":"34","voter_count":"25639","total_valid_vote":"5994","results":{"millet":"21","cumhur":"54","akp":"2350","mhp":"665","hudapar":"22","vatan":"30","hdp":"129","iyi":"737","chp":"2024","sp":"37","updated_at":"2018-06-24 23:32:57"}},{"id":"589","name":"ULUBEY","box_count":"64","open_box_count":"16","voter_count":"14579","total_valid_vote":"2690","results":{"millet":"3","cumhur":"46","akp":"1446","mhp":"450","hudapar":"11","vatan":"11","hdp":"16","iyi":"141","chp":"580","sp":"26","updated_at":"2018-06-24 23:33:01"}},{"id":"599","name":"\u00dcNYE","box_count":"357","open_box_count":"165","voter_count":"92232","total_valid_vote":"34773","results":{"millet":"83","cumhur":"596","akp":"19609","mhp":"5940","hudapar":"68","vatan":"117","hdp":"313","iyi":"2655","chp":"5393","sp":"609","updated_at":"2018-06-24 23:33:01"}},{"id":"688","name":"G\u00dcLYALI","box_count":"24","open_box_count":"0","voter_count":"6761","total_valid_vote":"0","results":{"millet":"0","cumhur":"0","akp":"0","mhp":"0","hudapar":"0","vatan":"0","hdp":"0","iyi":"0","chp":"0","sp":"0","updated_at":"2018-06-24 23:32:24"}},{"id":"690","name":"G\u00dcRGENTEPE","box_count":"40","open_box_count":"1","voter_count":"11058","total_valid_vote":"234","results":{"millet":"3","cumhur":"2","akp":"33","mhp":"14","hudapar":"0","vatan":"0","hdp":"5","iyi":"5","chp":"174","sp":"3","updated_at":"2018-06-24 23:33:03"}},{"id":"784","name":"\u00c7AMA\u015e","box_count":"29","open_box_count":"0","voter_count":"6868","total_valid_vote":"0","results":{"millet":"0","cumhur":"0","akp":"0","mhp":"0","hudapar":"0","vatan":"0","hdp":"0","iyi":"0","chp":"0","sp":"0","updated_at":"2018-06-24 23:32:24"}},{"id":"790","name":"\u00c7ATALPINAR","box_count":"38","open_box_count":"0","voter_count":"9895","total_valid_vote":"0","results":{"millet":"0","cumhur":"0","akp":"0","mhp":"0","hudapar":"0","vatan":"0","hdp":"0","iyi":"0","chp":"0","sp":"0","updated_at":"2018-06-24 23:32:24"}},{"id":"793","name":"\u00c7AYBA\u015eI","box_count":"43","open_box_count":"3","voter_count":"9537","total_valid_vote":"545","results":{"millet":"0","cumhur":"10","akp":"283","mhp":"150","hudapar":"1","vatan":"0","hdp":"1","iyi":"56","chp":"51","sp":"3","updated_at":"2018-06-24 23:33:05"}},{"id":"840","name":"\u0130K\u0130ZCE","box_count":"52","open_box_count":"11","voter_count":"10806","total_valid_vote":"1848","results":{"millet":"1","cumhur":"31","akp":"1018","mhp":"287","hudapar":"8","vatan":"13","hdp":"12","iyi":"174","chp":"321","sp":"15","updated_at":"2018-06-24 23:33:05"}},{"id":"843","name":"KABAD\u00dcZ","box_count":"26","open_box_count":"0","voter_count":"6204","total_valid_vote":"0","results":{"millet":"0","cumhur":"0","akp":"0","mhp":"0","hudapar":"0","vatan":"0","hdp":"0","iyi":"0","chp":"0","sp":"0","updated_at":"2018-06-24 23:32:24"}},{"id":"844","name":"KABATA\u015e","box_count":"29","open_box_count":"0","voter_count":"8254","total_valid_vote":"0","results":{"millet":"0","cumhur":"0","akp":"0","mhp":"0","hudapar":"0","vatan":"0","hdp":"0","iyi":"0","chp":"0","sp":"0","updated_at":"2018-06-24 23:32:24"}},{"id":"1036","name":"ALTINORDU","box_count":"462","open_box_count":"180","voter_count":"157206","total_valid_vote":"50457","results":{"millet":"115","cumhur":"575","akp":"20426","mhp":"7827","hudapar":"143","vatan":"109","hdp":"528","iyi":"4754","chp":"16108","sp":"537","updated_at":"2018-06-24 23:33:08"}}]],"winners":[{"firstname":"MEHMET CAN","lastname":"M\u0130KYAS","party":"hudapar","order":1},{"firstname":"FAZLI","lastname":"Y\u00dcKSEL","party":"mhp","order":2},{"firstname":"FAYSAL","lastname":"ASLAN","party":"hudapar","order":3},{"firstname":"NAZIM Y\u0130\u011e\u0130T","lastname":"G\u00dcNAY","party":"chp","order":4},{"firstname":"\u015eENEL","lastname":"YED\u0130YILDIZ","party":"akp","order":5},{"firstname":"G\u00dcNAY","lastname":"KARAA\u011eA\u00c7","party":"iyi","order":6}]}