{"id":"2","name":"ADIYAMAN","box_count":"1440","open_box_count":"324","voter_count":"399281","total_valid_vote":"74171","results":{"millet":"75","cumhur":"539","akp":"39821","mhp":"7566","hudapar":"717","vatan":"160","hdp":"11172","iyi":"4393","chp":"9005","sp":"1158","updated_at":"2018-06-24 23:33:09"},"districts":[[{"id":"5","name":"ADIYAMAN MERKEZ","box_count":"617","open_box_count":"191","voter_count":"193718","total_valid_vote":"48267","results":{"millet":"41","cumhur":"364","akp":"24855","mhp":"5187","hudapar":"380","vatan":"78","hdp":"8252","iyi":"3008","chp":"5598","sp":"792","updated_at":"2018-06-24 23:32:25"}},{"id":"81","name":"BESN\u0130","box_count":"195","open_box_count":"50","voter_count":"50927","total_valid_vote":"9074","results":{"millet":"17","cumhur":"56","akp":"5412","mhp":"744","hudapar":"46","vatan":"42","hdp":"817","iyi":"575","chp":"1320","sp":"100","updated_at":"2018-06-24 23:32:32"}},{"id":"144","name":"\u00c7EL\u0130KHAN","box_count":"53","open_box_count":"7","voter_count":"10671","total_valid_vote":"748","results":{"millet":"0","cumhur":"2","akp":"584","mhp":"17","hudapar":"0","vatan":"5","hdp":"66","iyi":"14","chp":"42","sp":"15","updated_at":"2018-06-24 23:32:38"}},{"id":"244","name":"GERGER","box_count":"63","open_box_count":"4","voter_count":"11605","total_valid_vote":"262","results":{"millet":"0","cumhur":"0","akp":"223","mhp":"2","hudapar":"0","vatan":"0","hdp":"24","iyi":"1","chp":"11","sp":"1","updated_at":"2018-06-24 23:32:43"}},{"id":"251","name":"G\u00d6LBA\u015eI","box_count":"115","open_box_count":"30","voter_count":"34202","total_valid_vote":"7636","results":{"millet":"12","cumhur":"87","akp":"3146","mhp":"1185","hudapar":"25","vatan":"18","hdp":"703","iyi":"649","chp":"1809","sp":"76","updated_at":"2018-06-24 23:32:43"}},{"id":"320","name":"KAHTA","box_count":"290","open_box_count":"38","voter_count":"74961","total_valid_vote":"7563","results":{"millet":"5","cumhur":"28","akp":"4996","mhp":"425","hudapar":"266","vatan":"17","hdp":"1306","iyi":"141","chp":"224","sp":"174","updated_at":"2018-06-24 23:32:48"}},{"id":"485","name":"SAMSAT","box_count":"25","open_box_count":"0","voter_count":"4806","total_valid_vote":"0","results":{"millet":"0","cumhur":"0","akp":"0","mhp":"0","hudapar":"0","vatan":"0","hdp":"0","iyi":"0","chp":"0","sp":"0","updated_at":"2018-06-24 23:32:24"}},{"id":"878","name":"S\u0130NC\u0130K","box_count":"54","open_box_count":"4","voter_count":"11512","total_valid_vote":"621","results":{"millet":"0","cumhur":"2","akp":"605","mhp":"6","hudapar":"0","vatan":"0","hdp":"4","iyi":"5","chp":"1","sp":"0","updated_at":"2018-06-24 23:33:06"}},{"id":"882","name":"TUT","box_count":"28","open_box_count":"0","voter_count":"6879","total_valid_vote":"0","results":{"millet":"0","cumhur":"0","akp":"0","mhp":"0","hudapar":"0","vatan":"0","hdp":"0","iyi":"0","chp":"0","sp":"0","updated_at":"2018-06-24 23:32:24"}}]],"winners":[{"firstname":"ABDURRAHMAN","lastname":"TUTDERE","party":"chp","order":1},{"firstname":"B\u0130LAL","lastname":"DEM\u0130R","party":"hudapar","order":2},{"firstname":"ABDULKAD\u0130R","lastname":"G\u00d6ZLEY\u0130C\u0130","party":"sp","order":3},{"firstname":"MUSTAFA","lastname":"YET\u0130\u015e","party":"hudapar","order":4},{"firstname":"MAHMUT NED\u0130M","lastname":"EVL\u0130","party":"chp","order":5}]}