{"id":"81","name":"D\u00dcZCE","box_count":"912","open_box_count":"354","voter_count":"267610","total_valid_vote":"93977","results":{"millet":"193","cumhur":"1310","akp":"51878","mhp":"17902","hudapar":"108","vatan":"283","hdp":"1642","iyi":"6357","chp":"13926","sp":"1516","updated_at":"2018-06-24 23:33:09"},"districts":[[{"id":"16","name":"AK\u00c7AKOCA","box_count":"108","open_box_count":"29","voter_count":"29502","total_valid_vote":"7326","results":{"millet":"15","cumhur":"101","akp":"3852","mhp":"1290","hudapar":"5","vatan":"17","hdp":"220","iyi":"525","chp":"1193","sp":"199","updated_at":"2018-06-24 23:32:26"}},{"id":"190","name":"D\u00dcZCE MERKEZ","box_count":"498","open_box_count":"253","voter_count":"160924","total_valid_vote":"72142","results":{"millet":"164","cumhur":"969","akp":"38547","mhp":"14016","hudapar":"76","vatan":"219","hdp":"1232","iyi":"5179","chp":"11379","sp":"1175","updated_at":"2018-06-24 23:32:41"}},{"id":"623","name":"YI\u011eILCA","box_count":"59","open_box_count":"20","voter_count":"11269","total_valid_vote":"2827","results":{"millet":"4","cumhur":"74","akp":"2056","mhp":"474","hudapar":"12","vatan":"21","hdp":"10","iyi":"104","chp":"129","sp":"21","updated_at":"2018-06-24 23:33:02"}},{"id":"677","name":"CUMAYER\u0130","box_count":"43","open_box_count":"4","voter_count":"10435","total_valid_vote":"663","results":{"millet":"0","cumhur":"4","akp":"445","mhp":"64","hudapar":"0","vatan":"1","hdp":"2","iyi":"41","chp":"102","sp":"9","updated_at":"2018-06-24 23:33:03"}},{"id":"687","name":"G\u00d6LYAKA","box_count":"58","open_box_count":"19","voter_count":"15551","total_valid_vote":"3967","results":{"millet":"3","cumhur":"60","akp":"2689","mhp":"587","hudapar":"6","vatan":"11","hdp":"10","iyi":"151","chp":"470","sp":"43","updated_at":"2018-06-24 23:33:03"}},{"id":"798","name":"\u00c7\u0130L\u0130ML\u0130","box_count":"48","open_box_count":"11","voter_count":"13090","total_valid_vote":"2721","results":{"millet":"3","cumhur":"26","akp":"1576","mhp":"451","hudapar":"2","vatan":"9","hdp":"161","iyi":"199","chp":"282","sp":"41","updated_at":"2018-06-24 23:33:05"}},{"id":"909","name":"G\u00dcM\u00dc\u015eOVA","box_count":"41","open_box_count":"1","voter_count":"11565","total_valid_vote":"354","results":{"millet":"0","cumhur":"6","akp":"266","mhp":"22","hudapar":"1","vatan":"1","hdp":"0","iyi":"31","chp":"30","sp":"3","updated_at":"2018-06-24 23:33:06"}},{"id":"923","name":"KAYNA\u015eLI","box_count":"57","open_box_count":"17","voter_count":"15274","total_valid_vote":"3977","results":{"millet":"4","cumhur":"70","akp":"2447","mhp":"998","hudapar":"6","vatan":"4","hdp":"7","iyi":"127","chp":"341","sp":"25","updated_at":"2018-06-24 23:33:06"}}]],"winners":[{"firstname":"AHMET SERDAR","lastname":"ERDEM","party":"sp","order":1},{"firstname":"AYHAN","lastname":"SAYILGAN","party":"hudapar","order":2},{"firstname":"ERCAN","lastname":"KATIRCIO\u011eLU","party":"iyi","order":3}]}