{"id":"75","name":"ARDAHAN","box_count":"335","open_box_count":"58","voter_count":"69405","total_valid_vote":"9171","results":{"millet":"11","cumhur":"81","akp":"4016","mhp":"602","hudapar":"33","vatan":"36","hdp":"2616","iyi":"334","chp":"1459","sp":"74","updated_at":"2018-06-24 23:33:10"},"districts":[[{"id":"43","name":"ARDAHAN MERKEZ","box_count":"109","open_box_count":"24","voter_count":"27384","total_valid_vote":"4039","results":{"millet":"7","cumhur":"32","akp":"1387","mhp":"406","hudapar":"16","vatan":"19","hdp":"1038","iyi":"241","chp":"899","sp":"32","updated_at":"2018-06-24 23:32:28"}},{"id":"150","name":"\u00c7ILDIR","box_count":"43","open_box_count":"1","voter_count":"6985","total_valid_vote":"59","results":{"millet":"1","cumhur":"5","akp":"25","mhp":"4","hudapar":"0","vatan":"0","hdp":"0","iyi":"4","chp":"26","sp":"0","updated_at":"2018-06-24 23:32:38"}},{"id":"253","name":"G\u00d6LE","box_count":"74","open_box_count":"19","voter_count":"17953","total_valid_vote":"3840","results":{"millet":"3","cumhur":"21","akp":"1761","mhp":"56","hudapar":"15","vatan":"8","hdp":"1537","iyi":"36","chp":"389","sp":"38","updated_at":"2018-06-24 23:32:43"}},{"id":"277","name":"HANAK","box_count":"37","open_box_count":"0","voter_count":"6981","total_valid_vote":"0","results":{"millet":"0","cumhur":"0","akp":"0","mhp":"0","hudapar":"0","vatan":"0","hdp":"0","iyi":"0","chp":"0","sp":"0","updated_at":"2018-06-24 23:32:24"}},{"id":"472","name":"POSOF","box_count":"53","open_box_count":"14","voter_count":"5384","total_valid_vote":"1233","results":{"millet":"0","cumhur":"23","akp":"843","mhp":"136","hudapar":"2","vatan":"9","hdp":"41","iyi":"53","chp":"145","sp":"4","updated_at":"2018-06-24 23:32:57"}},{"id":"900","name":"DAMAL","box_count":"19","open_box_count":"0","voter_count":"4718","total_valid_vote":"0","results":{"millet":"0","cumhur":"0","akp":"0","mhp":"0","hudapar":"0","vatan":"0","hdp":"0","iyi":"0","chp":"0","sp":"0","updated_at":"2018-06-24 23:32:24"}}]],"winners":[{"firstname":"ORHAN","lastname":"ATALAY","party":"akp","order":1},{"firstname":"YUNUS","lastname":"D\u00dcNDAR","party":"chp","order":2}]}