{"id":"41","name":"KOCAEL\u0130","box_count":"3858","open_box_count":"1345","voter_count":"1334402","total_valid_vote":"404882","results":{"millet":"1073","cumhur":"4208","akp":"199236","mhp":"47179","hudapar":"1107","vatan":"762","hdp":"27394","iyi":"40772","chp":"78110","sp":"9389","updated_at":"2018-06-24 23:33:11"},"districts":[[{"id":"235","name":"GEBZE","box_count":"714","open_box_count":"253","voter_count":"259788","total_valid_vote":"80204","results":{"millet":"196","cumhur":"926","akp":"39965","mhp":"9978","hudapar":"98","vatan":"115","hdp":"5682","iyi":"7139","chp":"15285","sp":"1743","updated_at":"2018-06-24 23:32:42"}},{"id":"252","name":"G\u00d6LC\u00dcK","box_count":"332","open_box_count":"126","voter_count":"116600","total_valid_vote":"38968","results":{"millet":"116","cumhur":"437","akp":"20178","mhp":"4105","hudapar":"55","vatan":"61","hdp":"1354","iyi":"4385","chp":"7813","sp":"980","updated_at":"2018-06-24 23:32:43"}},{"id":"325","name":"KANDIRA","box_count":"163","open_box_count":"60","voter_count":"35546","total_valid_vote":"8684","results":{"millet":"20","cumhur":"88","akp":"3649","mhp":"1417","hudapar":"22","vatan":"31","hdp":"868","iyi":"927","chp":"1577","sp":"171","updated_at":"2018-06-24 23:32:49"}},{"id":"335","name":"KARAM\u00dcRSEL","box_count":"135","open_box_count":"36","voter_count":"42745","total_valid_vote":"11269","results":{"millet":"30","cumhur":"114","akp":"5639","mhp":"1098","hudapar":"11","vatan":"15","hdp":"346","iyi":"1387","chp":"2373","sp":"398","updated_at":"2018-06-24 23:32:50"}},{"id":"714","name":"K\u00d6RFEZ","box_count":"326","open_box_count":"141","voter_count":"114658","total_valid_vote":"44233","results":{"millet":"132","cumhur":"400","akp":"19460","mhp":"5321","hudapar":"90","vatan":"91","hdp":"5068","iyi":"4672","chp":"8303","sp":"1102","updated_at":"2018-06-24 23:33:04"}},{"id":"922","name":"DER\u0130NCE","box_count":"294","open_box_count":"84","voter_count":"103074","total_valid_vote":"25190","results":{"millet":"100","cumhur":"228","akp":"10781","mhp":"2725","hudapar":"48","vatan":"56","hdp":"1639","iyi":"3226","chp":"6101","sp":"559","updated_at":"2018-06-24 23:33:06"}},{"id":"995","name":"BA\u015e\u0130SKELE","box_count":"197","open_box_count":"78","voter_count":"66499","total_valid_vote":"23984","results":{"millet":"51","cumhur":"256","akp":"13784","mhp":"2680","hudapar":"43","vatan":"53","hdp":"709","iyi":"2527","chp":"3378","sp":"804","updated_at":"2018-06-24 23:33:08"}},{"id":"996","name":"\u00c7AYIROVA","box_count":"242","open_box_count":"101","voter_count":"88216","total_valid_vote":"32241","results":{"millet":"47","cumhur":"370","akp":"17298","mhp":"4317","hudapar":"72","vatan":"28","hdp":"2933","iyi":"1733","chp":"4892","sp":"813","updated_at":"2018-06-24 23:33:08"}},{"id":"997","name":"DARICA","box_count":"379","open_box_count":"121","voter_count":"138467","total_valid_vote":"38483","results":{"millet":"84","cumhur":"360","akp":"18247","mhp":"4678","hudapar":"283","vatan":"91","hdp":"3980","iyi":"3122","chp":"7210","sp":"600","updated_at":"2018-06-24 23:33:08"}},{"id":"998","name":"D\u0130LOVASI","box_count":"90","open_box_count":"4","voter_count":"31109","total_valid_vote":"1261","results":{"millet":"0","cumhur":"13","akp":"560","mhp":"139","hudapar":"4","vatan":"0","hdp":"470","iyi":"57","chp":"22","sp":"9","updated_at":"2018-06-24 23:33:08"}},{"id":"999","name":"\u0130ZM\u0130T","box_count":"752","open_box_count":"240","voter_count":"255778","total_valid_vote":"69630","results":{"millet":"205","cumhur":"670","akp":"33047","mhp":"7309","hudapar":"116","vatan":"139","hdp":"3198","iyi":"8503","chp":"15824","sp":"1470","updated_at":"2018-06-24 23:33:08"}},{"id":"1000","name":"KARTEPE","box_count":"234","open_box_count":"101","voter_count":"81922","total_valid_vote":"30735","results":{"millet":"92","cumhur":"346","akp":"16628","mhp":"3412","hudapar":"265","vatan":"82","hdp":"1147","iyi":"3094","chp":"5332","sp":"740","updated_at":"2018-06-24 23:33:08"}}]],"winners":[{"firstname":"EL\u0130FNUR","lastname":"BAYRAM","party":"akp","order":1},{"firstname":"MUHAMMED EM\u0130N","lastname":"DUMAN","party":"hudapar","order":2},{"firstname":"MUSTAFA","lastname":"TOZKOPARAN","party":"","order":3},{"firstname":"ERSOY","lastname":"KANDEM\u0130R","party":"","order":4},{"firstname":"AHMET","lastname":"POLAT","party":"hudapar","order":5},{"firstname":"ERSOY","lastname":"KANDEM\u0130R","party":"","order":6},{"firstname":"\u0130BRAH\u0130M \u0130NAN\u00c7","lastname":"\u00c7AKIRO\u011eLU","party":"mhp","order":7},{"firstname":"LAT\u0130F G\u00d6KHAN","lastname":"DURTA\u015e","party":"sp","order":8},{"firstname":"S\u0130NAN","lastname":"EJDERO\u011eLU","party":"sp","order":9},{"firstname":"ERSOY","lastname":"KANDEM\u0130R","party":"","order":10},{"firstname":"SAFFET","lastname":"SANCAKLI","party":"mhp","order":11},{"firstname":"UFUK","lastname":"EK\u0130NC\u0130","party":"akp","order":12},{"firstname":"K\u00dcBRA","lastname":"G\u00dcNDO\u011eDU","party":"mhp","order":13}]}