{"id":"6","name":"ANKARA","box_count":"11292","open_box_count":"5457","voter_count":"3904585","total_valid_vote":"1682360","results":{"millet":"4980","cumhur":"17618","akp":"672099","mhp":"225214","hudapar":"2636","vatan":"3658","hdp":"101445","iyi":"206266","chp":"440910","sp":"26303","updated_at":"2018-06-24 23:33:10"},"districts":{"bir":[{"id":"66","name":"BALA","box_count":"72","open_box_count":"19","voter_count":"15512","total_valid_vote":"3076","results":{"millet":"5","cumhur":"50","akp":"1269","mhp":"589","hudapar":"7","vatan":"5","hdp":"548","iyi":"221","chp":"326","sp":"20","updated_at":"2018-06-24 23:32:30"}},{"id":"129","name":"\u00c7ANKAYA","box_count":"1864","open_box_count":"792","voter_count":"675782","total_valid_vote":"249569","results":{"millet":"1158","cumhur":"1386","akp":"47405","mhp":"18805","hudapar":"361","vatan":"1038","hdp":"25894","iyi":"36863","chp":"114548","sp":"3918","updated_at":"2018-06-24 23:32:36"}},{"id":"200","name":"ELMADA\u011e","box_count":"105","open_box_count":"26","voter_count":"32339","total_valid_vote":"6930","results":{"millet":"13","cumhur":"46","akp":"2763","mhp":"880","hudapar":"10","vatan":"10","hdp":"141","iyi":"760","chp":"2122","sp":"241","updated_at":"2018-06-24 23:32:41"}},{"id":"284","name":"HAYMANA","box_count":"108","open_box_count":"25","voter_count":"21199","total_valid_vote":"4104","results":{"millet":"5","cumhur":"36","akp":"2497","mhp":"511","hudapar":"5","vatan":"8","hdp":"477","iyi":"183","chp":"344","sp":"70","updated_at":"2018-06-24 23:32:46"}},{"id":"471","name":"POLATLI","box_count":"295","open_box_count":"153","voter_count":"88480","total_valid_vote":"39231","results":{"millet":"83","cumhur":"459","akp":"18698","mhp":"6375","hudapar":"61","vatan":"67","hdp":"2437","iyi":"5550","chp":"5557","sp":"451","updated_at":"2018-06-24 23:32:57"}},{"id":"551","name":"\u015eEREFL\u0130KO\u00c7H\u0130SAR","box_count":"104","open_box_count":"25","voter_count":"24592","total_valid_vote":"5365","results":{"millet":"8","cumhur":"71","akp":"2455","mhp":"899","hudapar":"15","vatan":"8","hdp":"181","iyi":"841","chp":"876","sp":"65","updated_at":"2018-06-24 23:33:00"}},{"id":"637","name":"G\u00d6LBA\u015eI","box_count":"263","open_box_count":"81","voter_count":"88596","total_valid_vote":"22841","results":{"millet":"76","cumhur":"330","akp":"9697","mhp":"4430","hudapar":"19","vatan":"36","hdp":"1377","iyi":"2706","chp":"4064","sp":"401","updated_at":"2018-06-24 23:33:02"}},{"id":"639","name":"MAMAK","box_count":"1231","open_box_count":"698","voter_count":"453000","total_valid_vote":"227715","results":{"millet":"493","cumhur":"2549","akp":"92427","mhp":"30324","hudapar":"451","vatan":"347","hdp":"14596","iyi":"19694","chp":"66995","sp":"2478","updated_at":"2018-06-24 23:33:02"}},{"id":"817","name":"EVREN","box_count":"15","open_box_count":"0","voter_count":"2342","total_valid_vote":"0","results":{"millet":"0","cumhur":"0","akp":"0","mhp":"0","hudapar":"0","vatan":"0","hdp":"0","iyi":"0","chp":"0","sp":"0","updated_at":"2018-06-24 23:32:24"}}],"iki":[{"id":"30","name":"ALTINDA\u011e","box_count":"710","open_box_count":"166","voter_count":"257689","total_valid_vote":"49187","results":{"millet":"138","cumhur":"615","akp":"22998","mhp":"5746","hudapar":"302","vatan":"129","hdp":"2782","iyi":"5089","chp":"11205","sp":"823","updated_at":"2018-06-24 23:32:27"}},{"id":"125","name":"\u00c7AMLIDERE","box_count":"50","open_box_count":"11","voter_count":"6561","total_valid_vote":"1309","results":{"millet":"1","cumhur":"14","akp":"803","mhp":"319","hudapar":"2","vatan":"1","hdp":"1","iyi":"78","chp":"93","sp":"12","updated_at":"2018-06-24 23:32:36"}},{"id":"158","name":"\u00c7UBUK","box_count":"234","open_box_count":"112","voter_count":"63167","total_valid_vote":"26660","results":{"millet":"42","cumhur":"355","akp":"15959","mhp":"5175","hudapar":"37","vatan":"55","hdp":"500","iyi":"1996","chp":"2518","sp":"391","updated_at":"2018-06-24 23:32:39"}},{"id":"262","name":"G\u00dcD\u00dcL","box_count":"38","open_box_count":"0","voter_count":"7033","total_valid_vote":"0","results":{"millet":"0","cumhur":"0","akp":"0","mhp":"0","hudapar":"0","vatan":"0","hdp":"0","iyi":"0","chp":"0","sp":"0","updated_at":"2018-06-24 23:32:24"}},{"id":"322","name":"KALEC\u0130K","box_count":"66","open_box_count":"20","voter_count":"10082","total_valid_vote":"1781","results":{"millet":"0","cumhur":"28","akp":"1287","mhp":"215","hudapar":"3","vatan":"8","hdp":"7","iyi":"110","chp":"140","sp":"11","updated_at":"2018-06-24 23:32:48"}},{"id":"367","name":"KIZILCAHAMAM","box_count":"142","open_box_count":"41","voter_count":"20675","total_valid_vote":"3578","results":{"millet":"7","cumhur":"67","akp":"2292","mhp":"600","hudapar":"7","vatan":"13","hdp":"14","iyi":"356","chp":"232","sp":"64","updated_at":"2018-06-24 23:32:53"}},{"id":"638","name":"KE\u00c7\u0130\u00d6REN","box_count":"1796","open_box_count":"1080","voter_count":"663345","total_valid_vote":"350008","results":{"millet":"928","cumhur":"4023","akp":"159426","mhp":"51149","hudapar":"366","vatan":"600","hdp":"15599","iyi":"42027","chp":"74251","sp":"5892","updated_at":"2018-06-24 23:33:02"}},{"id":"708","name":"KAHRAMANKAZAN","box_count":"127","open_box_count":"39","voter_count":"36108","total_valid_vote":"10864","results":{"millet":"18","cumhur":"141","akp":"6144","mhp":"2145","hudapar":"19","vatan":"19","hdp":"318","iyi":"1216","chp":"862","sp":"141","updated_at":"2018-06-24 23:33:04"}},{"id":"765","name":"AKYURT","box_count":"77","open_box_count":"20","voter_count":"22893","total_valid_vote":"5487","results":{"millet":"5","cumhur":"91","akp":"3301","mhp":"1016","hudapar":"15","vatan":"8","hdp":"115","iyi":"476","chp":"464","sp":"91","updated_at":"2018-06-24 23:33:05"}},{"id":"983","name":"PURSAKLAR","box_count":"272","open_box_count":"122","voter_count":"97665","total_valid_vote":"38818","results":{"millet":"61","cumhur":"519","akp":"24549","mhp":"6465","hudapar":"32","vatan":"41","hdp":"755","iyi":"3383","chp":"2831","sp":"602","updated_at":"2018-06-24 23:33:07"}}],"uc":[{"id":"56","name":"AYA\u015e","box_count":"44","open_box_count":"5","voter_count":"9827","total_valid_vote":"674","results":{"millet":"1","cumhur":"2","akp":"252","mhp":"66","hudapar":"0","vatan":"4","hdp":"8","iyi":"96","chp":"246","sp":"2","updated_at":"2018-06-24 23:32:30"}},{"id":"86","name":"BEYPAZARI","box_count":"157","open_box_count":"54","voter_count":"36755","total_valid_vote":"7787","results":{"millet":"9","cumhur":"102","akp":"3754","mhp":"1557","hudapar":"25","vatan":"31","hdp":"186","iyi":"1117","chp":"1039","sp":"73","updated_at":"2018-06-24 23:32:32"}},{"id":"432","name":"NALLIHAN","box_count":"121","open_box_count":"32","voter_count":"22582","total_valid_vote":"3838","results":{"millet":"12","cumhur":"51","akp":"1734","mhp":"522","hudapar":"14","vatan":"16","hdp":"21","iyi":"746","chp":"761","sp":"24","updated_at":"2018-06-24 23:32:56"}},{"id":"616","name":"YEN\u0130MAHALLE","box_count":"1319","open_box_count":"867","voter_count":"483390","total_valid_vote":"282858","results":{"millet":"984","cumhur":"2650","akp":"101486","mhp":"33814","hudapar":"219","vatan":"568","hdp":"18626","iyi":"38409","chp":"84232","sp":"4889","updated_at":"2018-06-24 23:33:02"}},{"id":"640","name":"S\u0130NCAN","box_count":"998","open_box_count":"509","voter_count":"361722","total_valid_vote":"157497","results":{"millet":"345","cumhur":"2071","akp":"80834","mhp":"27140","hudapar":"466","vatan":"212","hdp":"6323","iyi":"17210","chp":"22482","sp":"2517","updated_at":"2018-06-24 23:33:02"}},{"id":"815","name":"ET\u0130MESGUT","box_count":"1084","open_box_count":"560","voter_count":"403249","total_valid_vote":"183183","results":{"millet":"588","cumhur":"1962","akp":"70069","mhp":"26472","hudapar":"200","vatan":"434","hdp":"10539","iyi":"27139","chp":"44722","sp":"3127","updated_at":"2018-06-24 23:33:05"}}]},"winners":[{"firstname":"DEN\u0130Z","lastname":"TOKG\u00d6Z","party":"vatan","order":1},{"firstname":"ZEYNEP","lastname":"YILDIZ","party":"akp","order":2},{"firstname":"ESMA","lastname":"AYDINLI","party":"","order":3},{"firstname":"KURTULU\u015e \u00d6ZG\u00dcR","lastname":"YILDIZ","party":"vatan","order":4},{"firstname":"\u00d6MER","lastname":"KARAKA\u015e","party":"iyi","order":5},{"firstname":"KADR\u0130YE","lastname":"\u00dcNLER","party":"iyi","order":6},{"firstname":"AL\u0130 RIZA","lastname":"AYDIN","party":"","order":7},{"firstname":"\u00d6ZGE","lastname":"AYDEM\u0130R G\u00dcNEY","party":"","order":8},{"firstname":"AL\u0130","lastname":"BA\u015eKARAA\u011eA\u00c7","party":"chp","order":9},{"firstname":"YETK\u0130N","lastname":"\u00d6ZT\u00dcRK","party":"iyi","order":10},{"firstname":"FAYSAL","lastname":"\u00d6ZT\u00dcRK","party":"hudapar","order":11},{"firstname":"BURHAN","lastname":"G\u00dcMR\u00dcK\u00c7\u00dc","party":"sp","order":12},{"firstname":"OKTAY","lastname":"YILDIRIM","party":"vatan","order":13},{"firstname":"AHMET","lastname":"AVC\u0130","party":"sp","order":14},{"firstname":"AHMET","lastname":"\u00d6ZK\u00d6K","party":"sp","order":15},{"firstname":"\u00d6ZGE","lastname":"AYDEM\u0130R G\u00dcNEY","party":"","order":16},{"firstname":"MEHMET","lastname":"BALO\u011eLU","party":"sp","order":17},{"firstname":"BEK\u0130R SAM\u0130","lastname":"DO\u011eAN","party":"chp","order":18},{"firstname":"\u0130LYAS","lastname":"TONG\u00dc\u00c7","party":"sp","order":19},{"firstname":"HASAN","lastname":"BOZDA\u015e","party":"hudapar","order":20},{"firstname":"HAKAN","lastname":"POLAT","party":"","order":21},{"firstname":"G\u00dcL\u015eAH","lastname":"DEN\u0130Z ATALAR","party":"chp","order":22},{"firstname":"\u0130LYAS","lastname":"KURT","party":"hdp","order":23},{"firstname":"NUSRET","lastname":"SENEM","party":"vatan","order":24},{"firstname":"ESMA","lastname":"AYDINLI","party":"","order":25},{"firstname":"KAMER","lastname":"G\u00d6ZA\u00c7IK \u015eEN","party":"chp","order":26},{"firstname":"KENAN","lastname":"NUHUT","party":"chp","order":27},{"firstname":"YILDIRIM","lastname":"KAYA","party":"chp","order":28},{"firstname":"G\u00d6KHAN","lastname":"A\u011eDEM\u0130R","party":"mhp","order":29},{"firstname":"CEYHUN","lastname":"AKIN","party":"hdp","order":30},{"firstname":"\u00c7\u0130\u011eDEM","lastname":"B\u0130NG\u00d6L","party":"iyi","order":31},{"firstname":"\u0130STEK","lastname":"USALP","party":"hdp","order":32},{"firstname":"UTKU","lastname":"REYHAN","party":"vatan","order":33},{"firstname":"TANJU","lastname":"G\u00dcVEND\u0130REN","party":"sp","order":34},{"firstname":"MERYEM","lastname":"G\u00d6KA","party":"akp","order":35},{"firstname":"B\u00dc\u015eRA","lastname":"SOYLU","party":"akp","order":36}]}