{"id":"33","name":"MERS\u0130N","box_count":"3859","open_box_count":"1578","voter_count":"1270128","total_valid_vote":"444134","results":{"millet":"1011","cumhur":"3410","akp":"126200","mhp":"58897","hudapar":"1928","vatan":"1042","hdp":"72523","iyi":"63021","chp":"116402","sp":"3226","updated_at":"2018-06-24 23:33:10"},"districts":[[{"id":"35","name":"ANAMUR","box_count":"170","open_box_count":"70","voter_count":"50407","total_valid_vote":"17051","results":{"millet":"49","cumhur":"134","akp":"5478","mhp":"2347","hudapar":"47","vatan":"54","hdp":"349","iyi":"3679","chp":"4939","sp":"151","updated_at":"2018-06-24 23:32:28"}},{"id":"209","name":"ERDEML\u0130","box_count":"316","open_box_count":"145","voter_count":"100445","total_valid_vote":"40797","results":{"millet":"81","cumhur":"364","akp":"15650","mhp":"6998","hudapar":"79","vatan":"84","hdp":"2203","iyi":"7979","chp":"7345","sp":"378","updated_at":"2018-06-24 23:32:42"}},{"id":"263","name":"G\u00dcLNAR","box_count":"95","open_box_count":"14","voter_count":"19688","total_valid_vote":"2440","results":{"millet":"2","cumhur":"17","akp":"1114","mhp":"335","hudapar":"9","vatan":"14","hdp":"12","iyi":"321","chp":"620","sp":"15","updated_at":"2018-06-24 23:32:44"}},{"id":"429","name":"MUT","box_count":"176","open_box_count":"71","voter_count":"46403","total_valid_vote":"16141","results":{"millet":"35","cumhur":"102","akp":"6386","mhp":"1945","hudapar":"42","vatan":"34","hdp":"164","iyi":"2413","chp":"4953","sp":"201","updated_at":"2018-06-24 23:32:56"}},{"id":"514","name":"S\u0130L\u0130FKE","box_count":"294","open_box_count":"143","voter_count":"90740","total_valid_vote":"38016","results":{"millet":"127","cumhur":"324","akp":"11382","mhp":"5275","hudapar":"110","vatan":"124","hdp":"799","iyi":"9773","chp":"10328","sp":"198","updated_at":"2018-06-24 23:32:58"}},{"id":"558","name":"TARSUS","box_count":"721","open_box_count":"350","voter_count":"234373","total_valid_vote":"93025","results":{"millet":"165","cumhur":"850","akp":"22171","mhp":"18132","hudapar":"622","vatan":"272","hdp":"15112","iyi":"12217","chp":"23661","sp":"668","updated_at":"2018-06-24 23:33:00"}},{"id":"659","name":"AYDINCIK","box_count":"32","open_box_count":"0","voter_count":"8452","total_valid_vote":"0","results":{"millet":"0","cumhur":"0","akp":"0","mhp":"0","hudapar":"0","vatan":"0","hdp":"0","iyi":"0","chp":"0","sp":"0","updated_at":"2018-06-24 23:32:24"}},{"id":"672","name":"BOZYAZI","box_count":"68","open_box_count":"20","voter_count":"20305","total_valid_vote":"5843","results":{"millet":"9","cumhur":"47","akp":"2269","mhp":"941","hudapar":"25","vatan":"10","hdp":"87","iyi":"1496","chp":"970","sp":"44","updated_at":"2018-06-24 23:33:03"}},{"id":"785","name":"\u00c7AMLIYAYLA","box_count":"26","open_box_count":"0","voter_count":"6639","total_valid_vote":"0","results":{"millet":"0","cumhur":"0","akp":"0","mhp":"0","hudapar":"0","vatan":"0","hdp":"0","iyi":"0","chp":"0","sp":"0","updated_at":"2018-06-24 23:32:24"}},{"id":"991","name":"AKDEN\u0130Z","box_count":"504","open_box_count":"186","voter_count":"176007","total_valid_vote":"56131","results":{"millet":"94","cumhur":"339","akp":"15901","mhp":"4532","hudapar":"402","vatan":"101","hdp":"18126","iyi":"4036","chp":"12679","sp":"313","updated_at":"2018-06-24 23:33:07"}},{"id":"992","name":"MEZ\u0130TL\u0130","box_count":"379","open_box_count":"140","voter_count":"134212","total_valid_vote":"41622","results":{"millet":"117","cumhur":"277","akp":"10043","mhp":"4209","hudapar":"72","vatan":"110","hdp":"6299","iyi":"5337","chp":"15080","sp":"236","updated_at":"2018-06-24 23:33:07"}},{"id":"993","name":"TOROSLAR","box_count":"584","open_box_count":"267","voter_count":"203238","total_valid_vote":"79503","results":{"millet":"166","cumhur":"677","akp":"25006","mhp":"10049","hudapar":"400","vatan":"114","hdp":"18354","iyi":"9448","chp":"15262","sp":"636","updated_at":"2018-06-24 23:33:07"}},{"id":"994","name":"YEN\u0130\u015eEH\u0130R","box_count":"494","open_box_count":"172","voter_count":"179219","total_valid_vote":"53565","results":{"millet":"166","cumhur":"279","akp":"10800","mhp":"4134","hudapar":"120","vatan":"125","hdp":"11018","iyi":"6322","chp":"20565","sp":"386","updated_at":"2018-06-24 23:33:07"}}]],"winners":[{"firstname":"S\u00dcLEYMAN","lastname":"\u00c7ET\u0130N","party":"iyi","order":1},{"firstname":"ESAT","lastname":"G\u00dcNE\u015e","party":"sp","order":2},{"firstname":"\u00dcLK\u00dc","lastname":"S\u0130NCAR","party":"iyi","order":3},{"firstname":"ZEYNEP","lastname":"BURKAN","party":"vatan","order":4},{"firstname":"MEHMET","lastname":"ALI\u015e","party":"hdp","order":5},{"firstname":"EL\u0130F","lastname":"ASLAN","party":"hdp","order":6},{"firstname":"\u00d6MER FARUK","lastname":"AYHAN","party":"hudapar","order":7},{"firstname":"G\u00d6KHAN","lastname":"ALAG\u00d6Z","party":"sp","order":8},{"firstname":"SONER","lastname":"\u00c7ONTAR","party":"sp","order":9},{"firstname":"LERZAN","lastname":"\u00d6ZGEN\u00c7","party":"vatan","order":10},{"firstname":"F\u0130L\u0130Z","lastname":"YILMAZ","party":"hdp","order":11},{"firstname":"EYLEM","lastname":"GEN\u00c7ER","party":"hdp","order":12},{"firstname":"ZEYNEP","lastname":"G\u00dcL YILMAZ","party":"akp","order":13}]}