{"id":"70","name":"KARAMAN","box_count":"625","open_box_count":"210","voter_count":"173500","total_valid_vote":"56573","results":{"millet":"99","cumhur":"712","akp":"30363","mhp":"8702","hudapar":"92","vatan":"141","hdp":"882","iyi":"6341","chp":"8969","sp":"997","updated_at":"2018-06-24 23:33:11"},"districts":[[{"id":"214","name":"ERMENEK","box_count":"91","open_box_count":"19","voter_count":"21208","total_valid_vote":"3192","results":{"millet":"8","cumhur":"40","akp":"1476","mhp":"412","hudapar":"12","vatan":"23","hdp":"37","iyi":"466","chp":"717","sp":"33","updated_at":"2018-06-24 23:32:42"}},{"id":"334","name":"KARAMAN MERKEZ","box_count":"437","open_box_count":"191","voter_count":"131427","total_valid_vote":"53381","results":{"millet":"91","cumhur":"672","akp":"28887","mhp":"8290","hudapar":"80","vatan":"118","hdp":"845","iyi":"5875","chp":"8252","sp":"964","updated_at":"2018-06-24 23:32:50"}},{"id":"661","name":"AYRANCI","box_count":"34","open_box_count":"0","voter_count":"6484","total_valid_vote":"0","results":{"millet":"0","cumhur":"0","akp":"0","mhp":"0","hudapar":"0","vatan":"0","hdp":"0","iyi":"0","chp":"0","sp":"0","updated_at":"2018-06-24 23:32:24"}},{"id":"755","name":"KAZIMKARABEK\u0130R","box_count":"14","open_box_count":"0","voter_count":"3016","total_valid_vote":"0","results":{"millet":"0","cumhur":"0","akp":"0","mhp":"0","hudapar":"0","vatan":"0","hdp":"0","iyi":"0","chp":"0","sp":"0","updated_at":"2018-06-24 23:32:24"}},{"id":"777","name":"BA\u015eYAYLA","box_count":"13","open_box_count":"0","voter_count":"2756","total_valid_vote":"0","results":{"millet":"0","cumhur":"0","akp":"0","mhp":"0","hudapar":"0","vatan":"0","hdp":"0","iyi":"0","chp":"0","sp":"0","updated_at":"2018-06-24 18:33:19"}},{"id":"876","name":"SARIVEL\u0130LER","box_count":"36","open_box_count":"0","voter_count":"8609","total_valid_vote":"0","results":{"millet":"0","cumhur":"0","akp":"0","mhp":"0","hudapar":"0","vatan":"0","hdp":"0","iyi":"0","chp":"0","sp":"0","updated_at":"2018-06-24 23:32:24"}}]],"winners":[{"firstname":"MELEKHAN","lastname":"KAVAS","party":"sp","order":1},{"firstname":"H\u00dcSEY\u0130N","lastname":"MUTLU","party":"akp","order":2},{"firstname":"TURAN","lastname":"\u015eENER","party":"mhp","order":3}]}