{"id":"32","name":"ISPARTA","box_count":"1040","open_box_count":"320","voter_count":"312416","total_valid_vote":"90050","results":{"millet":"269","cumhur":"964","akp":"42881","mhp":"12275","hudapar":"176","vatan":"263","hdp":"1655","iyi":"16302","chp":"14570","sp":"1433","updated_at":"2018-06-24 23:33:11"},"districts":[[{"id":"53","name":"ATABEY","box_count":"18","open_box_count":"0","voter_count":"4209","total_valid_vote":"0","results":{"millet":"0","cumhur":"0","akp":"0","mhp":"0","hudapar":"0","vatan":"0","hdp":"0","iyi":"0","chp":"0","sp":"0","updated_at":"2018-06-24 23:32:24"}},{"id":"195","name":"E\u011e\u0130RD\u0130R","box_count":"94","open_box_count":"12","voter_count":"24117","total_valid_vote":"2335","results":{"millet":"7","cumhur":"25","akp":"1168","mhp":"290","hudapar":"6","vatan":"2","hdp":"21","iyi":"386","chp":"304","sp":"19","updated_at":"2018-06-24 23:32:41"}},{"id":"238","name":"GELENDOST","box_count":"43","open_box_count":"4","voter_count":"12257","total_valid_vote":"847","results":{"millet":"3","cumhur":"22","akp":"355","mhp":"275","hudapar":"4","vatan":"6","hdp":"6","iyi":"122","chp":"73","sp":"6","updated_at":"2018-06-24 23:32:42"}},{"id":"298","name":"ISPARTA MERKEZ","box_count":"491","open_box_count":"233","voter_count":"172136","total_valid_vote":"72194","results":{"millet":"227","cumhur":"726","akp":"33371","mhp":"9352","hudapar":"112","vatan":"187","hdp":"1553","iyi":"13974","chp":"12051","sp":"1236","updated_at":"2018-06-24 23:32:47"}},{"id":"350","name":"KE\u00c7\u0130BORLU","box_count":"44","open_box_count":"5","voter_count":"11165","total_valid_vote":"804","results":{"millet":"6","cumhur":"11","akp":"518","mhp":"119","hudapar":"7","vatan":"2","hdp":"1","iyi":"96","chp":"48","sp":"14","updated_at":"2018-06-24 23:32:51"}},{"id":"508","name":"SEN\u0130RKENT","box_count":"37","open_box_count":"0","voter_count":"8967","total_valid_vote":"0","results":{"millet":"0","cumhur":"0","akp":"0","mhp":"0","hudapar":"0","vatan":"0","hdp":"0","iyi":"0","chp":"0","sp":"0","updated_at":"2018-06-24 23:32:24"}},{"id":"541","name":"S\u00dcT\u00c7\u00dcLER","box_count":"46","open_box_count":"7","voter_count":"8663","total_valid_vote":"1102","results":{"millet":"0","cumhur":"17","akp":"845","mhp":"56","hudapar":"0","vatan":"2","hdp":"2","iyi":"127","chp":"55","sp":"15","updated_at":"2018-06-24 23:32:59"}},{"id":"544","name":"\u015eARK\u0130KARAA\u011eA\u00c7","box_count":"73","open_box_count":"19","voter_count":"19693","total_valid_vote":"3657","results":{"millet":"4","cumhur":"54","akp":"1826","mhp":"553","hudapar":"14","vatan":"17","hdp":"15","iyi":"493","chp":"702","sp":"37","updated_at":"2018-06-24 23:32:59"}},{"id":"592","name":"ULUBORLU","box_count":"20","open_box_count":"0","voter_count":"5064","total_valid_vote":"0","results":{"millet":"0","cumhur":"0","akp":"0","mhp":"0","hudapar":"0","vatan":"0","hdp":"0","iyi":"0","chp":"0","sp":"0","updated_at":"2018-06-24 23:32:24"}},{"id":"610","name":"YALVA\u00c7","box_count":"123","open_box_count":"40","voter_count":"34971","total_valid_vote":"9111","results":{"millet":"22","cumhur":"109","akp":"4798","mhp":"1630","hudapar":"33","vatan":"47","hdp":"57","iyi":"1104","chp":"1337","sp":"106","updated_at":"2018-06-24 23:33:01"}},{"id":"648","name":"AKSU","box_count":"22","open_box_count":"0","voter_count":"3664","total_valid_vote":"0","results":{"millet":"0","cumhur":"0","akp":"0","mhp":"0","hudapar":"0","vatan":"0","hdp":"0","iyi":"0","chp":"0","sp":"0","updated_at":"2018-06-24 23:32:24"}},{"id":"822","name":"G\u00d6NEN","box_count":"22","open_box_count":"0","voter_count":"5741","total_valid_vote":"0","results":{"millet":"0","cumhur":"0","akp":"0","mhp":"0","hudapar":"0","vatan":"0","hdp":"0","iyi":"0","chp":"0","sp":"0","updated_at":"2018-06-24 23:32:24"}},{"id":"893","name":"YEN\u0130\u015eARBADEML\u0130","box_count":"7","open_box_count":"0","voter_count":"1769","total_valid_vote":"0","results":{"millet":"0","cumhur":"0","akp":"0","mhp":"0","hudapar":"0","vatan":"0","hdp":"0","iyi":"0","chp":"0","sp":"0","updated_at":"2018-06-24 23:32:24"}}]],"winners":[{"firstname":"SEYFULLAH","lastname":"TA\u015ePINAR","party":"hudapar","order":1},{"firstname":"EBUBEK\u0130R","lastname":"G\u00d6NAN","party":"hdp","order":2},{"firstname":"MUSTAFA","lastname":"CEYHAN","party":"chp","order":3},{"firstname":"MEHMET","lastname":"Y\u0130\u011e\u0130TALP","party":"hudapar","order":4}]}