{"id":"48","name":"MU\u011eLA","box_count":"2224","open_box_count":"720","voter_count":"724911","total_valid_vote":"200768","results":{"millet":"754","cumhur":"1073","akp":"53988","mhp":"12586","hudapar":"416","vatan":"768","hdp":"13052","iyi":"33933","chp":"84504","sp":"1229","updated_at":"2018-06-24 23:33:11"},"districts":[[{"id":"96","name":"BODRUM","box_count":"373","open_box_count":"114","voter_count":"130972","total_valid_vote":"33835","results":{"millet":"160","cumhur":"138","akp":"5424","mhp":"1651","hudapar":"25","vatan":"124","hdp":"4337","iyi":"4665","chp":"17445","sp":"154","updated_at":"2018-06-24 23:32:33"}},{"id":"164","name":"DAT\u00c7A","box_count":"56","open_box_count":"17","voter_count":"18421","total_valid_vote":"4733","results":{"millet":"9","cumhur":"16","akp":"740","mhp":"295","hudapar":"11","vatan":"35","hdp":"460","iyi":"747","chp":"2430","sp":"15","updated_at":"2018-06-24 23:32:40"}},{"id":"229","name":"FETH\u0130YE","box_count":"330","open_box_count":"91","voter_count":"114034","total_valid_vote":"26737","results":{"millet":"96","cumhur":"180","akp":"9441","mhp":"2007","hudapar":"51","vatan":"65","hdp":"1019","iyi":"5272","chp":"8634","sp":"218","updated_at":"2018-06-24 23:32:42"}},{"id":"381","name":"K\u00d6YCE\u011e\u0130Z","box_count":"88","open_box_count":"19","voter_count":"27400","total_valid_vote":"4607","results":{"millet":"7","cumhur":"55","akp":"2411","mhp":"341","hudapar":"16","vatan":"24","hdp":"59","iyi":"554","chp":"1172","sp":"30","updated_at":"2018-06-24 23:32:55"}},{"id":"410","name":"MARMAR\u0130S","box_count":"196","open_box_count":"68","voter_count":"68498","total_valid_vote":"20164","results":{"millet":"67","cumhur":"121","akp":"4600","mhp":"1268","hudapar":"27","vatan":"69","hdp":"1658","iyi":"2790","chp":"9591","sp":"115","updated_at":"2018-06-24 23:32:55"}},{"id":"421","name":"M\u0130LAS","box_count":"355","open_box_count":"160","voter_count":"108154","total_valid_vote":"41997","results":{"millet":"157","cumhur":"177","akp":"11000","mhp":"2376","hudapar":"109","vatan":"220","hdp":"2474","iyi":"7177","chp":"18269","sp":"206","updated_at":"2018-06-24 23:32:56"}},{"id":"588","name":"ULA","box_count":"70","open_box_count":"19","voter_count":"20214","total_valid_vote":"5204","results":{"millet":"16","cumhur":"36","akp":"1736","mhp":"199","hudapar":"15","vatan":"20","hdp":"188","iyi":"754","chp":"2263","sp":"29","updated_at":"2018-06-24 23:33:01"}},{"id":"612","name":"YATA\u011eAN","box_count":"123","open_box_count":"32","voter_count":"35335","total_valid_vote":"7655","results":{"millet":"30","cumhur":"30","akp":"2334","mhp":"496","hudapar":"25","vatan":"27","hdp":"176","iyi":"1664","chp":"2872","sp":"60","updated_at":"2018-06-24 23:33:02"}},{"id":"635","name":"DALAMAN","box_count":"89","open_box_count":"20","voter_count":"28543","total_valid_vote":"5420","results":{"millet":"14","cumhur":"24","akp":"1659","mhp":"423","hudapar":"11","vatan":"16","hdp":"208","iyi":"1047","chp":"2023","sp":"33","updated_at":"2018-06-24 23:33:02"}},{"id":"724","name":"ORTACA","box_count":"110","open_box_count":"28","voter_count":"36666","total_valid_vote":"8256","results":{"millet":"30","cumhur":"41","akp":"2232","mhp":"680","hudapar":"26","vatan":"29","hdp":"347","iyi":"1503","chp":"3381","sp":"53","updated_at":"2018-06-24 23:33:04"}},{"id":"851","name":"KAVAKLIDERE","box_count":"28","open_box_count":"0","voter_count":"8252","total_valid_vote":"0","results":{"millet":"0","cumhur":"0","akp":"0","mhp":"0","hudapar":"0","vatan":"0","hdp":"0","iyi":"0","chp":"0","sp":"0","updated_at":"2018-06-24 23:32:24"}},{"id":"1053","name":"MENTE\u015eE","box_count":"252","open_box_count":"110","voter_count":"82484","total_valid_vote":"32543","results":{"millet":"147","cumhur":"171","akp":"7874","mhp":"2039","hudapar":"47","vatan":"97","hdp":"1910","iyi":"6023","chp":"14306","sp":"228","updated_at":"2018-06-24 23:33:09"}},{"id":"1054","name":"SEYD\u0130KEMER","box_count":"154","open_box_count":"42","voter_count":"45938","total_valid_vote":"9617","results":{"millet":"21","cumhur":"84","akp":"4537","mhp":"811","hudapar":"53","vatan":"42","hdp":"216","iyi":"1737","chp":"2118","sp":"88","updated_at":"2018-06-24 23:33:09"}}]],"winners":[{"firstname":"PEYAM\u0130","lastname":"C\u0130NAZ","party":"iyi","order":1},{"firstname":"SEBAHAT","lastname":"FIRAT","party":"hdp","order":2},{"firstname":"VEDAT","lastname":"YEM\u0130\u015e","party":"vatan","order":3},{"firstname":"ABDULLAH","lastname":"\u0130PEKL\u0130","party":"hdp","order":4},{"firstname":"ERTU\u011eRUL","lastname":"AVCI","party":"mhp","order":5},{"firstname":"S\u00dcLEYMAN","lastname":"G\u0130RG\u0130N","party":"chp","order":6},{"firstname":"FURKAN","lastname":"DUMAN","party":"sp","order":7}]}