{"id":"12","name":"B\u0130NG\u00d6L","box_count":"656","open_box_count":"65","voter_count":"180991","total_valid_vote":"11688","results":{"millet":"11","cumhur":"67","akp":"6774","mhp":"767","hudapar":"469","vatan":"24","hdp":"2738","iyi":"586","chp":"181","sp":"148","updated_at":"2018-06-24 23:33:11"},"districts":[[{"id":"92","name":"B\u0130NG\u00d6L MERKEZ","box_count":"344","open_box_count":"48","voter_count":"102887","total_valid_vote":"9694","results":{"millet":"8","cumhur":"60","akp":"5423","mhp":"613","hudapar":"369","vatan":"15","hdp":"2496","iyi":"482","chp":"171","sp":"124","updated_at":"2018-06-24 23:32:33"}},{"id":"241","name":"GEN\u00c7","box_count":"91","open_box_count":"11","voter_count":"23314","total_valid_vote":"1196","results":{"millet":"1","cumhur":"3","akp":"786","mhp":"84","hudapar":"49","vatan":"6","hdp":"158","iyi":"95","chp":"6","sp":"12","updated_at":"2018-06-24 23:32:42"}},{"id":"341","name":"KARLIOVA","box_count":"68","open_box_count":"0","voter_count":"18844","total_valid_vote":"0","results":{"millet":"0","cumhur":"0","akp":"0","mhp":"0","hudapar":"0","vatan":"0","hdp":"0","iyi":"0","chp":"0","sp":"0","updated_at":"2018-06-24 16:53:16"}},{"id":"369","name":"K\u0130\u011eI","box_count":"17","open_box_count":"0","voter_count":"3868","total_valid_vote":"0","results":{"millet":"0","cumhur":"0","akp":"0","mhp":"0","hudapar":"0","vatan":"0","hdp":"0","iyi":"0","chp":"0","sp":"0","updated_at":"2018-06-24 23:32:24"}},{"id":"526","name":"SOLHAN","box_count":"79","open_box_count":"6","voter_count":"22012","total_valid_vote":"798","results":{"millet":"2","cumhur":"4","akp":"565","mhp":"70","hudapar":"51","vatan":"3","hdp":"84","iyi":"9","chp":"4","sp":"12","updated_at":"2018-06-24 23:32:59"}},{"id":"643","name":"ADAKLI","box_count":"26","open_box_count":"0","voter_count":"6165","total_valid_vote":"0","results":{"millet":"0","cumhur":"0","akp":"0","mhp":"0","hudapar":"0","vatan":"0","hdp":"0","iyi":"0","chp":"0","sp":"0","updated_at":"2018-06-24 23:32:24"}},{"id":"748","name":"YAYLADERE","box_count":"21","open_box_count":"0","voter_count":"1716","total_valid_vote":"0","results":{"millet":"0","cumhur":"0","akp":"0","mhp":"0","hudapar":"0","vatan":"0","hdp":"0","iyi":"0","chp":"0","sp":"0","updated_at":"2018-06-24 23:32:24"}},{"id":"889","name":"YED\u0130SU","box_count":"10","open_box_count":"0","voter_count":"2185","total_valid_vote":"0","results":{"millet":"0","cumhur":"0","akp":"0","mhp":"0","hudapar":"0","vatan":"0","hdp":"0","iyi":"0","chp":"0","sp":"0","updated_at":"2018-06-24 16:53:16"}}]],"winners":[{"firstname":"\u015eEF\u0130KA","lastname":"DO\u011eAN","party":"hdp","order":1},{"firstname":"MEHMET","lastname":"EVRAN","party":"chp","order":2},{"firstname":"BURHAN","lastname":"B\u0130NG\u00d6L","party":"mhp","order":3}]}