{"id":"37","name":"KASTAMONU","box_count":"1623","open_box_count":"459","voter_count":"285633","total_valid_vote":"67784","results":{"millet":"146","cumhur":"999","akp":"34945","mhp":"15467","hudapar":"192","vatan":"279","hdp":"440","iyi":"6029","chp":"9705","sp":"655","updated_at":"2018-06-24 23:33:10"},"districts":[[{"id":"1","name":"ABANA","box_count":"22","open_box_count":"0","voter_count":"3293","total_valid_vote":"0","results":{"millet":"0","cumhur":"0","akp":"0","mhp":"0","hudapar":"0","vatan":"0","hdp":"0","iyi":"0","chp":"0","sp":"0","updated_at":"2018-06-24 23:32:24"}},{"id":"39","name":"ARA\u00c7","box_count":"138","open_box_count":"40","voter_count":"15078","total_valid_vote":"2456","results":{"millet":"7","cumhur":"38","akp":"1577","mhp":"282","hudapar":"11","vatan":"25","hdp":"7","iyi":"205","chp":"330","sp":"19","updated_at":"2018-06-24 23:32:28"}},{"id":"61","name":"AZDAVAY","box_count":"57","open_box_count":"18","voter_count":"6112","total_valid_vote":"1089","results":{"millet":"10","cumhur":"22","akp":"569","mhp":"151","hudapar":"4","vatan":"16","hdp":"4","iyi":"103","chp":"230","sp":"12","updated_at":"2018-06-24 23:32:30"}},{"id":"107","name":"BOZKURT","box_count":"49","open_box_count":"10","voter_count":"7879","total_valid_vote":"1037","results":{"millet":"3","cumhur":"12","akp":"737","mhp":"123","hudapar":"4","vatan":"15","hdp":"3","iyi":"73","chp":"54","sp":"28","updated_at":"2018-06-24 23:32:34"}},{"id":"119","name":"C\u0130DE","box_count":"108","open_box_count":"28","voter_count":"18047","total_valid_vote":"3173","results":{"millet":"7","cumhur":"49","akp":"2142","mhp":"393","hudapar":"30","vatan":"36","hdp":"30","iyi":"163","chp":"345","sp":"33","updated_at":"2018-06-24 23:32:36"}},{"id":"136","name":"\u00c7ATALZEYT\u0130N","box_count":"47","open_box_count":"8","voter_count":"5530","total_valid_vote":"586","results":{"millet":"1","cumhur":"2","akp":"430","mhp":"57","hudapar":"3","vatan":"2","hdp":"2","iyi":"23","chp":"46","sp":"14","updated_at":"2018-06-24 23:32:37"}},{"id":"162","name":"DADAY","box_count":"68","open_box_count":"20","voter_count":"7041","total_valid_vote":"1374","results":{"millet":"4","cumhur":"7","akp":"620","mhp":"273","hudapar":"8","vatan":"11","hdp":"10","iyi":"138","chp":"275","sp":"26","updated_at":"2018-06-24 23:32:39"}},{"id":"175","name":"DEVREKAN\u0130","box_count":"68","open_box_count":"20","voter_count":"9896","total_valid_vote":"1967","results":{"millet":"2","cumhur":"18","akp":"1121","mhp":"387","hudapar":"16","vatan":"11","hdp":"8","iyi":"218","chp":"191","sp":"15","updated_at":"2018-06-24 23:32:41"}},{"id":"307","name":"\u0130NEBOLU","box_count":"105","open_box_count":"16","voter_count":"15896","total_valid_vote":"1696","results":{"millet":"2","cumhur":"20","akp":"1204","mhp":"197","hudapar":"9","vatan":"10","hdp":"11","iyi":"112","chp":"128","sp":"25","updated_at":"2018-06-24 23:32:47"}},{"id":"345","name":"KASTAMONU MERKEZ","box_count":"403","open_box_count":"183","voter_count":"102847","total_valid_vote":"38809","results":{"millet":"78","cumhur":"561","akp":"17511","mhp":"10221","hudapar":"66","vatan":"101","hdp":"333","iyi":"3585","chp":"6599","sp":"354","updated_at":"2018-06-24 23:32:50"}},{"id":"392","name":"K\u00dcRE","box_count":"45","open_box_count":"6","voter_count":"4494","total_valid_vote":"404","results":{"millet":"0","cumhur":"5","akp":"260","mhp":"53","hudapar":"2","vatan":"2","hdp":"1","iyi":"31","chp":"50","sp":"5","updated_at":"2018-06-24 23:32:55"}},{"id":"559","name":"TA\u015eK\u00d6PR\u00dc","box_count":"170","open_box_count":"71","voter_count":"30579","total_valid_vote":"8165","results":{"millet":"23","cumhur":"131","akp":"4371","mhp":"1631","hudapar":"21","vatan":"26","hdp":"12","iyi":"964","chp":"1089","sp":"51","updated_at":"2018-06-24 23:33:00"}},{"id":"578","name":"TOSYA","box_count":"135","open_box_count":"39","voter_count":"32513","total_valid_vote":"7028","results":{"millet":"9","cumhur":"134","akp":"4403","mhp":"1699","hudapar":"18","vatan":"24","hdp":"19","iyi":"414","chp":"368","sp":"73","updated_at":"2018-06-24 23:33:01"}},{"id":"698","name":"\u0130HSANGAZ\u0130","box_count":"35","open_box_count":"0","voter_count":"4273","total_valid_vote":"0","results":{"millet":"0","cumhur":"0","akp":"0","mhp":"0","hudapar":"0","vatan":"0","hdp":"0","iyi":"0","chp":"0","sp":"0","updated_at":"2018-06-24 23:32:24"}},{"id":"729","name":"PINARBA\u015eI","box_count":"35","open_box_count":"0","voter_count":"4766","total_valid_vote":"0","results":{"millet":"0","cumhur":"0","akp":"0","mhp":"0","hudapar":"0","vatan":"0","hdp":"0","iyi":"0","chp":"0","sp":"0","updated_at":"2018-06-24 23:32:24"}},{"id":"738","name":"\u015eENPAZAR","box_count":"31","open_box_count":"0","voter_count":"3859","total_valid_vote":"0","results":{"millet":"0","cumhur":"0","akp":"0","mhp":"0","hudapar":"0","vatan":"0","hdp":"0","iyi":"0","chp":"0","sp":"0","updated_at":"2018-06-24 23:32:24"}},{"id":"760","name":"A\u011eLI","box_count":"25","open_box_count":"0","voter_count":"2395","total_valid_vote":"0","results":{"millet":"0","cumhur":"0","akp":"0","mhp":"0","hudapar":"0","vatan":"0","hdp":"0","iyi":"0","chp":"0","sp":"0","updated_at":"2018-06-24 23:32:24"}},{"id":"808","name":"DO\u011eANYURT","box_count":"29","open_box_count":"0","voter_count":"4635","total_valid_vote":"0","results":{"millet":"0","cumhur":"0","akp":"0","mhp":"0","hudapar":"0","vatan":"0","hdp":"0","iyi":"0","chp":"0","sp":"0","updated_at":"2018-06-24 23:32:24"}},{"id":"833","name":"HAN\u00d6N\u00dc","box_count":"26","open_box_count":"0","voter_count":"3305","total_valid_vote":"0","results":{"millet":"0","cumhur":"0","akp":"0","mhp":"0","hudapar":"0","vatan":"0","hdp":"0","iyi":"0","chp":"0","sp":"0","updated_at":"2018-06-24 23:32:24"}},{"id":"877","name":"SEYD\u0130LER","box_count":"27","open_box_count":"0","voter_count":"3195","total_valid_vote":"0","results":{"millet":"0","cumhur":"0","akp":"0","mhp":"0","hudapar":"0","vatan":"0","hdp":"0","iyi":"0","chp":"0","sp":"0","updated_at":"2018-06-24 23:32:24"}}]],"winners":[{"firstname":"NECAT\u0130","lastname":"YAVUZ","party":"sp","order":1},{"firstname":"HASAN","lastname":"BALTACI","party":"chp","order":2},{"firstname":"MUHARREM","lastname":"AVCI","party":"mhp","order":3}]}