{"id":"38","name":"KAYSER\u0130","box_count":"2985","open_box_count":"1245","voter_count":"952629","total_valid_vote":"370330","results":{"millet":"667","cumhur":"5058","akp":"185544","mhp":"80407","hudapar":"1107","vatan":"501","hdp":"7593","iyi":"41528","chp":"45593","sp":"6811","updated_at":"2018-06-24 23:33:11"},"districts":[[{"id":"116","name":"B\u00dcNYAN","box_count":"77","open_box_count":"24","voter_count":"19362","total_valid_vote":"4139","results":{"millet":"14","cumhur":"77","akp":"1680","mhp":"1010","hudapar":"7","vatan":"12","hdp":"338","iyi":"465","chp":"476","sp":"151","updated_at":"2018-06-24 23:32:35"}},{"id":"173","name":"DEVEL\u0130","box_count":"160","open_box_count":"52","voter_count":"46331","total_valid_vote":"12240","results":{"millet":"13","cumhur":"158","akp":"6580","mhp":"3139","hudapar":"16","vatan":"8","hdp":"64","iyi":"1085","chp":"1052","sp":"197","updated_at":"2018-06-24 23:32:40"}},{"id":"228","name":"FELAH\u0130YE","box_count":"20","open_box_count":"0","voter_count":"4619","total_valid_vote":"0","results":{"millet":"0","cumhur":"0","akp":"0","mhp":"0","hudapar":"0","vatan":"0","hdp":"0","iyi":"0","chp":"0","sp":"0","updated_at":"2018-06-24 23:32:24"}},{"id":"306","name":"\u0130NCESU","box_count":"64","open_box_count":"20","voter_count":"18028","total_valid_vote":"5052","results":{"millet":"8","cumhur":"78","akp":"2663","mhp":"1202","hudapar":"16","vatan":"13","hdp":"304","iyi":"418","chp":"338","sp":"97","updated_at":"2018-06-24 23:32:47"}},{"id":"469","name":"PINARBA\u015eI","box_count":"141","open_box_count":"41","voter_count":"17042","total_valid_vote":"4614","results":{"millet":"16","cumhur":"89","akp":"1577","mhp":"1010","hudapar":"14","vatan":"14","hdp":"148","iyi":"1156","chp":"639","sp":"51","updated_at":"2018-06-24 23:32:57"}},{"id":"496","name":"SARIO\u011eLAN","box_count":"47","open_box_count":"8","voter_count":"10853","total_valid_vote":"1419","results":{"millet":"0","cumhur":"15","akp":"711","mhp":"288","hudapar":"4","vatan":"1","hdp":"25","iyi":"124","chp":"243","sp":"23","updated_at":"2018-06-24 23:32:58"}},{"id":"498","name":"SARIZ","box_count":"49","open_box_count":"10","voter_count":"7845","total_valid_vote":"1568","results":{"millet":"3","cumhur":"11","akp":"396","mhp":"380","hudapar":"3","vatan":"3","hdp":"146","iyi":"267","chp":"356","sp":"17","updated_at":"2018-06-24 23:32:58"}},{"id":"573","name":"TOMARZA","box_count":"78","open_box_count":"20","voter_count":"16643","total_valid_vote":"3520","results":{"millet":"4","cumhur":"68","akp":"1930","mhp":"828","hudapar":"9","vatan":"3","hdp":"12","iyi":"249","chp":"416","sp":"59","updated_at":"2018-06-24 23:33:00"}},{"id":"608","name":"YAHYALI","box_count":"93","open_box_count":"19","voter_count":"26262","total_valid_vote":"4136","results":{"millet":"4","cumhur":"48","akp":"2637","mhp":"837","hudapar":"4","vatan":"5","hdp":"55","iyi":"276","chp":"266","sp":"54","updated_at":"2018-06-24 23:33:01"}},{"id":"620","name":"YE\u015e\u0130LH\u0130SAR","box_count":"49","open_box_count":"10","voter_count":"12217","total_valid_vote":"2541","results":{"millet":"5","cumhur":"35","akp":"1265","mhp":"443","hudapar":"5","vatan":"4","hdp":"15","iyi":"276","chp":"501","sp":"28","updated_at":"2018-06-24 23:33:02"}},{"id":"645","name":"AKKI\u015eLA","box_count":"22","open_box_count":"0","voter_count":"5063","total_valid_vote":"0","results":{"millet":"0","cumhur":"0","akp":"0","mhp":"0","hudapar":"0","vatan":"0","hdp":"0","iyi":"0","chp":"0","sp":"0","updated_at":"2018-06-24 23:32:24"}},{"id":"739","name":"TALAS","box_count":"298","open_box_count":"133","voter_count":"103995","total_valid_vote":"41777","results":{"millet":"98","cumhur":"520","akp":"17423","mhp":"9802","hudapar":"42","vatan":"76","hdp":"910","iyi":"5992","chp":"6519","sp":"860","updated_at":"2018-06-24 23:33:04"}},{"id":"756","name":"KOCAS\u0130NAN","box_count":"782","open_box_count":"355","voter_count":"271577","total_valid_vote":"111127","results":{"millet":"191","cumhur":"1554","akp":"55341","mhp":"23033","hudapar":"196","vatan":"146","hdp":"2181","iyi":"12543","chp":"15272","sp":"1908","updated_at":"2018-06-24 23:33:05"}},{"id":"757","name":"MEL\u0130KGAZ\u0130","box_count":"1060","open_box_count":"553","voter_count":"380506","total_valid_vote":"178197","results":{"millet":"311","cumhur":"2405","akp":"93341","mhp":"38435","hudapar":"791","vatan":"216","hdp":"3395","iyi":"18677","chp":"19515","sp":"3366","updated_at":"2018-06-24 23:33:05"}},{"id":"829","name":"HACILAR","box_count":"30","open_box_count":"0","voter_count":"8904","total_valid_vote":"0","results":{"millet":"0","cumhur":"0","akp":"0","mhp":"0","hudapar":"0","vatan":"0","hdp":"0","iyi":"0","chp":"0","sp":"0","updated_at":"2018-06-24 23:32:24"}},{"id":"871","name":"\u00d6ZVATAN","box_count":"15","open_box_count":"0","voter_count":"3382","total_valid_vote":"0","results":{"millet":"0","cumhur":"0","akp":"0","mhp":"0","hudapar":"0","vatan":"0","hdp":"0","iyi":"0","chp":"0","sp":"0","updated_at":"2018-06-24 23:32:24"}}]],"winners":[{"firstname":"KADR\u0130","lastname":"ERENER","party":"hdp","order":1},{"firstname":"EYLEM","lastname":"CENG\u0130Z","party":"hdp","order":2},{"firstname":"MEHMET","lastname":"G\u00d6\u00c7MEN","party":"mhp","order":3},{"firstname":"SELMA","lastname":"TOSUN","party":"vatan","order":4},{"firstname":"BERR\u0130N","lastname":"EY\u0130DEM\u0130R","party":"iyi","order":5},{"firstname":"G\u00dcVEN","lastname":"\u00c7\u0130M","party":"","order":6},{"firstname":"RAB\u0130A","lastname":"\u00c7A\u011eRICI","party":"sp","order":7},{"firstname":"MEHMET","lastname":"CANBULAN","party":"vatan","order":8},{"firstname":"RECEP","lastname":"BULUT","party":"chp","order":9},{"firstname":"\u0130BRAH\u0130M","lastname":"BIYIKLIO\u011eLU","party":"sp","order":10}]}