{"id":"61","name":"TRABZON","box_count":"2084","open_box_count":"515","voter_count":"583183","total_valid_vote":"128714","results":{"millet":"314","cumhur":"1536","akp":"72108","mhp":"17557","hudapar":"185","vatan":"259","hdp":"1218","iyi":"14971","chp":"18799","sp":"3313","updated_at":"2018-06-24 23:33:09"},"districts":[[{"id":"13","name":"AK\u00c7AABAT","box_count":"328","open_box_count":"141","voter_count":"89071","total_valid_vote":"36826","results":{"millet":"81","cumhur":"452","akp":"20683","mhp":"5247","hudapar":"54","vatan":"71","hdp":"259","iyi":"4658","chp":"4978","sp":"840","updated_at":"2018-06-24 23:32:26"}},{"id":"40","name":"ARAKLI","box_count":"138","open_box_count":"36","voter_count":"34344","total_valid_vote":"7303","results":{"millet":"4","cumhur":"103","akp":"5091","mhp":"979","hudapar":"2","vatan":"14","hdp":"47","iyi":"443","chp":"383","sp":"285","updated_at":"2018-06-24 23:32:28"}},{"id":"49","name":"ARS\u0130N","box_count":"79","open_box_count":"12","voter_count":"21038","total_valid_vote":"2332","results":{"millet":"2","cumhur":"16","akp":"1561","mhp":"313","hudapar":"7","vatan":"5","hdp":"11","iyi":"225","chp":"155","sp":"54","updated_at":"2018-06-24 23:32:29"}},{"id":"142","name":"\u00c7AYKARA","box_count":"59","open_box_count":"19","voter_count":"11059","total_valid_vote":"3487","results":{"millet":"8","cumhur":"37","akp":"2661","mhp":"280","hudapar":"6","vatan":"11","hdp":"25","iyi":"145","chp":"265","sp":"93","updated_at":"2018-06-24 23:32:38"}},{"id":"400","name":"MA\u00c7KA","box_count":"101","open_box_count":"20","voter_count":"19243","total_valid_vote":"3223","results":{"millet":"15","cumhur":"15","akp":"1997","mhp":"389","hudapar":"15","vatan":"2","hdp":"17","iyi":"165","chp":"500","sp":"138","updated_at":"2018-06-24 23:32:55"}},{"id":"441","name":"OF","box_count":"130","open_box_count":"35","voter_count":"33135","total_valid_vote":"8723","results":{"millet":"11","cumhur":"115","akp":"5728","mhp":"1455","hudapar":"10","vatan":"15","hdp":"79","iyi":"400","chp":"657","sp":"354","updated_at":"2018-06-24 23:32:56"}},{"id":"540","name":"S\u00dcRMENE","box_count":"90","open_box_count":"20","voter_count":"19719","total_valid_vote":"3841","results":{"millet":"9","cumhur":"45","akp":"2521","mhp":"388","hudapar":"8","vatan":"8","hdp":"31","iyi":"260","chp":"481","sp":"98","updated_at":"2018-06-24 23:32:59"}},{"id":"574","name":"TONYA","box_count":"45","open_box_count":"6","voter_count":"11848","total_valid_vote":"1362","results":{"millet":"5","cumhur":"14","akp":"678","mhp":"78","hudapar":"3","vatan":"8","hdp":"10","iyi":"91","chp":"455","sp":"24","updated_at":"2018-06-24 23:33:00"}},{"id":"602","name":"VAKFIKEB\u0130R","box_count":"83","open_box_count":"14","voter_count":"20857","total_valid_vote":"3660","results":{"millet":"9","cumhur":"49","akp":"2092","mhp":"547","hudapar":"5","vatan":"7","hdp":"17","iyi":"349","chp":"533","sp":"91","updated_at":"2018-06-24 23:33:01"}},{"id":"625","name":"YOMRA","box_count":"94","open_box_count":"13","voter_count":"26731","total_valid_vote":"2511","results":{"millet":"4","cumhur":"37","akp":"1583","mhp":"370","hudapar":"3","vatan":"7","hdp":"7","iyi":"340","chp":"181","sp":"20","updated_at":"2018-06-24 23:33:02"}},{"id":"668","name":"BE\u015e\u0130KD\u00dcZ\u00dc","box_count":"62","open_box_count":"17","voter_count":"16871","total_valid_vote":"3699","results":{"millet":"15","cumhur":"31","akp":"1302","mhp":"328","hudapar":"17","vatan":"20","hdp":"44","iyi":"697","chp":"1221","sp":"55","updated_at":"2018-06-24 23:33:03"}},{"id":"735","name":"\u015eALPAZARI","box_count":"38","open_box_count":"0","voter_count":"9231","total_valid_vote":"0","results":{"millet":"0","cumhur":"0","akp":"0","mhp":"0","hudapar":"0","vatan":"0","hdp":"0","iyi":"0","chp":"0","sp":"0","updated_at":"2018-06-24 23:32:24"}},{"id":"789","name":"\u00c7AR\u015eIBA\u015eI","box_count":"45","open_box_count":"6","voter_count":"11785","total_valid_vote":"1363","results":{"millet":"2","cumhur":"21","akp":"906","mhp":"208","hudapar":"5","vatan":"10","hdp":"7","iyi":"143","chp":"67","sp":"17","updated_at":"2018-06-24 23:33:05"}},{"id":"802","name":"DERNEKPAZARI","box_count":"17","open_box_count":"0","voter_count":"3332","total_valid_vote":"0","results":{"millet":"0","cumhur":"0","akp":"0","mhp":"0","hudapar":"0","vatan":"0","hdp":"0","iyi":"0","chp":"0","sp":"0","updated_at":"2018-06-24 23:32:24"}},{"id":"810","name":"D\u00dcZK\u00d6Y","box_count":"37","open_box_count":"0","voter_count":"10682","total_valid_vote":"0","results":{"millet":"0","cumhur":"0","akp":"0","mhp":"0","hudapar":"0","vatan":"0","hdp":"0","iyi":"0","chp":"0","sp":"0","updated_at":"2018-06-24 23:32:24"}},{"id":"835","name":"HAYRAT","box_count":"40","open_box_count":"1","voter_count":"6444","total_valid_vote":"32","results":{"millet":"0","cumhur":"1","akp":"23","mhp":"7","hudapar":"0","vatan":"0","hdp":"0","iyi":"0","chp":"2","sp":"0","updated_at":"2018-06-24 23:33:05"}},{"id":"859","name":"K\u00d6PR\u00dcBA\u015eI","box_count":"21","open_box_count":"0","voter_count":"3843","total_valid_vote":"0","results":{"millet":"0","cumhur":"0","akp":"0","mhp":"0","hudapar":"0","vatan":"0","hdp":"0","iyi":"0","chp":"0","sp":"0","updated_at":"2018-06-24 23:32:24"}},{"id":"1039","name":"ORTAH\u0130SAR","box_count":"677","open_box_count":"175","voter_count":"233950","total_valid_vote":"50352","results":{"millet":"149","cumhur":"600","akp":"25282","mhp":"6968","hudapar":"50","vatan":"81","hdp":"664","iyi":"7055","chp":"8921","sp":"1244","updated_at":"2018-06-24 23:33:08"}}]],"winners":[{"firstname":"OSMAN","lastname":"AKBULUT","party":"iyi","order":1},{"firstname":"AHMET HAZAR","lastname":"D\u0130LAVER","party":"hdp","order":2},{"firstname":"S\u00dcLEYMAN","lastname":"KOL","party":"","order":3},{"firstname":"H\u00dcSEY\u0130N","lastname":"\u00d6RS","party":"iyi","order":4},{"firstname":"S\u00dcLEYMAN","lastname":"KOL","party":"","order":5},{"firstname":"N\u0130HAT","lastname":"B\u0130R\u0130NC\u0130","party":"mhp","order":6}]}