{"id":"73","name":"\u015eIRNAK","box_count":"852","open_box_count":"108","voter_count":"268308","total_valid_vote":"28834","results":{"millet":"14","cumhur":"65","akp":"5154","mhp":"1255","hudapar":"824","vatan":"35","hdp":"20299","iyi":"526","chp":"533","sp":"162","updated_at":"2018-06-24 23:33:11"},"districts":[[{"id":"88","name":"BEYT\u00dc\u015e\u015eEBAP","box_count":"38","open_box_count":"0","voter_count":"10435","total_valid_vote":"0","results":{"millet":"0","cumhur":"0","akp":"0","mhp":"0","hudapar":"0","vatan":"0","hdp":"0","iyi":"0","chp":"0","sp":"0","updated_at":"2018-06-24 23:32:24"}},{"id":"121","name":"C\u0130ZRE","box_count":"225","open_box_count":"42","voter_count":"74521","total_valid_vote":"11428","results":{"millet":"3","cumhur":"15","akp":"1196","mhp":"161","hudapar":"329","vatan":"11","hdp":"9392","iyi":"88","chp":"153","sp":"80","updated_at":"2018-06-24 23:32:36"}},{"id":"300","name":"\u0130D\u0130L","box_count":"134","open_box_count":"14","voter_count":"37888","total_valid_vote":"3210","results":{"millet":"1","cumhur":"2","akp":"805","mhp":"85","hudapar":"43","vatan":"5","hdp":"2182","iyi":"59","chp":"27","sp":"4","updated_at":"2018-06-24 23:32:47"}},{"id":"516","name":"S\u0130LOP\u0130","box_count":"201","open_box_count":"11","voter_count":"68261","total_valid_vote":"3107","results":{"millet":"2","cumhur":"2","akp":"357","mhp":"100","hudapar":"29","vatan":"2","hdp":"2494","iyi":"42","chp":"50","sp":"6","updated_at":"2018-06-24 23:32:59"}},{"id":"554","name":"\u015eIRNAK MERKEZ","box_count":"149","open_box_count":"38","voter_count":"47683","total_valid_vote":"10528","results":{"millet":"8","cumhur":"45","akp":"2701","mhp":"869","hudapar":"421","vatan":"16","hdp":"5848","iyi":"318","chp":"283","sp":"71","updated_at":"2018-06-24 23:33:00"}},{"id":"591","name":"ULUDERE","box_count":"75","open_box_count":"3","voter_count":"23157","total_valid_vote":"561","results":{"millet":"0","cumhur":"1","akp":"95","mhp":"40","hudapar":"2","vatan":"1","hdp":"383","iyi":"19","chp":"20","sp":"1","updated_at":"2018-06-24 23:33:01"}},{"id":"824","name":"G\u00dc\u00c7L\u00dcKONAK","box_count":"30","open_box_count":"0","voter_count":"6363","total_valid_vote":"0","results":{"millet":"0","cumhur":"0","akp":"0","mhp":"0","hudapar":"0","vatan":"0","hdp":"0","iyi":"0","chp":"0","sp":"0","updated_at":"2018-06-24 20:21:44"}}]],"winners":[{"firstname":"AHMET","lastname":"MUR\u00c7OK","party":"iyi","order":1},{"firstname":"MEHMET EM\u0130N","lastname":"D\u0130NDAR","party":"akp","order":2},{"firstname":"MEHMET","lastname":"\u0130NAN","party":"mhp","order":3},{"firstname":"HAT\u0130CE","lastname":"ATAN","party":"akp","order":4}]}