{"id":"34","name":"\u0130STANBUL","box_count":"28763","open_box_count":"8184","voter_count":"10559686","total_valid_vote":"2564958","results":{"millet":"7106","cumhur":"19940","akp":"1099514","mhp":"214799","hudapar":"5705","vatan":"5841","hdp":"303055","iyi":"214049","chp":"676388","sp":"40670","updated_at":"2018-06-24 21:47:10"},"districts":{"bir":[{"id":"3","name":"ADALAR","box_count":"36","open_box_count":"31","voter_count":"11967","total_valid_vote":"8978","results":{"millet":"30","cumhur":"50","akp":"2082","mhp":"439","hudapar":"8","vatan":"38","hdp":"2043","iyi":"695","chp":"3602","sp":"63","updated_at":"2018-06-24 21:46:28"}},{"id":"84","name":"BEYKOZ","box_count":"513","open_box_count":"151","voter_count":"184234","total_valid_vote":"46339","results":{"millet":"125","cumhur":"392","akp":"22238","mhp":"4056","hudapar":"43","vatan":"117","hdp":"2631","iyi":"4427","chp":"11914","sp":"858","updated_at":"2018-06-24 21:46:32"}},{"id":"316","name":"KADIK\u00d6Y","box_count":"995","open_box_count":"123","voter_count":"363413","total_valid_vote":"39046","results":{"millet":"164","cumhur":"156","akp":"6486","mhp":"1233","hudapar":"20","vatan":"184","hdp":"5565","iyi":"3770","chp":"21393","sp":"350","updated_at":"2018-06-24 21:46:48"}},{"id":"344","name":"KARTAL","box_count":"938","open_box_count":"201","voter_count":"344826","total_valid_vote":"65009","results":{"millet":"216","cumhur":"472","akp":"26496","mhp":"5151","hudapar":"131","vatan":"119","hdp":"6781","iyi":"5766","chp":"19415","sp":"1067","updated_at":"2018-06-24 21:46:49"}},{"id":"552","name":"\u015e\u0130LE","box_count":"103","open_box_count":"83","voter_count":"26912","total_valid_vote":"19345","results":{"millet":"57","cumhur":"165","akp":"8337","mhp":"1968","hudapar":"36","vatan":"59","hdp":"1325","iyi":"2477","chp":"4848","sp":"282","updated_at":"2018-06-24 21:46:56"}},{"id":"601","name":"\u00dcSK\u00dcDAR","box_count":"1094","open_box_count":"233","voter_count":"400677","total_valid_vote":"73768","results":{"millet":"295","cumhur":"537","akp":"30957","mhp":"5117","hudapar":"68","vatan":"205","hdp":"6264","iyi":"7659","chp":"21709","sp":"1713","updated_at":"2018-06-24 21:46:57"}},{"id":"728","name":"PEND\u0130K","box_count":"1331","open_box_count":"373","voter_count":"491711","total_valid_vote":"115154","results":{"millet":"218","cumhur":"743","akp":"52379","mhp":"11612","hudapar":"211","vatan":"205","hdp":"8486","iyi":"9797","chp":"30085","sp":"2044","updated_at":"2018-06-24 21:47:01"}},{"id":"745","name":"\u00dcMRAN\u0130YE","box_count":"1329","open_box_count":"247","voter_count":"491261","total_valid_vote":"78974","results":{"millet":"212","cumhur":"668","akp":"37781","mhp":"6735","hudapar":"296","vatan":"149","hdp":"7701","iyi":"7078","chp":"17663","sp":"1454","updated_at":"2018-06-24 21:47:02"}},{"id":"904","name":"MALTEPE","box_count":"995","open_box_count":"257","voter_count":"367516","total_valid_vote":"81542","results":{"millet":"307","cumhur":"499","akp":"26988","mhp":"5713","hudapar":"269","vatan":"220","hdp":"8307","iyi":"7649","chp":"31005","sp":"1081","updated_at":"2018-06-24 21:47:07"}},{"id":"906","name":"SULTANBEYL\u0130","box_count":"575","open_box_count":"227","voter_count":"213941","total_valid_vote":"73758","results":{"millet":"66","cumhur":"867","akp":"43161","mhp":"8558","hudapar":"181","vatan":"148","hdp":"11982","iyi":"2857","chp":"4932","sp":"1609","updated_at":"2018-06-24 21:47:07"}},{"id":"907","name":"TUZLA","box_count":"477","open_box_count":"304","voter_count":"174845","total_valid_vote":"97673","results":{"millet":"263","cumhur":"879","akp":"41915","mhp":"9955","hudapar":"143","vatan":"280","hdp":"10607","iyi":"8658","chp":"24181","sp":"1726","updated_at":"2018-06-24 21:47:07"}},{"id":"964","name":"ATA\u015eEH\u0130R","box_count":"825","open_box_count":"155","voter_count":"306446","total_valid_vote":"50729","results":{"millet":"196","cumhur":"313","akp":"16589","mhp":"3166","hudapar":"60","vatan":"148","hdp":"5726","iyi":"4474","chp":"19765","sp":"702","updated_at":"2018-06-24 21:47:07"}},{"id":"967","name":"\u00c7EKMEK\u00d6Y","box_count":"466","open_box_count":"143","voter_count":"170067","total_valid_vote":"45566","results":{"millet":"109","cumhur":"416","akp":"20986","mhp":"4758","hudapar":"99","vatan":"137","hdp":"4392","iyi":"3477","chp":"10935","sp":"705","updated_at":"2018-06-24 21:47:08"}},{"id":"969","name":"SANCAKTEPE","box_count":"733","open_box_count":"338","voter_count":"272270","total_valid_vote":"110395","results":{"millet":"172","cumhur":"765","akp":"46602","mhp":"9305","hudapar":"275","vatan":"244","hdp":"21761","iyi":"4925","chp":"25498","sp":"1373","updated_at":"2018-06-24 21:47:08"}}],"iki":[{"id":"82","name":"BE\u015e\u0130KTA\u015e","box_count":"394","open_box_count":"108","voter_count":"140754","total_valid_vote":"33241","results":{"millet":"158","cumhur":"102","akp":"4437","mhp":"940","hudapar":"11","vatan":"138","hdp":"5887","iyi":"3190","chp":"18346","sp":"261","updated_at":"2018-06-24 21:46:31"}},{"id":"85","name":"BEYO\u011eLU","box_count":"475","open_box_count":"139","voter_count":"170779","total_valid_vote":"38803","results":{"millet":"125","cumhur":"295","akp":"15299","mhp":"2419","hudapar":"49","vatan":"153","hdp":"7809","iyi":"2562","chp":"9795","sp":"605","updated_at":"2018-06-24 21:46:32"}},{"id":"223","name":"EY\u00dcPSULTAN","box_count":"752","open_box_count":"135","voter_count":"273863","total_valid_vote":"41634","results":{"millet":"126","cumhur":"370","akp":"20087","mhp":"3616","hudapar":"61","vatan":"84","hdp":"2848","iyi":"3676","chp":"10425","sp":"808","updated_at":"2018-06-24 21:46:42"}},{"id":"225","name":"FAT\u0130H","box_count":"794","open_box_count":"296","voter_count":"283991","total_valid_vote":"84374","results":{"millet":"268","cumhur":"700","akp":"40443","mhp":"5539","hudapar":"260","vatan":"287","hdp":"9556","iyi":"6926","chp":"19388","sp":"1899","updated_at":"2018-06-24 21:46:43"}},{"id":"233","name":"GAZ\u0130OSMANPA\u015eA","box_count":"936","open_box_count":"405","voter_count":"349260","total_valid_vote":"128914","results":{"millet":"329","cumhur":"1154","akp":"67023","mhp":"10891","hudapar":"386","vatan":"243","hdp":"11298","iyi":"10392","chp":"26268","sp":"2105","updated_at":"2018-06-24 21:46:43"}},{"id":"497","name":"SARIYER","box_count":"690","open_box_count":"124","voter_count":"248940","total_valid_vote":"37794","results":{"millet":"131","cumhur":"303","akp":"13020","mhp":"2814","hudapar":"26","vatan":"87","hdp":"3990","iyi":"3370","chp":"13915","sp":"530","updated_at":"2018-06-24 21:46:54"}},{"id":"556","name":"\u015e\u0130\u015eL\u0130","box_count":"562","open_box_count":"161","voter_count":"204319","total_valid_vote":"48271","results":{"millet":"205","cumhur":"292","akp":"12472","mhp":"2543","hudapar":"116","vatan":"180","hdp":"8886","iyi":"3942","chp":"19617","sp":"422","updated_at":"2018-06-24 21:46:56"}},{"id":"632","name":"ZEYT\u0130NBURNU","box_count":"520","open_box_count":"178","voter_count":"191796","total_valid_vote":"55557","results":{"millet":"123","cumhur":"448","akp":"24536","mhp":"5027","hudapar":"259","vatan":"79","hdp":"8492","iyi":"4968","chp":"11485","sp":"691","updated_at":"2018-06-24 21:46:58"}},{"id":"703","name":"KA\u011eITHANE","box_count":"866","open_box_count":"227","voter_count":"319199","total_valid_vote":"71739","results":{"millet":"198","cumhur":"622","akp":"32341","mhp":"7075","hudapar":"283","vatan":"139","hdp":"7407","iyi":"5712","chp":"17407","sp":"1305","updated_at":"2018-06-24 21:47:00"}},{"id":"779","name":"BAYRAMPA\u015eA","box_count":"542","open_box_count":"392","voter_count":"199348","total_valid_vote":"125387","results":{"millet":"416","cumhur":"1072","akp":"60606","mhp":"11199","hudapar":"152","vatan":"298","hdp":"6038","iyi":"13595","chp":"31190","sp":"2035","updated_at":"2018-06-24 21:47:03"}},{"id":"908","name":"ESENLER","box_count":"836","open_box_count":"283","voter_count":"310787","total_valid_vote":"90884","results":{"millet":"143","cumhur":"862","akp":"50141","mhp":"9401","hudapar":"307","vatan":"137","hdp":"11002","iyi":"5763","chp":"12572","sp":"1505","updated_at":"2018-06-24 21:47:07"}},{"id":"970","name":"SULTANGAZ\u0130","box_count":"944","open_box_count":"163","voter_count":"350388","total_valid_vote":"52719","results":{"millet":"72","cumhur":"396","akp":"26308","mhp":"3920","hudapar":"195","vatan":"43","hdp":"8110","iyi":"2701","chp":"10572","sp":"850","updated_at":"2018-06-24 21:47:08"}}],"uc":[{"id":"65","name":"BAKIRK\u00d6Y","box_count":"461","open_box_count":"187","voter_count":"168450","total_valid_vote":"58653","results":{"millet":"298","cumhur":"263","akp":"11586","mhp":"2801","hudapar":"46","vatan":"252","hdp":"8276","iyi":"6696","chp":"28187","sp":"675","updated_at":"2018-06-24 21:46:31"}},{"id":"135","name":"\u00c7ATALCA","box_count":"160","open_box_count":"51","voter_count":"53501","total_valid_vote":"14861","results":{"millet":"33","cumhur":"84","akp":"5375","mhp":"913","hudapar":"21","vatan":"24","hdp":"417","iyi":"2209","chp":"5625","sp":"97","updated_at":"2018-06-24 21:46:34"}},{"id":"515","name":"S\u0130L\u0130VR\u0130","box_count":"343","open_box_count":"215","voter_count":"120995","total_valid_vote":"60904","results":{"millet":"232","cumhur":"416","akp":"18301","mhp":"5167","hudapar":"87","vatan":"188","hdp":"7485","iyi":"6595","chp":"22124","sp":"886","updated_at":"2018-06-24 21:46:54"}},{"id":"675","name":"B\u00dcY\u00dcK\u00c7EKMECE","box_count":"471","open_box_count":"112","voter_count":"172351","total_valid_vote":"35347","results":{"millet":"133","cumhur":"227","akp":"13229","mhp":"2853","hudapar":"37","vatan":"78","hdp":"3133","iyi":"3687","chp":"11846","sp":"324","updated_at":"2018-06-24 21:47:00"}},{"id":"716","name":"K\u00dc\u00c7\u00dcK\u00c7EKMECE","box_count":"1468","open_box_count":"353","voter_count":"541033","total_valid_vote":"111655","results":{"millet":"349","cumhur":"912","akp":"44401","mhp":"10206","hudapar":"211","vatan":"196","hdp":"12483","iyi":"11693","chp":"30769","sp":"1597","updated_at":"2018-06-24 21:47:01"}},{"id":"895","name":"AVCILAR","box_count":"811","open_box_count":"415","voter_count":"302286","total_valid_vote":"132211","results":{"millet":"389","cumhur":"887","akp":"44904","mhp":"9549","hudapar":"285","vatan":"281","hdp":"17383","iyi":"11243","chp":"46866","sp":"1407","updated_at":"2018-06-24 21:47:06"}},{"id":"896","name":"BA\u011eCILAR","box_count":"1359","open_box_count":"422","voter_count":"506091","total_valid_vote":"135313","results":{"millet":"221","cumhur":"1213","akp":"70385","mhp":"13499","hudapar":"347","vatan":"193","hdp":"19863","iyi":"8408","chp":"20366","sp":"2172","updated_at":"2018-06-24 21:47:06"}},{"id":"897","name":"BAH\u00c7EL\u0130EVLER","box_count":"1158","open_box_count":"106","voter_count":"427357","total_valid_vote":"33466","results":{"millet":"95","cumhur":"287","akp":"14539","mhp":"2701","hudapar":"62","vatan":"84","hdp":"4093","iyi":"2789","chp":"8646","sp":"505","updated_at":"2018-06-24 21:47:06"}},{"id":"902","name":"G\u00dcNG\u00d6REN","box_count":"571","open_box_count":"207","voter_count":"211075","total_valid_vote":"65513","results":{"millet":"168","cumhur":"531","akp":"31464","mhp":"5816","hudapar":"135","vatan":"126","hdp":"7858","iyi":"5265","chp":"13653","sp":"1130","updated_at":"2018-06-24 21:47:06"}},{"id":"963","name":"ARNAVUTK\u00d6Y","box_count":"471","open_box_count":"147","voter_count":"168986","total_valid_vote":"44676","results":{"millet":"61","cumhur":"499","akp":"25138","mhp":"5087","hudapar":"160","vatan":"68","hdp":"6497","iyi":"2348","chp":"4443","sp":"736","updated_at":"2018-06-24 21:47:07"}},{"id":"965","name":"BA\u015eAK\u015eEH\u0130R","box_count":"690","open_box_count":"177","voter_count":"253892","total_valid_vote":"57443","results":{"millet":"156","cumhur":"397","akp":"32986","mhp":"4427","hudapar":"188","vatan":"77","hdp":"4871","iyi":"4694","chp":"8117","sp":"1999","updated_at":"2018-06-24 21:47:08"}},{"id":"966","name":"BEYL\u0130KD\u00dcZ\u00dc","box_count":"595","open_box_count":"109","voter_count":"220711","total_valid_vote":"35175","results":{"millet":"132","cumhur":"158","akp":"12040","mhp":"2573","hudapar":"42","vatan":"75","hdp":"3707","iyi":"3869","chp":"12310","sp":"437","updated_at":"2018-06-24 21:47:08"}},{"id":"968","name":"ESENYURT","box_count":"1484","open_box_count":"206","voter_count":"549448","total_valid_vote":"64148","results":{"millet":"115","cumhur":"528","akp":"25456","mhp":"6057","hudapar":"139","vatan":"78","hdp":"12095","iyi":"4047","chp":"15511","sp":"662","updated_at":"2018-06-24 21:47:08"}}]},"winners":[{"firstname":"NAZLIHAN","lastname":"AKYOL","party":"hudapar","order":1},{"firstname":"AYSEL","lastname":"KIRAL\u0130","party":"iyi","order":2},{"firstname":"MEHMET","lastname":"LA\u00c7\u0130N","party":"hudapar","order":3},{"firstname":"H\u0130MMET","lastname":"\u00c7AKIR","party":"","order":4},{"firstname":"CENK","lastname":"CEYLAN","party":"vatan","order":5},{"firstname":"AYDEM\u0130R","lastname":"G\u00dcLER","party":"","order":6},{"firstname":"YUSUF","lastname":"YAVUZCAN","party":"iyi","order":7},{"firstname":"B\u0130LAL","lastname":"TATAR","party":"sp","order":8},{"firstname":"HAYRETT\u0130N","lastname":"NUHO\u011eLU","party":"iyi","order":9},{"firstname":"AY\u015eE","lastname":"BERKTAY","party":"hdp","order":10},{"firstname":"AYDEM\u0130R","lastname":"G\u00dcLER","party":"","order":11},{"firstname":"SAYGIN","lastname":"\u00d6ZYILDIRIM","party":"iyi","order":12},{"firstname":"SELAHATT\u0130N","lastname":"ASLAN","party":"sp","order":13},{"firstname":"H\u0130MMET","lastname":"\u00c7AKIR","party":"","order":14},{"firstname":"H\u00dcSN\u00dc","lastname":"TA\u015e","party":"hdp","order":15},{"firstname":"RAVZA","lastname":"KAVAKCI KAN","party":"akp","order":16},{"firstname":"AD\u0130L","lastname":"CEYLAN","party":"mhp","order":17},{"firstname":"MUSTAFA VEYSEL","lastname":"G\u00dcLDO\u011eAN","party":"iyi","order":18},{"firstname":"ROJDA","lastname":"TA\u015eDEM\u0130R","party":"hdp","order":19},{"firstname":"GAZ\u0130","lastname":"DO\u011eAN","party":"vatan","order":20},{"firstname":"Y\u00dcKSEL","lastname":"KARA\u00c7AM","party":"iyi","order":21},{"firstname":"MURAT","lastname":"KARIN\u00c7U","party":"hudapar","order":22},{"firstname":"MET\u0130N","lastname":"G\u00dcLER","party":"","order":23},{"firstname":"YAVUZ","lastname":"A\u011eIRAL\u0130O\u011eLU","party":"iyi","order":24},{"firstname":"MUSTAFA \u0130LKER","lastname":"Y\u00dcCEL","party":"vatan","order":25},{"firstname":"NE\u015eET","lastname":"\u00c7EV\u0130K","party":"sp","order":26},{"firstname":"\u015eADUMAN","lastname":"\u00c7A\u011eLAR","party":"vatan","order":27},{"firstname":"CEM\u0130LE","lastname":"ALBA\u015e","party":"iyi","order":28},{"firstname":"AHMET TURAN","lastname":"HOCAO\u011eLU","party":"mhp","order":29},{"firstname":"\u00c7A\u011eDA\u015e ALAETT\u0130N","lastname":"BABACAN","party":"vatan","order":30},{"firstname":"CAH\u0130T","lastname":"KESK\u0130N","party":"akp","order":31},{"firstname":"HASAN","lastname":"B\u0130TMEZ","party":"sp","order":32},{"firstname":"U\u011eUR","lastname":"KUTULMAN","party":"hudapar","order":33},{"firstname":"ENES","lastname":"ESATO\u011eLU","party":"vatan","order":34},{"firstname":"YAVUZ SEL\u0130M","lastname":"K\u00dc\u00c7\u00dcK","party":"sp","order":35},{"firstname":"MEHTAP NAZAN","lastname":"G\u00d6KTA\u015e","party":"iyi","order":36},{"firstname":"SEMA","lastname":"U\u00c7AR","party":"hdp","order":37},{"firstname":"MURAT","lastname":"\u00c7EKER","party":"sp","order":38},{"firstname":"MEHMET","lastname":"G\u00dcRB\u00dcZ","party":"mhp","order":39},{"firstname":"D\u0130CLE","lastname":"\u015e\u0130T","party":"sp","order":40},{"firstname":"EL\u0130F","lastname":"KESK\u0130NEL \u00dcLKER","party":"chp","order":41},{"firstname":"\u0130SHAK","lastname":"KARAKA\u015e","party":"hdp","order":42},{"firstname":"ATAKAN","lastname":"BOYO\u011eLU","party":"","order":43},{"firstname":"ABDULKER\u0130M","lastname":"ORTA\u00c7","party":"hudapar","order":44},{"firstname":"MUSTAFA","lastname":"YAZICI","party":"iyi","order":45},{"firstname":"CEM CENG\u0130Z","lastname":"YILMAZ","party":"chp","order":46},{"firstname":"H\u00dcSEY\u0130N","lastname":"S\u00dcR\u00dcC\u00dc","party":"vatan","order":47},{"firstname":"EM\u0130NE","lastname":"\u00c7AKIR","party":"akp","order":48},{"firstname":"ERDO\u011eAN","lastname":"USLU","party":"sp","order":49},{"firstname":"UFUK","lastname":"TANDO\u011eAN","party":"mhp","order":50},{"firstname":"\u015eENCAN","lastname":"BAYRAMO\u011eLU","party":"vatan","order":51},{"firstname":"CEM KAYA","lastname":"KARAT\u00dcN","party":"sp","order":52},{"firstname":"\u015eEMSETT\u0130N","lastname":"\u00d6ZER","party":"hudapar","order":53},{"firstname":"FES\u0130H","lastname":"TAYBAR","party":"sp","order":54},{"firstname":"BURHANETT\u0130N","lastname":"MANAS","party":"hudapar","order":55},{"firstname":"ABDULFETTAH","lastname":"SAVRAN","party":"hudapar","order":56},{"firstname":"MUHAMMET","lastname":"DUMAN","party":"sp","order":57},{"firstname":"AZM\u0130","lastname":"EK\u0130NC\u0130","party":"akp","order":58},{"firstname":"\u0130SMA\u0130L HAKKI","lastname":"AKTOK","party":"vatan","order":59},{"firstname":"\u015eAM\u0130L","lastname":"AYRIM","party":"akp","order":60},{"firstname":"AL\u0130 KEMAL","lastname":"DER\u0130N","party":"sp","order":61},{"firstname":"EKREM","lastname":"SARISOY","party":"mhp","order":62},{"firstname":"YELDA","lastname":"GARGUN","party":"iyi","order":63},{"firstname":"UYGAR ORAL","lastname":"\u00d6ZT\u00dcRK","party":"mhp","order":64},{"firstname":"MAHFUZ","lastname":"YET\u00dcT","party":"chp","order":65},{"firstname":"B\u0130LAL","lastname":"AYDIN","party":"sp","order":66},{"firstname":"YAD\u0130KAR","lastname":"\u00d6ZEN","party":"vatan","order":67},{"firstname":"\u015eENT\u00dcRK","lastname":"DEM\u0130RAL","party":"iyi","order":68},{"firstname":"HAKAN","lastname":"YAL\u00c7IN","party":"mhp","order":69},{"firstname":"ALEV","lastname":"DEDEG\u0130L","party":"akp","order":70},{"firstname":"EM\u0130N","lastname":"ALG\u00dcN","party":"vatan","order":71},{"firstname":"MEHMET","lastname":"YAVUZ","party":"hudapar","order":72},{"firstname":"B\u0130LAL","lastname":"TOPRAK","party":"hudapar","order":73},{"firstname":"ORHAN","lastname":"AYD\u0130N","party":"","order":74},{"firstname":"RECEP","lastname":"POLAT","party":"sp","order":75},{"firstname":"SERKAN","lastname":"YILMAZ","party":"hdp","order":76},{"firstname":"RESUL","lastname":"KILI\u00c7","party":"sp","order":77},{"firstname":"LEB\u0130BE","lastname":"YILMAZ","party":"hudapar","order":78},{"firstname":"AL\u0130 EKBER","lastname":"YE\u015e\u0130L","party":"mhp","order":79},{"firstname":"ELMAS","lastname":"GIRA\u011eOS","party":"iyi","order":80},{"firstname":"ABDULHEK\u0130M","lastname":"ALG\u00dcL","party":"hudapar","order":81},{"firstname":"DERYA","lastname":"\u015eENT\u00dcRK","party":"chp","order":82},{"firstname":"G\u00d6KAN","lastname":"ZEYBEK","party":"chp","order":83},{"firstname":"EM\u0130NE","lastname":"KARAASLAN ATE\u015e","party":"hdp","order":84},{"firstname":"MUHS\u0130N","lastname":"YILMAZ","party":"","order":85},{"firstname":"U\u011eUR","lastname":"AYKA\u00c7","party":"vatan","order":86},{"firstname":"ATAKAN","lastname":"BOYO\u011eLU","party":"","order":87},{"firstname":"MELTEM","lastname":"G\u00dcRSOY SIRT","party":"vatan","order":88},{"firstname":"AYDEM\u0130R","lastname":"G\u00dcLER","party":"","order":89},{"firstname":"G\u00dcLG\u00dbN","lastname":"BUDAK","party":"vatan","order":90},{"firstname":"BAYRAMAL\u0130","lastname":"\u00c7E\u015eMEC\u0130","party":"chp","order":91},{"firstname":"EY\u00dcP","lastname":"\u00d6ZSOY","party":"akp","order":92},{"firstname":"NAZIR C\u0130HANG\u0130R","lastname":"\u0130SLAM","party":"chp","order":93},{"firstname":"TURGUT","lastname":"DANACI","party":"sp","order":94},{"firstname":"LUDM\u0130LLA","lastname":"B\u00dcY\u00dcM","party":"hdp","order":95},{"firstname":"G\u00dcRSEL","lastname":"TEK\u0130N","party":"chp","order":96},{"firstname":"ZAFER","lastname":"SIRAKAYA","party":"akp","order":97},{"firstname":"ADNAN","lastname":"YE\u015e\u0130LMEN","party":"hudapar","order":98}]}