{"id":"8","name":"ARTV\u0130N","box_count":"631","open_box_count":"118","voter_count":"131275","total_valid_vote":"18283","results":{"millet":"56","cumhur":"202","akp":"7391","mhp":"1992","hudapar":"54","vatan":"88","hdp":"941","iyi":"1986","chp":"5511","sp":"304","updated_at":"2018-06-24 23:33:10"},"districts":[[{"id":"44","name":"ARDANU\u00c7","box_count":"65","open_box_count":"3","voter_count":"9196","total_valid_vote":"186","results":{"millet":"2","cumhur":"1","akp":"89","mhp":"15","hudapar":"0","vatan":"2","hdp":"5","iyi":"11","chp":"61","sp":"3","updated_at":"2018-06-24 23:32:29"}},{"id":"46","name":"ARHAV\u0130","box_count":"69","open_box_count":"20","voter_count":"16214","total_valid_vote":"2063","results":{"millet":"5","cumhur":"41","akp":"1105","mhp":"142","hudapar":"4","vatan":"8","hdp":"29","iyi":"177","chp":"570","sp":"28","updated_at":"2018-06-24 23:32:29"}},{"id":"51","name":"ARTV\u0130N MERKEZ","box_count":"110","open_box_count":"26","voter_count":"25085","total_valid_vote":"5473","results":{"millet":"20","cumhur":"34","akp":"1684","mhp":"745","hudapar":"9","vatan":"14","hdp":"193","iyi":"864","chp":"1884","sp":"67","updated_at":"2018-06-24 23:32:29"}},{"id":"101","name":"BOR\u00c7KA","box_count":"66","open_box_count":"16","voter_count":"16979","total_valid_vote":"3227","results":{"millet":"11","cumhur":"57","akp":"1707","mhp":"475","hudapar":"11","vatan":"16","hdp":"51","iyi":"273","chp":"627","sp":"64","updated_at":"2018-06-24 23:32:34"}},{"id":"292","name":"HOPA","box_count":"69","open_box_count":"20","voter_count":"19741","total_valid_vote":"4114","results":{"millet":"9","cumhur":"39","akp":"1211","mhp":"311","hudapar":"16","vatan":"26","hdp":"570","iyi":"390","chp":"1531","sp":"59","updated_at":"2018-06-24 23:32:46"}},{"id":"546","name":"\u015eAV\u015eAT","box_count":"91","open_box_count":"18","voter_count":"15624","total_valid_vote":"1972","results":{"millet":"7","cumhur":"14","akp":"755","mhp":"107","hudapar":"11","vatan":"14","hdp":"76","iyi":"179","chp":"753","sp":"77","updated_at":"2018-06-24 23:33:00"}},{"id":"629","name":"YUSUFEL\u0130","box_count":"115","open_box_count":"15","voter_count":"17157","total_valid_vote":"1248","results":{"millet":"2","cumhur":"16","akp":"840","mhp":"197","hudapar":"3","vatan":"8","hdp":"17","iyi":"92","chp":"85","sp":"6","updated_at":"2018-06-24 23:33:02"}},{"id":"721","name":"MURGUL","box_count":"20","open_box_count":"0","voter_count":"4531","total_valid_vote":"0","results":{"millet":"0","cumhur":"0","akp":"0","mhp":"0","hudapar":"0","vatan":"0","hdp":"0","iyi":"0","chp":"0","sp":"0","updated_at":"2018-06-24 23:32:24"}},{"id":"11888","name":"KEMALPA\u015eA","box_count":"26","open_box_count":"0","voter_count":"6748","total_valid_vote":"0","results":{"millet":"0","cumhur":"0","akp":"0","mhp":"0","hudapar":"0","vatan":"0","hdp":"0","iyi":"0","chp":"0","sp":"0","updated_at":"2018-06-24 23:32:24"}}]],"winners":[{"firstname":"OKAN","lastname":"AKTA\u015e","party":"mhp","order":1},{"firstname":"MENDUH","lastname":"\u00c7ET\u0130Z","party":"hudapar","order":2}]}