{"id":"79","name":"K\u0130L\u0130S","box_count":"358","open_box_count":"100","voter_count":"85616","total_valid_vote":"21536","results":{"millet":"34","cumhur":"207","akp":"10637","mhp":"4312","hudapar":"49","vatan":"21","hdp":"507","iyi":"2379","chp":"3306","sp":"322","updated_at":"2018-06-24 23:33:12"},"districts":[[{"id":"370","name":"K\u0130L\u0130S MERKEZ","box_count":"252","open_box_count":"88","voter_count":"70145","total_valid_vote":"20233","results":{"millet":"33","cumhur":"192","akp":"9818","mhp":"4010","hudapar":"48","vatan":"20","hdp":"496","iyi":"2304","chp":"3237","sp":"300","updated_at":"2018-06-24 23:32:53"}},{"id":"915","name":"ELBEYL\u0130","box_count":"29","open_box_count":"0","voter_count":"4062","total_valid_vote":"0","results":{"millet":"0","cumhur":"0","akp":"0","mhp":"0","hudapar":"0","vatan":"0","hdp":"0","iyi":"0","chp":"0","sp":"0","updated_at":"2018-06-24 23:32:24"}},{"id":"916","name":"MUSABEYL\u0130","box_count":"54","open_box_count":"12","voter_count":"8114","total_valid_vote":"1303","results":{"millet":"1","cumhur":"15","akp":"819","mhp":"302","hudapar":"1","vatan":"1","hdp":"11","iyi":"75","chp":"69","sp":"22","updated_at":"2018-06-24 23:33:06"}},{"id":"917","name":"POLATEL\u0130","box_count":"23","open_box_count":"0","voter_count":"3295","total_valid_vote":"0","results":{"millet":"0","cumhur":"0","akp":"0","mhp":"0","hudapar":"0","vatan":"0","hdp":"0","iyi":"0","chp":"0","sp":"0","updated_at":"2018-06-24 23:32:24"}}]],"winners":[{"firstname":"KASIM","lastname":"KISA","party":"hdp","order":1},{"firstname":"AHMET SAL\u0130H","lastname":"DAL","party":"akp","order":2}]}