{"id":"77","name":"YALOVA","box_count":"514","open_box_count":"178","voter_count":"178178","total_valid_vote":"52009","results":{"millet":"141","cumhur":"431","akp":"22115","mhp":"3637","hudapar":"111","vatan":"101","hdp":"3892","iyi":"5482","chp":"15875","sp":"643","updated_at":"2018-06-24 23:33:12"},"districts":[[{"id":"609","name":"YALOVA MERKEZ","box_count":"269","open_box_count":"119","voter_count":"97657","total_valid_vote":"36768","results":{"millet":"106","cumhur":"288","akp":"14844","mhp":"2421","hudapar":"72","vatan":"76","hdp":"2882","iyi":"4166","chp":"11709","sp":"457","updated_at":"2018-06-24 23:33:01"}},{"id":"911","name":"ALTINOVA","box_count":"61","open_box_count":"20","voter_count":"18767","total_valid_vote":"4104","results":{"millet":"10","cumhur":"38","akp":"2308","mhp":"319","hudapar":"24","vatan":"11","hdp":"325","iyi":"310","chp":"741","sp":"60","updated_at":"2018-06-24 23:33:06"}},{"id":"912","name":"ARMUTLU","box_count":"23","open_box_count":"0","voter_count":"6829","total_valid_vote":"0","results":{"millet":"0","cumhur":"0","akp":"0","mhp":"0","hudapar":"0","vatan":"0","hdp":"0","iyi":"0","chp":"0","sp":"0","updated_at":"2018-06-24 23:32:24"}},{"id":"913","name":"\u00c7INARCIK","box_count":"69","open_box_count":"19","voter_count":"23879","total_valid_vote":"5221","results":{"millet":"12","cumhur":"46","akp":"2261","mhp":"413","hudapar":"4","vatan":"10","hdp":"348","iyi":"441","chp":"1698","sp":"41","updated_at":"2018-06-24 23:33:06"}},{"id":"914","name":"\u00c7\u0130FTL\u0130KK\u00d6Y","box_count":"80","open_box_count":"20","voter_count":"26885","total_valid_vote":"5916","results":{"millet":"13","cumhur":"59","akp":"2702","mhp":"484","hudapar":"11","vatan":"4","hdp":"337","iyi":"565","chp":"1727","sp":"85","updated_at":"2018-06-24 23:33:06"}},{"id":"918","name":"TERMAL","box_count":"12","open_box_count":"0","voter_count":"4161","total_valid_vote":"0","results":{"millet":"0","cumhur":"0","akp":"0","mhp":"0","hudapar":"0","vatan":"0","hdp":"0","iyi":"0","chp":"0","sp":"0","updated_at":"2018-06-24 23:32:24"}}]],"winners":[{"firstname":"HASAN","lastname":"\u00d6Z\u00c7EL\u0130K","party":"akp","order":1},{"firstname":"\u00d6ZCAN","lastname":"\u00d6ZEL","party":"chp","order":2},{"firstname":"METE","lastname":"\u00d6RNEK","party":"mhp","order":3}]}