{"id":"14","name":"BOLU","box_count":"974","open_box_count":"288","voter_count":"222455","total_valid_vote":"61565","results":{"millet":"184","cumhur":"754","akp":"30520","mhp":"9351","hudapar":"113","vatan":"282","hdp":"1325","iyi":"5458","chp":"13445","sp":"998","updated_at":"2018-06-24 23:33:11"},"districts":[[{"id":"98","name":"BOLU MERKEZ","box_count":"463","open_box_count":"187","voter_count":"140419","total_valid_vote":"49350","results":{"millet":"169","cumhur":"580","akp":"22020","mhp":"7481","hudapar":"79","vatan":"237","hdp":"1292","iyi":"4811","chp":"12516","sp":"841","updated_at":"2018-06-24 23:32:34"}},{"id":"243","name":"GEREDE","box_count":"141","open_box_count":"42","voter_count":"25321","total_valid_vote":"5608","results":{"millet":"2","cumhur":"103","akp":"4060","mhp":"1192","hudapar":"6","vatan":"6","hdp":"5","iyi":"136","chp":"119","sp":"84","updated_at":"2018-06-24 23:32:43"}},{"id":"261","name":"G\u00d6YN\u00dcK","box_count":"79","open_box_count":"19","voter_count":"12059","total_valid_vote":"2674","results":{"millet":"2","cumhur":"23","akp":"1955","mhp":"349","hudapar":"10","vatan":"11","hdp":"8","iyi":"142","chp":"173","sp":"26","updated_at":"2018-06-24 23:32:44"}},{"id":"360","name":"KIBRISCIK","box_count":"25","open_box_count":"0","voter_count":"2586","total_valid_vote":"0","results":{"millet":"0","cumhur":"0","akp":"0","mhp":"0","hudapar":"0","vatan":"0","hdp":"0","iyi":"0","chp":"0","sp":"0","updated_at":"2018-06-24 23:32:24"}},{"id":"415","name":"MENGEN","box_count":"75","open_box_count":"20","voter_count":"11342","total_valid_vote":"1592","results":{"millet":"4","cumhur":"25","akp":"998","mhp":"100","hudapar":"5","vatan":"11","hdp":"14","iyi":"150","chp":"294","sp":"20","updated_at":"2018-06-24 23:32:56"}},{"id":"424","name":"MUDURNU","box_count":"91","open_box_count":"20","voter_count":"15147","total_valid_vote":"2341","results":{"millet":"7","cumhur":"23","akp":"1487","mhp":"229","hudapar":"13","vatan":"17","hdp":"6","iyi":"219","chp":"343","sp":"27","updated_at":"2018-06-24 23:32:56"}},{"id":"503","name":"SEBEN","box_count":"38","open_box_count":"0","voter_count":"4410","total_valid_vote":"0","results":{"millet":"0","cumhur":"0","akp":"0","mhp":"0","hudapar":"0","vatan":"0","hdp":"0","iyi":"0","chp":"0","sp":"0","updated_at":"2018-06-24 23:32:24"}},{"id":"809","name":"D\u00d6RTD\u0130VAN","box_count":"34","open_box_count":"0","voter_count":"5374","total_valid_vote":"0","results":{"millet":"0","cumhur":"0","akp":"0","mhp":"0","hudapar":"0","vatan":"0","hdp":"0","iyi":"0","chp":"0","sp":"0","updated_at":"2018-06-24 23:32:24"}},{"id":"890","name":"YEN\u0130\u00c7A\u011eA","box_count":"28","open_box_count":"0","voter_count":"5797","total_valid_vote":"0","results":{"millet":"0","cumhur":"0","akp":"0","mhp":"0","hudapar":"0","vatan":"0","hdp":"0","iyi":"0","chp":"0","sp":"0","updated_at":"2018-06-24 23:32:24"}}]],"winners":[{"firstname":"M\u00dcRVET","lastname":"KARATA\u015e","party":"vatan","order":1},{"firstname":"MET\u0130N","lastname":"VURAL","party":"akp","order":2},{"firstname":"\u015e\u00dcKR\u00dc","lastname":"DEN\u0130Z","party":"hudapar","order":3}]}