{"id":"62","name":"TUNCEL\u0130","box_count":"433","open_box_count":"88","voter_count":"64290","total_valid_vote":"8655","results":{"millet":"6","cumhur":"16","akp":"677","mhp":"269","hudapar":"6","vatan":"8","hdp":"5476","iyi":"63","chp":"2131","sp":"21","updated_at":"2018-06-24 23:33:12"},"districts":[[{"id":"145","name":"\u00c7EM\u0130\u015eGEZEK","box_count":"39","open_box_count":"0","voter_count":"6038","total_valid_vote":"0","results":{"millet":"0","cumhur":"0","akp":"0","mhp":"0","hudapar":"0","vatan":"0","hdp":"0","iyi":"0","chp":"0","sp":"0","updated_at":"2018-06-24 23:32:24"}},{"id":"294","name":"HOZAT","box_count":"32","open_box_count":"0","voter_count":"4500","total_valid_vote":"0","results":{"millet":"0","cumhur":"0","akp":"0","mhp":"0","hudapar":"0","vatan":"0","hdp":"0","iyi":"0","chp":"0","sp":"0","updated_at":"2018-06-24 23:32:24"}},{"id":"411","name":"MAZG\u0130RT","box_count":"75","open_box_count":"19","voter_count":"6718","total_valid_vote":"1022","results":{"millet":"0","cumhur":"0","akp":"58","mhp":"16","hudapar":"1","vatan":"0","hdp":"719","iyi":"5","chp":"216","sp":"5","updated_at":"2018-06-24 23:32:55"}},{"id":"434","name":"NAZIM\u0130YE","box_count":"28","open_box_count":"0","voter_count":"2810","total_valid_vote":"0","results":{"millet":"0","cumhur":"0","akp":"0","mhp":"0","hudapar":"0","vatan":"0","hdp":"0","iyi":"0","chp":"0","sp":"0","updated_at":"2018-06-24 23:32:24"}},{"id":"455","name":"OVACIK","box_count":"64","open_box_count":"19","voter_count":"5406","total_valid_vote":"817","results":{"millet":"2","cumhur":"0","akp":"25","mhp":"3","hudapar":"0","vatan":"2","hdp":"489","iyi":"6","chp":"289","sp":"3","updated_at":"2018-06-24 23:32:57"}},{"id":"467","name":"PERTEK","box_count":"61","open_box_count":"18","voter_count":"8813","total_valid_vote":"1538","results":{"millet":"0","cumhur":"8","akp":"221","mhp":"135","hudapar":"0","vatan":"4","hdp":"708","iyi":"13","chp":"452","sp":"5","updated_at":"2018-06-24 23:32:57"}},{"id":"474","name":"P\u00dcL\u00dcM\u00dcR","box_count":"13","open_box_count":"0","voter_count":"3021","total_valid_vote":"0","results":{"millet":"0","cumhur":"0","akp":"0","mhp":"0","hudapar":"0","vatan":"0","hdp":"0","iyi":"0","chp":"0","sp":"0","updated_at":"2018-06-24 23:32:24"}},{"id":"581","name":"TUNCEL\u0130 MERKEZ","box_count":"121","open_box_count":"32","voter_count":"26984","total_valid_vote":"5278","results":{"millet":"4","cumhur":"8","akp":"373","mhp":"115","hudapar":"5","vatan":"2","hdp":"3560","iyi":"39","chp":"1174","sp":"8","updated_at":"2018-06-24 23:33:01"}}]],"winners":[{"firstname":"\u00d6MER FARUK","lastname":"ALTUNG\u00d6K","party":"hudapar","order":1},{"firstname":"H\u00dcSEY\u0130N","lastname":"\u00d6ZDEM\u0130R","party":"","order":2}]}