{"id":"76","name":"I\u011eDIR","box_count":"407","open_box_count":"62","voter_count":"119655","total_valid_vote":"13999","results":{"millet":"26","cumhur":"117","akp":"2959","mhp":"3703","hudapar":"32","vatan":"25","hdp":"5656","iyi":"1037","chp":"339","sp":"239","updated_at":"2018-06-24 23:33:10"},"districts":[[{"id":"41","name":"ARALIK","box_count":"48","open_box_count":"4","voter_count":"12697","total_valid_vote":"597","results":{"millet":"2","cumhur":"0","akp":"160","mhp":"77","hudapar":"1","vatan":"0","hdp":"289","iyi":"6","chp":"14","sp":"49","updated_at":"2018-06-24 23:32:28"}},{"id":"295","name":"I\u011eDIR MERKEZ","box_count":"244","open_box_count":"50","voter_count":"83206","total_valid_vote":"12494","results":{"millet":"24","cumhur":"111","akp":"2509","mhp":"3484","hudapar":"29","vatan":"25","hdp":"4945","iyi":"1003","chp":"312","sp":"179","updated_at":"2018-06-24 23:32:46"}},{"id":"585","name":"TUZLUCA","box_count":"82","open_box_count":"8","voter_count":"14757","total_valid_vote":"908","results":{"millet":"0","cumhur":"6","akp":"290","mhp":"142","hudapar":"2","vatan":"0","hdp":"422","iyi":"28","chp":"13","sp":"11","updated_at":"2018-06-24 23:33:01"}},{"id":"903","name":"KARAKOYUNLU","box_count":"33","open_box_count":"0","voter_count":"8995","total_valid_vote":"0","results":{"millet":"0","cumhur":"0","akp":"0","mhp":"0","hudapar":"0","vatan":"0","hdp":"0","iyi":"0","chp":"0","sp":"0","updated_at":"2018-06-24 23:32:24"}}]],"winners":[{"firstname":"HASAN","lastname":"G\u00dcNE\u015e","party":"akp","order":1},{"firstname":"HAMZA","lastname":"ZEREN","party":"hudapar","order":2}]}