{"id":"27","name":"GAZ\u0130ANTEP","box_count":"3699","open_box_count":"1679","voter_count":"1214503","total_valid_vote":"467275","results":{"millet":"659","cumhur":"5051","akp":"243199","mhp":"59696","hudapar":"4601","vatan":"1028","hdp":"58603","iyi":"28581","chp":"65119","sp":"5480","updated_at":"2018-06-24 23:33:10"},"districts":[[{"id":"38","name":"ARABAN","box_count":"84","open_box_count":"20","voter_count":"20271","total_valid_vote":"3932","results":{"millet":"4","cumhur":"50","akp":"2219","mhp":"647","hudapar":"20","vatan":"18","hdp":"329","iyi":"160","chp":"500","sp":"39","updated_at":"2018-06-24 23:32:28"}},{"id":"312","name":"\u0130SLAH\u0130YE","box_count":"154","open_box_count":"28","voter_count":"43348","total_valid_vote":"5935","results":{"millet":"8","cumhur":"60","akp":"3133","mhp":"608","hudapar":"24","vatan":"17","hdp":"596","iyi":"591","chp":"895","sp":"57","updated_at":"2018-06-24 23:32:48"}},{"id":"439","name":"N\u0130Z\u0130P","box_count":"306","open_box_count":"66","voter_count":"87621","total_valid_vote":"12314","results":{"millet":"16","cumhur":"134","akp":"6660","mhp":"1404","hudapar":"109","vatan":"26","hdp":"1146","iyi":"937","chp":"1863","sp":"150","updated_at":"2018-06-24 23:32:56"}},{"id":"442","name":"O\u011eUZEL\u0130","box_count":"115","open_box_count":"31","voter_count":"19461","total_valid_vote":"4638","results":{"millet":"6","cumhur":"54","akp":"2147","mhp":"1248","hudapar":"16","vatan":"8","hdp":"49","iyi":"385","chp":"730","sp":"55","updated_at":"2018-06-24 23:32:56"}},{"id":"613","name":"YAVUZEL\u0130","box_count":"59","open_box_count":"20","voter_count":"12840","total_valid_vote":"4146","results":{"millet":"1","cumhur":"13","akp":"2403","mhp":"176","hudapar":"18","vatan":"7","hdp":"438","iyi":"159","chp":"854","sp":"78","updated_at":"2018-06-24 23:33:02"}},{"id":"734","name":"\u015eAH\u0130NBEY","box_count":"1568","open_box_count":"804","voter_count":"549859","total_valid_vote":"229516","results":{"millet":"347","cumhur":"2725","akp":"117098","mhp":"31793","hudapar":"1332","vatan":"658","hdp":"26344","iyi":"14712","chp":"34226","sp":"2546","updated_at":"2018-06-24 23:33:04"}},{"id":"737","name":"\u015eEH\u0130TKAM\u0130L","box_count":"1270","open_box_count":"689","voter_count":"448736","total_valid_vote":"202509","results":{"millet":"274","cumhur":"1985","akp":"107111","mhp":"23026","hudapar":"3075","vatan":"290","hdp":"29570","iyi":"11293","chp":"25515","sp":"2514","updated_at":"2018-06-24 23:33:04"}},{"id":"849","name":"KARKAMI\u015e","box_count":"45","open_box_count":"6","voter_count":"6732","total_valid_vote":"998","results":{"millet":"2","cumhur":"1","akp":"454","mhp":"82","hudapar":"5","vatan":"0","hdp":"9","iyi":"191","chp":"227","sp":"30","updated_at":"2018-06-24 23:33:05"}},{"id":"867","name":"NURDA\u011eI","box_count":"98","open_box_count":"15","voter_count":"25635","total_valid_vote":"3287","results":{"millet":"1","cumhur":"29","akp":"1974","mhp":"712","hudapar":"2","vatan":"4","hdp":"122","iyi":"153","chp":"309","sp":"11","updated_at":"2018-06-24 23:33:06"}}]],"winners":[{"firstname":"ABDULLAH NEJAT","lastname":"KO\u00c7ER","party":"akp","order":1},{"firstname":"H\u00dcSEY\u0130N","lastname":"YAL\u00c7IN","party":"chp","order":2},{"firstname":"AL\u0130 TAH\u0130R","lastname":"EROL","party":"vatan","order":3},{"firstname":"MUSTAFA","lastname":"YAKUT","party":"sp","order":4},{"firstname":"MEHMET \u00d6MER","lastname":"ARPACIO\u011eLU","party":"iyi","order":5},{"firstname":"KAD\u0130R","lastname":"\u00dcST\u00dcNDA\u011e","party":"hudapar","order":6},{"firstname":"ARZU","lastname":"KARTAL","party":"sp","order":7},{"firstname":"SERDAR","lastname":"\u00c7EL\u0130K","party":"mhp","order":8},{"firstname":"\u0130LKER","lastname":"BAY","party":"iyi","order":9},{"firstname":"SERP\u0130L","lastname":"KAVRAK","party":"akp","order":10},{"firstname":"AHMET","lastname":"UZER","party":"akp","order":11},{"firstname":"AY\u015eEG\u00dcL","lastname":"K\u00d6RO\u011eLU","party":"mhp","order":12},{"firstname":"AL\u0130","lastname":"AYVAZ","party":"vatan","order":13},{"firstname":"MERAL","lastname":"\u00d6ZDEM\u0130R","party":"mhp","order":14}]}