{"id":"69","name":"BAYBURT","box_count":"284","open_box_count":"60","voter_count":"56099","total_valid_vote":"7834","results":{"millet":"6","cumhur":"110","akp":"4770","mhp":"2050","hudapar":"8","vatan":"4","hdp":"125","iyi":"349","chp":"315","sp":"212","updated_at":"2018-06-24 23:33:11"},"districts":[[{"id":"75","name":"BAYBURT MERKEZ","box_count":"215","open_box_count":"60","voter_count":"44886","total_valid_vote":"7834","results":{"millet":"6","cumhur":"110","akp":"4770","mhp":"2050","hudapar":"8","vatan":"4","hdp":"125","iyi":"349","chp":"315","sp":"212","updated_at":"2018-06-24 23:32:31"}},{"id":"660","name":"AYDINTEPE","box_count":"30","open_box_count":"0","voter_count":"5174","total_valid_vote":"0","results":{"millet":"0","cumhur":"0","akp":"0","mhp":"0","hudapar":"0","vatan":"0","hdp":"0","iyi":"0","chp":"0","sp":"0","updated_at":"2018-06-24 23:32:24"}},{"id":"681","name":"DEM\u0130R\u00d6Z\u00dc","box_count":"39","open_box_count":"0","voter_count":"6039","total_valid_vote":"0","results":{"millet":"0","cumhur":"0","akp":"0","mhp":"0","hudapar":"0","vatan":"0","hdp":"0","iyi":"0","chp":"0","sp":"0","updated_at":"2018-06-24 23:32:24"}}]],"winners":[{"firstname":"S\u00dcLEYMAN","lastname":"BUR\u00c7","party":"iyi","order":1}]}