{"id":"35","name":"\u0130ZM\u0130R","box_count":"9433","open_box_count":"61","voter_count":"3227032","total_valid_vote":"15844","results":{"rte":"5008","mi":"8652","tk":"106","dp":"58","ma":"1306","sd":"714","updated_at":"2018-06-24 18:17:16"},"districts":{"bir":[{"id":"149","name":"\u00c7E\u015eME","box_count":"103","open_box_count":"0","voter_count":"34017","total_valid_vote":"0","results":{"rte":"0","mi":"0","tk":"0","dp":"0","ma":"0","sd":"0","updated_at":"2018-06-24 17:50:53"}},{"id":"327","name":"KARABURUN","box_count":"34","open_box_count":"0","voter_count":"8613","total_valid_vote":"0","results":{"rte":"0","mi":"0","tk":"0","dp":"0","ma":"0","sd":"0","updated_at":"2018-06-24 17:50:53"}},{"id":"504","name":"SEFER\u0130H\u0130SAR","box_count":"101","open_box_count":"11","voter_count":"31956","total_valid_vote":"3232","results":{"rte":"819","mi":"2041","tk":"9","dp":"21","ma":"177","sd":"165","updated_at":"2018-06-24 18:17:10"}},{"id":"505","name":"SEL\u00c7UK","box_count":"91","open_box_count":"1","voter_count":"28043","total_valid_vote":"28","results":{"rte":"10","mi":"15","tk":"0","dp":"0","ma":"3","sd":"0","updated_at":"2018-06-24 18:17:10"}},{"id":"575","name":"TORBALI","box_count":"369","open_box_count":"24","voter_count":"123521","total_valid_vote":"7106","results":{"rte":"2214","mi":"3892","tk":"62","dp":"16","ma":"624","sd":"298","updated_at":"2018-06-24 18:17:11"}},{"id":"596","name":"URLA","box_count":"152","open_box_count":"0","voter_count":"49901","total_valid_vote":"0","results":{"rte":"0","mi":"0","tk":"0","dp":"0","ma":"0","sd":"0","updated_at":"2018-06-24 17:50:53"}},{"id":"673","name":"BUCA","box_count":"991","open_box_count":"0","voter_count":"359766","total_valid_vote":"0","results":{"rte":"0","mi":"0","tk":"0","dp":"0","ma":"0","sd":"0","updated_at":"2018-06-24 17:50:53"}},{"id":"712","name":"KONAK","box_count":"809","open_box_count":"2","voter_count":"278789","total_valid_vote":"241","results":{"rte":"45","mi":"15","tk":"1","dp":"0","ma":"27","sd":"153","updated_at":"2018-06-24 18:17:13"}},{"id":"719","name":"MENDERES","box_count":"204","open_box_count":"0","voter_count":"69335","total_valid_vote":"0","results":{"rte":"0","mi":"0","tk":"0","dp":"0","ma":"0","sd":"0","updated_at":"2018-06-24 17:50:53"}},{"id":"898","name":"BAL\u00c7OVA","box_count":"173","open_box_count":"0","voter_count":"60800","total_valid_vote":"0","results":{"rte":"0","mi":"0","tk":"0","dp":"0","ma":"0","sd":"0","updated_at":"2018-06-24 17:50:53"}},{"id":"901","name":"GAZ\u0130EM\u0130R","box_count":"274","open_box_count":"0","voter_count":"98438","total_valid_vote":"0","results":{"rte":"0","mi":"0","tk":"0","dp":"0","ma":"0","sd":"0","updated_at":"2018-06-24 17:50:53"}},{"id":"905","name":"NARLIDERE","box_count":"138","open_box_count":"1","voter_count":"49405","total_valid_vote":"332","results":{"rte":"45","mi":"266","tk":"2","dp":"0","ma":"12","sd":"7","updated_at":"2018-06-24 18:17:14"}},{"id":"910","name":"G\u00dcZELBAH\u00c7E","box_count":"72","open_box_count":"0","voter_count":"24133","total_valid_vote":"0","results":{"rte":"0","mi":"0","tk":"0","dp":"0","ma":"0","sd":"0","updated_at":"2018-06-24 17:50:53"}},{"id":"961","name":"KARABA\u011eLAR","box_count":"994","open_box_count":"0","voter_count":"361124","total_valid_vote":"0","results":{"rte":"0","mi":"0","tk":"0","dp":"0","ma":"0","sd":"0","updated_at":"2018-06-24 17:50:53"}}],"iki":[{"id":"28","name":"AL\u0130A\u011eA","box_count":"197","open_box_count":"0","voter_count":"64081","total_valid_vote":"0","results":{"rte":"0","mi":"0","tk":"0","dp":"0","ma":"0","sd":"0","updated_at":"2018-06-24 17:50:53"}},{"id":"77","name":"BAYINDIR","box_count":"114","open_box_count":"0","voter_count":"31185","total_valid_vote":"0","results":{"rte":"0","mi":"0","tk":"0","dp":"0","ma":"0","sd":"0","updated_at":"2018-06-24 17:50:53"}},{"id":"80","name":"BERGAMA","box_count":"299","open_box_count":"1","voter_count":"80413","total_valid_vote":"115","results":{"rte":"34","mi":"67","tk":"0","dp":"0","ma":"10","sd":"4","updated_at":"2018-06-24 18:17:03"}},{"id":"102","name":"BORNOVA","box_count":"912","open_box_count":"6","voter_count":"324126","total_valid_vote":"1458","results":{"rte":"488","mi":"833","tk":"7","dp":"1","ma":"91","sd":"38","updated_at":"2018-06-24 18:17:04"}},{"id":"178","name":"D\u0130K\u0130L\u0130","box_count":"120","open_box_count":"1","voter_count":"37982","total_valid_vote":"44","results":{"rte":"15","mi":"22","tk":"1","dp":"0","ma":"6","sd":"0","updated_at":"2018-06-24 18:17:05"}},{"id":"232","name":"FO\u00c7A","box_count":"75","open_box_count":"1","voter_count":"24236","total_valid_vote":"93","results":{"rte":"13","mi":"69","tk":"0","dp":"2","ma":"3","sd":"6","updated_at":"2018-06-24 18:17:06"}},{"id":"343","name":"KAR\u015eIYAKA","box_count":"757","open_box_count":"0","voter_count":"274303","total_valid_vote":"0","results":{"rte":"0","mi":"0","tk":"0","dp":"0","ma":"0","sd":"0","updated_at":"2018-06-24 17:50:53"}},{"id":"355","name":"KEMALPA\u015eA","box_count":"239","open_box_count":"4","voter_count":"77487","total_valid_vote":"1071","results":{"rte":"473","mi":"466","tk":"8","dp":"3","ma":"86","sd":"35","updated_at":"2018-06-24 18:17:08"}},{"id":"361","name":"KINIK","box_count":"82","open_box_count":"0","voter_count":"20770","total_valid_vote":"0","results":{"rte":"0","mi":"0","tk":"0","dp":"0","ma":"0","sd":"0","updated_at":"2018-06-24 17:50:53"}},{"id":"371","name":"K\u0130RAZ","box_count":"120","open_box_count":"8","voter_count":"33661","total_valid_vote":"1854","results":{"rte":"720","mi":"876","tk":"12","dp":"15","ma":"225","sd":"6","updated_at":"2018-06-24 18:17:08"}},{"id":"414","name":"MENEMEN","box_count":"363","open_box_count":"0","voter_count":"120496","total_valid_vote":"0","results":{"rte":"0","mi":"0","tk":"0","dp":"0","ma":"0","sd":"0","updated_at":"2018-06-24 17:50:53"}},{"id":"456","name":"\u00d6DEM\u0130\u015e","box_count":"334","open_box_count":"0","voter_count":"103101","total_valid_vote":"0","results":{"rte":"0","mi":"0","tk":"0","dp":"0","ma":"0","sd":"0","updated_at":"2018-06-24 17:50:53"}},{"id":"570","name":"T\u0130RE","box_count":"219","open_box_count":"1","voter_count":"65553","total_valid_vote":"270","results":{"rte":"132","mi":"90","tk":"4","dp":"0","ma":"42","sd":"2","updated_at":"2018-06-24 18:17:11"}},{"id":"669","name":"BEYDA\u011e","box_count":"40","open_box_count":"0","voter_count":"9972","total_valid_vote":"0","results":{"rte":"0","mi":"0","tk":"0","dp":"0","ma":"0","sd":"0","updated_at":"2018-06-24 17:50:53"}},{"id":"899","name":"\u00c7\u0130\u011eL\u0130","box_count":"402","open_box_count":"0","voter_count":"145598","total_valid_vote":"0","results":{"rte":"0","mi":"0","tk":"0","dp":"0","ma":"0","sd":"0","updated_at":"2018-06-24 17:50:53"}},{"id":"962","name":"BAYRAKLI","box_count":"655","open_box_count":"0","voter_count":"236227","total_valid_vote":"0","results":{"rte":"0","mi":"0","tk":"0","dp":"0","ma":"0","sd":"0","updated_at":"2018-06-24 17:50:53"}}]}}