{"id":"16","name":"BURSA","box_count":"6294","open_box_count":"4754","voter_count":"2147723","total_valid_vote":"1401949","results":{"rte":"747393","mi":"441972","tk":"15235","dp":"3005","ma":"118627","sd":"75717","updated_at":"2018-06-24 23:33:15"},"districts":{"bir":[{"id":"329","name":"KARACABEY","box_count":"207","open_box_count":"199","voter_count":"62453","total_valid_vote":"52645","results":{"rte":"25747","mi":"16821","tk":"652","dp":"132","ma":"7072","sd":"2221","updated_at":"2018-06-24 23:32:43"}},{"id":"428","name":"MUSTAFAKEMALPA\u015eA","box_count":"280","open_box_count":"268","voter_count":"77783","total_valid_vote":"66783","results":{"rte":"35856","mi":"19001","tk":"578","dp":"150","ma":"10547","sd":"651","updated_at":"2018-06-24 23:32:51"}},{"id":"446","name":"ORHANEL\u0130","box_count":"83","open_box_count":"82","voter_count":"15471","total_valid_vote":"13481","results":{"rte":"8620","mi":"2591","tk":"258","dp":"63","ma":"1894","sd":"55","updated_at":"2018-06-24 23:32:54"}},{"id":"676","name":"B\u00dcY\u00dcKORHAN","box_count":"49","open_box_count":"47","voter_count":"8053","total_valid_vote":"6594","results":{"rte":"4987","mi":"951","tk":"91","dp":"26","ma":"498","sd":"41","updated_at":"2018-06-24 23:33:02"}},{"id":"722","name":"N\u0130L\u00dcFER","box_count":"844","open_box_count":"742","voter_count":"305737","total_valid_vote":"240687","results":{"rte":"96908","mi":"106309","tk":"1976","dp":"542","ma":"18841","sd":"16111","updated_at":"2018-06-24 23:33:03"}},{"id":"725","name":"OSMANGAZ\u0130","box_count":"1754","open_box_count":"1081","voter_count":"631230","total_valid_vote":"338251","results":{"rte":"190961","mi":"108124","tk":"3088","dp":"660","ma":"27178","sd":"8240","updated_at":"2018-06-24 23:33:03"}}],"iki":[{"id":"240","name":"GEML\u0130K","box_count":"236","open_box_count":"221","voter_count":"82166","total_valid_vote":"66691","results":{"rte":"31430","mi":"26052","tk":"935","dp":"168","ma":"5059","sd":"3047","updated_at":"2018-06-24 23:32:38"}},{"id":"308","name":"\u0130NEG\u00d6L","box_count":"546","open_box_count":"455","voter_count":"180497","total_valid_vote":"133596","results":{"rte":"93745","mi":"23401","tk":"2482","dp":"282","ma":"6717","sd":"6969","updated_at":"2018-06-24 23:32:42"}},{"id":"315","name":"\u0130ZN\u0130K","box_count":"117","open_box_count":"116","voter_count":"33953","total_valid_vote":"29908","results":{"rte":"15404","mi":"9789","tk":"420","dp":"63","ma":"4040","sd":"192","updated_at":"2018-06-24 23:32:42"}},{"id":"351","name":"KELES","box_count":"47","open_box_count":"47","voter_count":"9943","total_valid_vote":"8728","results":{"rte":"6136","mi":"1456","tk":"113","dp":"21","ma":"974","sd":"28","updated_at":"2018-06-24 23:32:45"}},{"id":"423","name":"MUDANYA","box_count":"212","open_box_count":"192","voter_count":"72126","total_valid_vote":"57929","results":{"rte":"22873","mi":"28668","tk":"341","dp":"169","ma":"5257","sd":"621","updated_at":"2018-06-24 23:32:51"}},{"id":"447","name":"ORHANGAZ\u0130","box_count":"181","open_box_count":"174","voter_count":"59365","total_valid_vote":"50858","results":{"rte":"26403","mi":"18592","tk":"643","dp":"152","ma":"4354","sd":"714","updated_at":"2018-06-24 23:32:54"}},{"id":"618","name":"YEN\u0130\u015eEH\u0130R","box_count":"146","open_box_count":"146","voter_count":"40452","total_valid_vote":"35613","results":{"rte":"18414","mi":"10037","tk":"390","dp":"59","ma":"4002","sd":"2711","updated_at":"2018-06-24 23:33:00"}},{"id":"692","name":"HARMANCIK","box_count":"41","open_box_count":"41","voter_count":"5350","total_valid_vote":"4580","results":{"rte":"3061","mi":"888","tk":"85","dp":"17","ma":"503","sd":"26","updated_at":"2018-06-24 23:33:02"}},{"id":"752","name":"YILDIRIM","box_count":"1252","open_box_count":"674","voter_count":"460007","total_valid_vote":"214766","results":{"rte":"115615","mi":"49465","tk":"2241","dp":"386","ma":"15790","sd":"31269","updated_at":"2018-06-24 23:33:04"}},{"id":"828","name":"G\u00dcRSU","box_count":"160","open_box_count":"141","voter_count":"57521","total_valid_vote":"43626","results":{"rte":"30437","mi":"7938","tk":"523","dp":"64","ma":"3005","sd":"1659","updated_at":"2018-06-24 23:33:07"}},{"id":"853","name":"KESTEL","box_count":"139","open_box_count":"128","voter_count":"45616","total_valid_vote":"37213","results":{"rte":"20796","mi":"11889","tk":"419","dp":"51","ma":"2896","sd":"1162","updated_at":"2018-06-24 23:33:08"}}]}}