{"id":"74","name":"BARTIN","box_count":"555","open_box_count":"498","voter_count":"146888","total_valid_vote":"110417","results":{"rte":"66057","mi":"34110","tk":"1716","dp":"393","ma":"7535","sd":"606","updated_at":"2018-06-24 23:33:14"},"districts":[[{"id":"71","name":"BARTIN MERKEZ","box_count":"371","open_box_count":"339","voter_count":"112331","total_valid_vote":"85531","results":{"rte":"51303","mi":"26246","tk":"1356","dp":"264","ma":"5888","sd":"474","updated_at":"2018-06-24 23:32:21"}},{"id":"389","name":"KURUCA\u015e\u0130LE","box_count":"34","open_box_count":"18","voter_count":"5335","total_valid_vote":"2309","results":{"rte":"1273","mi":"802","tk":"37","dp":"10","ma":"177","sd":"10","updated_at":"2018-06-24 23:32:48"}},{"id":"594","name":"ULUS","box_count":"100","open_box_count":"97","voter_count":"17763","total_valid_vote":"14203","results":{"rte":"9841","mi":"3160","tk":"218","dp":"82","ma":"827","sd":"75","updated_at":"2018-06-24 23:32:59"}},{"id":"654","name":"AMASRA","box_count":"50","open_box_count":"44","voter_count":"11459","total_valid_vote":"8374","results":{"rte":"3640","mi":"3902","tk":"105","dp":"37","ma":"643","sd":"47","updated_at":"2018-06-24 23:33:01"}}]]}