{"id":"45","name":"MAN\u0130SA","box_count":"3424","open_box_count":"3013","voter_count":"1044628","total_valid_vote":"809463","results":{"rte":"392373","mi":"280537","tk":"4940","dp":"1962","ma":"90063","sd":"39588","updated_at":"2018-06-24 23:33:13"},"districts":[[{"id":"18","name":"AKH\u0130SAR","box_count":"409","open_box_count":"400","voter_count":"130082","total_valid_vote":"113062","results":{"rte":"51555","mi":"48061","tk":"751","dp":"327","ma":"10413","sd":"1955","updated_at":"2018-06-24 23:32:16"}},{"id":"27","name":"ALA\u015eEH\u0130R","box_count":"256","open_box_count":"170","voter_count":"75827","total_valid_vote":"43834","results":{"rte":"18934","mi":"16517","tk":"300","dp":"124","ma":"6000","sd":"1959","updated_at":"2018-06-24 23:32:17"}},{"id":"167","name":"DEM\u0130RC\u0130","box_count":"135","open_box_count":"131","voter_count":"30266","total_valid_vote":"25884","results":{"rte":"17592","mi":"4689","tk":"304","dp":"61","ma":"3144","sd":"94","updated_at":"2018-06-24 23:32:31"}},{"id":"259","name":"G\u00d6RDES","box_count":"95","open_box_count":"95","voter_count":"22759","total_valid_vote":"20063","results":{"rte":"12554","mi":"4518","tk":"143","dp":"87","ma":"2666","sd":"95","updated_at":"2018-06-24 23:32:40"}},{"id":"364","name":"KIRKA\u011eA\u00c7","box_count":"103","open_box_count":"97","voter_count":"29256","total_valid_vote":"24369","results":{"rte":"16061","mi":"5442","tk":"227","dp":"51","ma":"2455","sd":"133","updated_at":"2018-06-24 23:32:46"}},{"id":"382","name":"KULA","box_count":"135","open_box_count":"135","voter_count":"34703","total_valid_vote":"30469","results":{"rte":"17280","mi":"8245","tk":"167","dp":"101","ma":"4479","sd":"197","updated_at":"2018-06-24 23:32:47"}},{"id":"483","name":"SAL\u0130HL\u0130","box_count":"386","open_box_count":"356","voter_count":"123901","total_valid_vote":"100255","results":{"rte":"39281","mi":"42394","tk":"381","dp":"225","ma":"12130","sd":"5844","updated_at":"2018-06-24 23:32:56"}},{"id":"493","name":"SARIG\u00d6L","box_count":"93","open_box_count":"90","voter_count":"28394","total_valid_vote":"24109","results":{"rte":"8331","mi":"10445","tk":"85","dp":"90","ma":"4544","sd":"614","updated_at":"2018-06-24 23:32:56"}},{"id":"499","name":"SARUHANLI","box_count":"138","open_box_count":"134","voter_count":"41904","total_valid_vote":"36925","results":{"rte":"15783","mi":"14322","tk":"178","dp":"76","ma":"4229","sd":"2337","updated_at":"2018-06-24 23:32:56"}},{"id":"506","name":"SELEND\u0130","box_count":"82","open_box_count":"80","voter_count":"16025","total_valid_vote":"13486","results":{"rte":"8307","mi":"3294","tk":"80","dp":"53","ma":"1665","sd":"87","updated_at":"2018-06-24 23:32:56"}},{"id":"527","name":"SOMA","box_count":"268","open_box_count":"256","voter_count":"79850","total_valid_vote":"69681","results":{"rte":"39638","mi":"21557","tk":"578","dp":"176","ma":"6837","sd":"895","updated_at":"2018-06-24 23:32:57"}},{"id":"582","name":"TURGUTLU","box_count":"342","open_box_count":"313","voter_count":"116822","total_valid_vote":"94396","results":{"rte":"45566","mi":"28426","tk":"592","dp":"158","ma":"10079","sd":"9575","updated_at":"2018-06-24 23:32:59"}},{"id":"644","name":"AHMETL\u0130","box_count":"46","open_box_count":"39","voter_count":"12678","total_valid_vote":"9330","results":{"rte":"4293","mi":"2520","tk":"47","dp":"23","ma":"999","sd":"1448","updated_at":"2018-06-24 23:33:01"}},{"id":"686","name":"G\u00d6LMARMARA","box_count":"42","open_box_count":"41","voter_count":"11333","total_valid_vote":"9907","results":{"rte":"3921","mi":"3537","tk":"37","dp":"22","ma":"704","sd":"1686","updated_at":"2018-06-24 23:33:02"}},{"id":"858","name":"K\u00d6PR\u00dcBA\u015eI","box_count":"62","open_box_count":"61","voter_count":"10867","total_valid_vote":"9387","results":{"rte":"4992","mi":"2660","tk":"49","dp":"41","ma":"1597","sd":"48","updated_at":"2018-06-24 23:33:08"}},{"id":"1037","name":"\u015eEHZADELER","box_count":"355","open_box_count":"346","voter_count":"120239","total_valid_vote":"104162","results":{"rte":"50063","mi":"36059","tk":"594","dp":"182","ma":"10473","sd":"6791","updated_at":"2018-06-24 23:33:12"}},{"id":"1038","name":"YUNUSEMRE","box_count":"477","open_box_count":"269","voter_count":"159722","total_valid_vote":"80144","results":{"rte":"38222","mi":"27851","tk":"427","dp":"165","ma":"7649","sd":"5830","updated_at":"2018-06-24 23:33:12"}}]]}