{"id":"31","name":"HATAY","box_count":"3115","open_box_count":"2816","voter_count":"1041076","total_valid_vote":"819848","results":{"rte":"385674","mi":"353000","tk":"4904","dp":"1199","ma":"46171","sd":"28900","updated_at":"2018-06-24 23:33:14"},"districts":[[{"id":"31","name":"ALTIN\u00d6Z\u00dc","box_count":"123","open_box_count":"117","voter_count":"35942","total_valid_vote":"29538","results":{"rte":"24107","mi":"4165","tk":"150","dp":"45","ma":"945","sd":"126","updated_at":"2018-06-24 23:32:17"}},{"id":"187","name":"D\u00d6RTYOL","box_count":"239","open_box_count":"237","voter_count":"82689","total_valid_vote":"70410","results":{"rte":"38510","mi":"17778","tk":"751","dp":"99","ma":"7838","sd":"5434","updated_at":"2018-06-24 23:32:33"}},{"id":"279","name":"HASSA","box_count":"121","open_box_count":"121","voter_count":"36231","total_valid_vote":"30997","results":{"rte":"22856","mi":"3840","tk":"407","dp":"47","ma":"3710","sd":"137","updated_at":"2018-06-24 23:32:41"}},{"id":"310","name":"\u0130SKENDERUN","box_count":"482","open_box_count":"382","voter_count":"171301","total_valid_vote":"118110","results":{"rte":"53784","mi":"41554","tk":"685","dp":"202","ma":"8263","sd":"13622","updated_at":"2018-06-24 23:32:42"}},{"id":"362","name":"KIRIKHAN","box_count":"234","open_box_count":"204","voter_count":"73575","total_valid_vote":"54755","results":{"rte":"41958","mi":"8184","tk":"349","dp":"70","ma":"3753","sd":"441","updated_at":"2018-06-24 23:32:46"}},{"id":"478","name":"REYHANLI","box_count":"173","open_box_count":"85","voter_count":"54641","total_valid_vote":"21344","results":{"rte":"16503","mi":"3489","tk":"147","dp":"58","ma":"1011","sd":"136","updated_at":"2018-06-24 23:32:56"}},{"id":"484","name":"SAMANDA\u011e","box_count":"236","open_box_count":"227","voter_count":"80101","total_valid_vote":"66985","results":{"rte":"5360","mi":"59483","tk":"53","dp":"124","ma":"928","sd":"1037","updated_at":"2018-06-24 23:32:56"}},{"id":"614","name":"YAYLADA\u011eI","box_count":"73","open_box_count":"76","voter_count":"18190","total_valid_vote":"16465","results":{"rte":"12104","mi":"3161","tk":"120","dp":"29","ma":"973","sd":"78","updated_at":"2018-06-24 23:33:00"}},{"id":"685","name":"ERZ\u0130N","box_count":"88","open_box_count":"88","voter_count":"28605","total_valid_vote":"24614","results":{"rte":"11224","mi":"7569","tk":"201","dp":"43","ma":"2628","sd":"2949","updated_at":"2018-06-24 23:33:02"}},{"id":"780","name":"BELEN","box_count":"70","open_box_count":"66","voter_count":"23018","total_valid_vote":"19580","results":{"rte":"12362","mi":"4682","tk":"185","dp":"36","ma":"2197","sd":"118","updated_at":"2018-06-24 23:33:05"}},{"id":"863","name":"KUMLU","box_count":"30","open_box_count":"29","voter_count":"8090","total_valid_vote":"6712","results":{"rte":"4728","mi":"1473","tk":"47","dp":"10","ma":"433","sd":"21","updated_at":"2018-06-24 23:33:08"}},{"id":"1031","name":"ANTAKYA","box_count":"683","open_box_count":"621","voter_count":"236374","total_valid_vote":"189826","results":{"rte":"105779","mi":"72784","tk":"1271","dp":"183","ma":"8573","sd":"1236","updated_at":"2018-06-24 23:33:12"}},{"id":"1032","name":"DEFNE","box_count":"302","open_box_count":"301","voter_count":"104137","total_valid_vote":"92675","results":{"rte":"8910","mi":"81054","tk":"91","dp":"119","ma":"1053","sd":"1448","updated_at":"2018-06-24 23:33:12"}},{"id":"1033","name":"ARSUZ","box_count":"181","open_box_count":"183","voter_count":"60827","total_valid_vote":"54003","results":{"rte":"12905","mi":"38359","tk":"99","dp":"93","ma":"1865","sd":"682","updated_at":"2018-06-24 23:33:12"}},{"id":"1034","name":"PAYAS","box_count":"80","open_box_count":"79","voter_count":"27355","total_valid_vote":"23834","results":{"rte":"14584","mi":"5425","tk":"348","dp":"41","ma":"2001","sd":"1435","updated_at":"2018-06-24 23:33:12"}}]]}