{"id":"70","name":"KARAMAN","box_count":"625","open_box_count":"569","voter_count":"173500","total_valid_vote":"139416","results":{"rte":"92277","mi":"27611","tk":"1744","dp":"335","ma":"16608","sd":"841","updated_at":"2018-06-24 23:33:15"},"districts":[[{"id":"214","name":"ERMENEK","box_count":"91","open_box_count":"84","voter_count":"21208","total_valid_vote":"15651","results":{"rte":"8469","mi":"3775","tk":"134","dp":"74","ma":"3118","sd":"81","updated_at":"2018-06-24 23:32:35"}},{"id":"334","name":"KARAMAN MERKEZ","box_count":"437","open_box_count":"410","voter_count":"131427","total_valid_vote":"109977","results":{"rte":"75852","mi":"20287","tk":"1519","dp":"213","ma":"11421","sd":"685","updated_at":"2018-06-24 23:32:43"}},{"id":"661","name":"AYRANCI","box_count":"34","open_box_count":"22","voter_count":"6484","total_valid_vote":"3685","results":{"rte":"2086","mi":"1088","tk":"24","dp":"5","ma":"466","sd":"16","updated_at":"2018-06-24 23:33:01"}},{"id":"755","name":"KAZIMKARABEK\u0130R","box_count":"14","open_box_count":"13","voter_count":"3016","total_valid_vote":"2362","results":{"rte":"1734","mi":"340","tk":"23","dp":"4","ma":"252","sd":"9","updated_at":"2018-06-24 23:33:04"}},{"id":"777","name":"BA\u015eYAYLA","box_count":"13","open_box_count":"4","voter_count":"2756","total_valid_vote":"718","results":{"rte":"591","mi":"42","tk":"5","dp":"3","ma":"76","sd":"1","updated_at":"2018-06-24 23:33:05"}},{"id":"876","name":"SARIVEL\u0130LER","box_count":"36","open_box_count":"36","voter_count":"8609","total_valid_vote":"7023","results":{"rte":"3545","mi":"2079","tk":"39","dp":"36","ma":"1275","sd":"49","updated_at":"2018-06-24 23:33:08"}}]]}