{"id":"54","name":"SAKARYA","box_count":"2235","open_box_count":"1842","voter_count":"705270","total_valid_vote":"511440","results":{"rte":"360511","mi":"97751","tk":"7256","dp":"835","ma":"36594","sd":"8493","updated_at":"2018-06-24 23:33:13"},"districts":[[{"id":"23","name":"AKYAZI","box_count":"202","open_box_count":"172","voter_count":"63513","total_valid_vote":"48521","results":{"rte":"39844","mi":"5515","tk":"783","dp":"66","ma":"2166","sd":"147","updated_at":"2018-06-24 23:32:16"}},{"id":"248","name":"GEYVE","box_count":"144","open_box_count":"136","voter_count":"35671","total_valid_vote":"30028","results":{"rte":"21274","mi":"5041","tk":"426","dp":"67","ma":"2912","sd":"308","updated_at":"2018-06-24 23:32:39"}},{"id":"288","name":"HENDEK","box_count":"203","open_box_count":"137","voter_count":"58085","total_valid_vote":"36471","results":{"rte":"26249","mi":"6134","tk":"327","dp":"75","ma":"3163","sd":"523","updated_at":"2018-06-24 23:32:41"}},{"id":"337","name":"KARASU","box_count":"145","open_box_count":"129","voter_count":"46447","total_valid_vote":"35302","results":{"rte":"24809","mi":"7181","tk":"445","dp":"71","ma":"2312","sd":"484","updated_at":"2018-06-24 23:32:43"}},{"id":"348","name":"KAYNARCA","box_count":"73","open_box_count":"63","voter_count":"17656","total_valid_vote":"13785","results":{"rte":"11112","mi":"1691","tk":"169","dp":"22","ma":"750","sd":"41","updated_at":"2018-06-24 23:32:44"}},{"id":"488","name":"SAPANCA","box_count":"97","open_box_count":"95","voter_count":"29607","total_valid_vote":"26085","results":{"rte":"16932","mi":"6521","tk":"461","dp":"42","ma":"1540","sd":"589","updated_at":"2018-06-24 23:32:56"}},{"id":"711","name":"KOCAAL\u0130","box_count":"63","open_box_count":"56","voter_count":"16665","total_valid_vote":"13151","results":{"rte":"9468","mi":"2185","tk":"336","dp":"21","ma":"1059","sd":"82","updated_at":"2018-06-24 23:33:03"}},{"id":"726","name":"PAMUKOVA","box_count":"78","open_box_count":"75","voter_count":"21363","total_valid_vote":"18035","results":{"rte":"12978","mi":"3190","tk":"226","dp":"27","ma":"1557","sd":"57","updated_at":"2018-06-24 23:33:04"}},{"id":"740","name":"TARAKLI","box_count":"28","open_box_count":"26","voter_count":"5195","total_valid_vote":"4230","results":{"rte":"3299","mi":"479","tk":"75","dp":"10","ma":"358","sd":"9","updated_at":"2018-06-24 23:33:04"}},{"id":"818","name":"FER\u0130ZL\u0130","box_count":"63","open_box_count":"64","voter_count":"18451","total_valid_vote":"16318","results":{"rte":"12037","mi":"2705","tk":"185","dp":"27","ma":"1291","sd":"73","updated_at":"2018-06-24 23:33:07"}},{"id":"848","name":"KARAP\u00dcR\u00c7EK","box_count":"29","open_box_count":"28","voter_count":"8988","total_valid_vote":"7709","results":{"rte":"6213","mi":"935","tk":"219","dp":"9","ma":"293","sd":"40","updated_at":"2018-06-24 23:33:07"}},{"id":"879","name":"S\u00d6\u011e\u00dcTL\u00dc","box_count":"40","open_box_count":"32","voter_count":"10882","total_valid_vote":"7624","results":{"rte":"5163","mi":"1725","tk":"66","dp":"15","ma":"638","sd":"17","updated_at":"2018-06-24 23:33:09"}},{"id":"1004","name":"ADAPAZARI","box_count":"551","open_box_count":"435","voter_count":"192628","total_valid_vote":"133652","results":{"rte":"87231","mi":"31023","tk":"1839","dp":"224","ma":"9945","sd":"3390","updated_at":"2018-06-24 23:33:11"}},{"id":"1005","name":"AR\u0130F\u0130YE","box_count":"91","open_box_count":"87","voter_count":"29476","total_valid_vote":"25286","results":{"rte":"18604","mi":"3770","tk":"345","dp":"31","ma":"1537","sd":"999","updated_at":"2018-06-24 23:33:11"}},{"id":"1006","name":"ERENLER","box_count":"178","open_box_count":"151","voter_count":"60970","total_valid_vote":"46550","results":{"rte":"34837","mi":"7245","tk":"650","dp":"51","ma":"2852","sd":"915","updated_at":"2018-06-24 23:33:11"}},{"id":"1007","name":"SERD\u0130VAN","box_count":"250","open_box_count":"156","voter_count":"89673","total_valid_vote":"48693","results":{"rte":"30461","mi":"12411","tk":"704","dp":"77","ma":"4221","sd":"819","updated_at":"2018-06-24 23:33:11"}}]]}