{"id":"59","name":"TEK\u0130RDA\u011e","box_count":"2164","open_box_count":"2083","voter_count":"736589","total_valid_vote":"617682","results":{"rte":"244300","mi":"257106","tk":"2892","dp":"1290","ma":"47225","sd":"64869","updated_at":"2018-06-24 23:33:15"},"districts":[[{"id":"148","name":"\u00c7ERKEZK\u00d6Y","box_count":"294","open_box_count":"292","voter_count":"107385","total_valid_vote":"91727","results":{"rte":"41246","mi":"20259","tk":"577","dp":"151","ma":"6384","sd":"23110","updated_at":"2018-06-24 23:32:29"}},{"id":"156","name":"\u00c7ORLU","box_count":"515","open_box_count":"489","voter_count":"187789","total_valid_vote":"156129","results":{"rte":"61101","mi":"65300","tk":"631","dp":"337","ma":"8954","sd":"19806","updated_at":"2018-06-24 23:32:30"}},{"id":"285","name":"HAYRABOLU","box_count":"98","open_box_count":"94","voter_count":"25143","total_valid_vote":"21028","results":{"rte":"7553","mi":"10430","tk":"61","dp":"67","ma":"2799","sd":"118","updated_at":"2018-06-24 23:32:41"}},{"id":"404","name":"MALKARA","box_count":"154","open_box_count":"151","voter_count":"41622","total_valid_vote":"35655","results":{"rte":"14261","mi":"16452","tk":"159","dp":"101","ma":"4460","sd":"222","updated_at":"2018-06-24 23:32:49"}},{"id":"431","name":"MURATLI","box_count":"70","open_box_count":"70","voter_count":"21762","total_valid_vote":"19461","results":{"rte":"6056","mi":"11331","tk":"60","dp":"52","ma":"1581","sd":"381","updated_at":"2018-06-24 23:32:51"}},{"id":"489","name":"SARAY","box_count":"112","open_box_count":"109","voter_count":"37843","total_valid_vote":"32751","results":{"rte":"10328","mi":"18860","tk":"197","dp":"77","ma":"2720","sd":"569","updated_at":"2018-06-24 23:32:56"}},{"id":"545","name":"\u015eARK\u00d6Y","box_count":"89","open_box_count":"85","voter_count":"26742","total_valid_vote":"21732","results":{"rte":"7544","mi":"11938","tk":"45","dp":"80","ma":"1632","sd":"493","updated_at":"2018-06-24 23:32:58"}},{"id":"718","name":"MARMARAERE\u011eL\u0130S\u0130","box_count":"55","open_box_count":"54","voter_count":"18855","total_valid_vote":"15870","results":{"rte":"6002","mi":"6547","tk":"59","dp":"34","ma":"1094","sd":"2134","updated_at":"2018-06-24 23:33:03"}},{"id":"1050","name":"S\u00dcLEYMANPA\u015eA","box_count":"437","open_box_count":"411","voter_count":"146503","total_valid_vote":"119748","results":{"rte":"45619","mi":"59504","tk":"653","dp":"243","ma":"11216","sd":"2513","updated_at":"2018-06-24 23:33:12"}},{"id":"1051","name":"KAPAKLI","box_count":"211","open_box_count":"207","voter_count":"77415","total_valid_vote":"65685","results":{"rte":"30560","mi":"18998","tk":"327","dp":"76","ma":"3463","sd":"12261","updated_at":"2018-06-24 23:33:12"}},{"id":"1052","name":"ERGENE","box_count":"129","open_box_count":"121","voter_count":"45530","total_valid_vote":"37896","results":{"rte":"14030","mi":"17487","tk":"123","dp":"72","ma":"2922","sd":"3262","updated_at":"2018-06-24 23:33:12"}}]]}