{"id":"47","name":"MARD\u0130N","box_count":"1630","open_box_count":"945","voter_count":"470545","total_valid_vote":"219277","results":{"rte":"62979","mi":"10353","tk":"1311","dp":"152","ma":"27771","sd":"116711","updated_at":"2018-06-24 23:33:15"},"districts":[[{"id":"171","name":"DER\u0130K","box_count":"130","open_box_count":"58","voter_count":"34218","total_valid_vote":"11608","results":{"rte":"1502","mi":"305","tk":"38","dp":"2","ma":"1284","sd":"8477","updated_at":"2018-06-24 23:32:31"}},{"id":"368","name":"KIZILTEPE","box_count":"473","open_box_count":"272","voter_count":"141228","total_valid_vote":"68297","results":{"rte":"12179","mi":"3394","tk":"291","dp":"32","ma":"6264","sd":"46137","updated_at":"2018-06-24 23:32:46"}},{"id":"412","name":"MAZIDA\u011eI","box_count":"80","open_box_count":"73","voter_count":"19854","total_valid_vote":"15459","results":{"rte":"2365","mi":"461","tk":"75","dp":"14","ma":"4583","sd":"7961","updated_at":"2018-06-24 23:32:50"}},{"id":"419","name":"M\u0130DYAT","box_count":"223","open_box_count":"112","voter_count":"65389","total_valid_vote":"23918","results":{"rte":"13431","mi":"1406","tk":"262","dp":"33","ma":"386","sd":"8400","updated_at":"2018-06-24 23:32:50"}},{"id":"440","name":"NUSAYB\u0130N","box_count":"194","open_box_count":"120","voter_count":"60788","total_valid_vote":"31901","results":{"rte":"3434","mi":"672","tk":"98","dp":"17","ma":"11930","sd":"15750","updated_at":"2018-06-24 23:32:53"}},{"id":"457","name":"\u00d6MERL\u0130","box_count":"49","open_box_count":"49","voter_count":"8637","total_valid_vote":"7127","results":{"rte":"2701","mi":"289","tk":"40","dp":"6","ma":"697","sd":"3394","updated_at":"2018-06-24 23:32:55"}},{"id":"502","name":"SAVUR","box_count":"65","open_box_count":"38","voter_count":"15844","total_valid_vote":"6900","results":{"rte":"3789","mi":"386","tk":"20","dp":"5","ma":"99","sd":"2601","updated_at":"2018-06-24 23:32:56"}},{"id":"680","name":"DARGE\u00c7\u0130T","box_count":"58","open_box_count":"52","voter_count":"15690","total_valid_vote":"11590","results":{"rte":"2937","mi":"365","tk":"71","dp":"13","ma":"278","sd":"7926","updated_at":"2018-06-24 23:33:02"}},{"id":"894","name":"YE\u015e\u0130LL\u0130","box_count":"32","open_box_count":"27","voter_count":"8444","total_valid_vote":"5998","results":{"rte":"1696","mi":"153","tk":"49","dp":"6","ma":"548","sd":"3546","updated_at":"2018-06-24 23:33:09"}},{"id":"1040","name":"ARTUKLU","box_count":"326","open_box_count":"144","voter_count":"100453","total_valid_vote":"36479","results":{"rte":"18945","mi":"2922","tk":"367","dp":"24","ma":"1702","sd":"12519","updated_at":"2018-06-24 23:33:12"}}]]}