{"id":"78","name":"KARAB\u00dcK","box_count":"709","open_box_count":"674","voter_count":"175500","total_valid_vote":"141755","results":{"rte":"92444","mi":"33121","tk":"1885","dp":"403","ma":"13268","sd":"634","updated_at":"2018-06-24 23:33:15"},"districts":[[{"id":"194","name":"EFLAN\u0130","box_count":"62","open_box_count":"55","voter_count":"6967","total_valid_vote":"5095","results":{"rte":"3767","mi":"710","tk":"70","dp":"21","ma":"502","sd":"25","updated_at":"2018-06-24 23:32:33"}},{"id":"219","name":"ESK\u0130PAZAR","box_count":"65","open_box_count":"64","voter_count":"9966","total_valid_vote":"8044","results":{"rte":"6064","mi":"1030","tk":"140","dp":"26","ma":"756","sd":"28","updated_at":"2018-06-24 23:32:36"}},{"id":"328","name":"KARAB\u00dcK MERKEZ","box_count":"280","open_box_count":"266","voter_count":"91193","total_valid_vote":"73362","results":{"rte":"49226","mi":"16295","tk":"954","dp":"190","ma":"6361","sd":"336","updated_at":"2018-06-24 23:32:43"}},{"id":"454","name":"OVACIK","box_count":"44","open_box_count":"42","voter_count":"2991","total_valid_vote":"2523","results":{"rte":"1720","mi":"474","tk":"22","dp":"14","ma":"287","sd":"6","updated_at":"2018-06-24 23:32:55"}},{"id":"480","name":"SAFRANBOLU","box_count":"184","open_box_count":"174","voter_count":"47753","total_valid_vote":"39000","results":{"rte":"23332","mi":"11096","tk":"528","dp":"81","ma":"3777","sd":"186","updated_at":"2018-06-24 23:32:56"}},{"id":"749","name":"YEN\u0130CE","box_count":"74","open_box_count":"73","voter_count":"16630","total_valid_vote":"13731","results":{"rte":"8335","mi":"3516","tk":"171","dp":"71","ma":"1585","sd":"53","updated_at":"2018-06-24 23:33:04"}}]]}