{"id":"43","name":"K\u00dcTAHYA","box_count":"1592","open_box_count":"1137","voter_count":"422116","total_valid_vote":"267335","results":{"rte":"190110","mi":"44656","tk":"3594","dp":"509","ma":"27629","sd":"837","updated_at":"2018-06-24 23:33:14"},"districts":[[{"id":"32","name":"ALTINTA\u015e","box_count":"52","open_box_count":"50","voter_count":"12447","total_valid_vote":"10181","results":{"rte":"7602","mi":"1453","tk":"105","dp":"19","ma":"969","sd":"33","updated_at":"2018-06-24 23:32:17"}},{"id":"186","name":"DOMAN\u0130\u00c7","box_count":"53","open_box_count":"50","voter_count":"11945","total_valid_vote":"10033","results":{"rte":"6787","mi":"1738","tk":"160","dp":"22","ma":"1288","sd":"38","updated_at":"2018-06-24 23:32:33"}},{"id":"202","name":"EMET","box_count":"70","open_box_count":"70","voter_count":"15888","total_valid_vote":"14053","results":{"rte":"10649","mi":"1734","tk":"332","dp":"32","ma":"1272","sd":"34","updated_at":"2018-06-24 23:32:34"}},{"id":"236","name":"GED\u0130Z","box_count":"154","open_box_count":"128","voter_count":"38202","total_valid_vote":"27861","results":{"rte":"19309","mi":"3983","tk":"196","dp":"48","ma":"4285","sd":"40","updated_at":"2018-06-24 23:32:37"}},{"id":"393","name":"K\u00dcTAHYA MERKEZ","box_count":"596","open_box_count":"354","voter_count":"181076","total_valid_vote":"99770","results":{"rte":"70047","mi":"19206","tk":"1472","dp":"147","ma":"8531","sd":"367","updated_at":"2018-06-24 23:32:48"}},{"id":"518","name":"S\u0130MAV","box_count":"209","open_box_count":"146","voter_count":"50435","total_valid_vote":"30985","results":{"rte":"21108","mi":"5698","tk":"277","dp":"87","ma":"3725","sd":"90","updated_at":"2018-06-24 23:32:57"}},{"id":"564","name":"TAV\u015eANLI","box_count":"285","open_box_count":"204","voter_count":"77636","total_valid_vote":"50932","results":{"rte":"37569","mi":"7431","tk":"809","dp":"80","ma":"4863","sd":"180","updated_at":"2018-06-24 23:32:58"}},{"id":"657","name":"ASLANAPA","box_count":"39","open_box_count":"19","voter_count":"7501","total_valid_vote":"2794","results":{"rte":"2379","mi":"162","tk":"26","dp":"4","ma":"221","sd":"2","updated_at":"2018-06-24 23:33:01"}},{"id":"683","name":"DUMLUPINAR","box_count":"14","open_box_count":"12","voter_count":"2419","total_valid_vote":"1725","results":{"rte":"1105","mi":"468","tk":"13","dp":"4","ma":"132","sd":"3","updated_at":"2018-06-24 23:33:02"}},{"id":"695","name":"H\u0130SARCIK","box_count":"44","open_box_count":"44","voter_count":"9808","total_valid_vote":"8545","results":{"rte":"6245","mi":"935","tk":"76","dp":"28","ma":"1243","sd":"18","updated_at":"2018-06-24 23:33:03"}},{"id":"736","name":"\u015eAPHANE","box_count":"25","open_box_count":"20","voter_count":"5133","total_valid_vote":"3671","results":{"rte":"2515","mi":"748","tk":"37","dp":"9","ma":"349","sd":"13","updated_at":"2018-06-24 23:33:04"}},{"id":"791","name":"\u00c7AVDARH\u0130SAR","box_count":"31","open_box_count":"22","voter_count":"5460","total_valid_vote":"3623","results":{"rte":"2496","mi":"651","tk":"62","dp":"20","ma":"382","sd":"12","updated_at":"2018-06-24 23:33:06"}},{"id":"872","name":"PAZARLAR","box_count":"20","open_box_count":"18","voter_count":"4166","total_valid_vote":"3162","results":{"rte":"2299","mi":"449","tk":"29","dp":"9","ma":"369","sd":"7","updated_at":"2018-06-24 23:33:08"}}]]}