{"id":"28","name":"G\u0130RESUN","box_count":"1300","open_box_count":"780","voter_count":"334305","total_valid_vote":"154244","results":{"rte":"102091","mi":"36893","tk":"1597","dp":"339","ma":"12920","sd":"404","updated_at":"2018-06-24 23:33:14"},"districts":[[{"id":"33","name":"ALUCRA","box_count":"54","open_box_count":"48","voter_count":"7393","total_valid_vote":"5107","results":{"rte":"4347","mi":"331","tk":"81","dp":"6","ma":"335","sd":"7","updated_at":"2018-06-24 23:32:17"}},{"id":"111","name":"BULANCAK","box_count":"177","open_box_count":"139","voter_count":"50136","total_valid_vote":"35583","results":{"rte":"22354","mi":"10459","tk":"478","dp":"58","ma":"2150","sd":"84","updated_at":"2018-06-24 23:32:25"}},{"id":"170","name":"DEREL\u0130","box_count":"63","open_box_count":"39","voter_count":"16091","total_valid_vote":"7876","results":{"rte":"6453","mi":"790","tk":"37","dp":"19","ma":"559","sd":"18","updated_at":"2018-06-24 23:32:31"}},{"id":"218","name":"ESP\u0130YE","box_count":"91","open_box_count":"43","voter_count":"25516","total_valid_vote":"9609","results":{"rte":"6085","mi":"2364","tk":"81","dp":"23","ma":"1035","sd":"21","updated_at":"2018-06-24 23:32:36"}},{"id":"222","name":"EYNES\u0130L","box_count":"37","open_box_count":"37","voter_count":"10339","total_valid_vote":"8517","results":{"rte":"5530","mi":"2196","tk":"90","dp":"22","ma":"654","sd":"25","updated_at":"2018-06-24 23:32:36"}},{"id":"249","name":"G\u0130RESUN MERKEZ","box_count":"305","open_box_count":"77","voter_count":"98800","total_valid_vote":"19025","results":{"rte":"10305","mi":"6446","tk":"205","dp":"45","ma":"1961","sd":"63","updated_at":"2018-06-24 23:32:39"}},{"id":"258","name":"G\u00d6RELE","box_count":"111","open_box_count":"105","voter_count":"24214","total_valid_vote":"18451","results":{"rte":"11116","mi":"5220","tk":"131","dp":"47","ma":"1873","sd":"64","updated_at":"2018-06-24 23:32:40"}},{"id":"359","name":"KE\u015eAP","box_count":"75","open_box_count":"16","voter_count":"17023","total_valid_vote":"1876","results":{"rte":"1277","mi":"351","tk":"13","dp":"12","ma":"218","sd":"5","updated_at":"2018-06-24 23:32:45"}},{"id":"547","name":"\u015eEB\u0130NKARAH\u0130SAR","box_count":"94","open_box_count":"93","voter_count":"15985","total_valid_vote":"13161","results":{"rte":"10363","mi":"1652","tk":"97","dp":"17","ma":"997","sd":"35","updated_at":"2018-06-24 23:32:58"}},{"id":"571","name":"T\u0130REBOLU","box_count":"98","open_box_count":"55","voter_count":"24540","total_valid_vote":"10455","results":{"rte":"6674","mi":"2373","tk":"82","dp":"25","ma":"1276","sd":"25","updated_at":"2018-06-24 23:32:59"}},{"id":"730","name":"P\u0130RAZ\u0130Z","box_count":"42","open_box_count":"38","voter_count":"10578","total_valid_vote":"8044","results":{"rte":"5060","mi":"2333","tk":"80","dp":"20","ma":"531","sd":"20","updated_at":"2018-06-24 23:33:04"}},{"id":"747","name":"YA\u011eLIDERE","box_count":"48","open_box_count":"20","voter_count":"12036","total_valid_vote":"4174","results":{"rte":"3010","mi":"610","tk":"52","dp":"8","ma":"485","sd":"9","updated_at":"2018-06-24 23:33:04"}},{"id":"786","name":"\u00c7AMOLUK","box_count":"37","open_box_count":"17","voter_count":"5760","total_valid_vote":"2177","results":{"rte":"1908","mi":"114","tk":"70","dp":"4","ma":"80","sd":"1","updated_at":"2018-06-24 23:33:05"}},{"id":"787","name":"\u00c7ANAK\u00c7I","box_count":"24","open_box_count":"19","voter_count":"4942","total_valid_vote":"3210","results":{"rte":"2455","mi":"486","tk":"29","dp":"11","ma":"214","sd":"15","updated_at":"2018-06-24 23:33:05"}},{"id":"805","name":"DO\u011eANKENT","box_count":"20","open_box_count":"20","voter_count":"4886","total_valid_vote":"4138","results":{"rte":"3106","mi":"580","tk":"37","dp":"15","ma":"391","sd":"9","updated_at":"2018-06-24 23:33:06"}},{"id":"823","name":"G\u00dcCE","box_count":"24","open_box_count":"14","voter_count":"6066","total_valid_vote":"2841","results":{"rte":"2048","mi":"588","tk":"34","dp":"7","ma":"161","sd":"3","updated_at":"2018-06-24 23:33:07"}}]]}