{"id":"39","name":"KIRKLAREL\u0130","box_count":"871","open_box_count":"822","voter_count":"272674","total_valid_vote":"226816","results":{"rte":"67300","mi":"133095","tk":"775","dp":"590","ma":"21923","sd":"3133","updated_at":"2018-06-24 23:33:14"},"districts":[[{"id":"62","name":"BABAESK\u0130","box_count":"125","open_box_count":"121","voter_count":"38687","total_valid_vote":"32842","results":{"rte":"7553","mi":"21608","tk":"104","dp":"103","ma":"3110","sd":"364","updated_at":"2018-06-24 23:32:20"}},{"id":"168","name":"DEM\u0130RK\u00d6Y","box_count":"29","open_box_count":"29","voter_count":"6668","total_valid_vote":"5738","results":{"rte":"2686","mi":"2274","tk":"19","dp":"24","ma":"602","sd":"133","updated_at":"2018-06-24 23:32:31"}},{"id":"365","name":"KIRKLAREL\u0130 MERKEZ","box_count":"223","open_box_count":"187","voter_count":"71513","total_valid_vote":"51977","results":{"rte":"18005","mi":"27194","tk":"219","dp":"157","ma":"5523","sd":"879","updated_at":"2018-06-24 23:32:46"}},{"id":"374","name":"KOF\u00c7AZ","box_count":"18","open_box_count":"18","voter_count":"2050","total_valid_vote":"1889","results":{"rte":"722","mi":"897","tk":"7","dp":"19","ma":"232","sd":"12","updated_at":"2018-06-24 23:32:47"}},{"id":"398","name":"L\u00dcLEBURGAZ","box_count":"335","open_box_count":"327","voter_count":"113453","total_valid_vote":"99524","results":{"rte":"27456","mi":"62041","tk":"329","dp":"201","ma":"8008","sd":"1489","updated_at":"2018-06-24 23:32:49"}},{"id":"465","name":"PEHL\u0130VANK\u00d6Y","box_count":"13","open_box_count":"13","voter_count":"3189","total_valid_vote":"2780","results":{"rte":"805","mi":"1450","tk":"8","dp":"8","ma":"496","sd":"13","updated_at":"2018-06-24 23:32:55"}},{"id":"470","name":"PINARH\u0130SAR","box_count":"50","open_box_count":"51","voter_count":"14689","total_valid_vote":"12905","results":{"rte":"4308","mi":"6895","tk":"34","dp":"40","ma":"1492","sd":"136","updated_at":"2018-06-24 23:32:55"}},{"id":"607","name":"V\u0130ZE","box_count":"78","open_box_count":"76","voter_count":"22425","total_valid_vote":"19161","results":{"rte":"5765","mi":"10736","tk":"55","dp":"38","ma":"2460","sd":"107","updated_at":"2018-06-24 23:33:00"}}]]}