{"id":"67","name":"ZONGULDAK","box_count":"1505","open_box_count":"1246","voter_count":"446863","total_valid_vote":"314016","results":{"rte":"170725","mi":"114085","tk":"3905","dp":"939","ma":"22373","sd":"1989","updated_at":"2018-06-24 23:33:15"},"districts":[[{"id":"138","name":"\u00c7AYCUMA","box_count":"257","open_box_count":"183","voter_count":"72211","total_valid_vote":"42440","results":{"rte":"23080","mi":"15372","tk":"524","dp":"114","ma":"3086","sd":"264","updated_at":"2018-06-24 23:32:28"}},{"id":"174","name":"DEVREK","box_count":"167","open_box_count":"157","voter_count":"45179","total_valid_vote":"34702","results":{"rte":"21903","mi":"9594","tk":"438","dp":"135","ma":"2498","sd":"134","updated_at":"2018-06-24 23:32:32"}},{"id":"211","name":"ERE\u011eL\u0130","box_count":"414","open_box_count":"286","voter_count":"128418","total_valid_vote":"78922","results":{"rte":"41995","mi":"30279","tk":"603","dp":"209","ma":"5377","sd":"459","updated_at":"2018-06-24 23:32:35"}},{"id":"634","name":"ZONGULDAK MERKEZ","box_count":"286","open_box_count":"271","voter_count":"90204","total_valid_vote":"71597","results":{"rte":"34620","mi":"29732","tk":"1157","dp":"234","ma":"5104","sd":"750","updated_at":"2018-06-24 23:33:01"}},{"id":"651","name":"ALAPLI","box_count":"120","open_box_count":"111","voter_count":"32480","total_valid_vote":"26223","results":{"rte":"16551","mi":"7526","tk":"275","dp":"63","ma":"1687","sd":"121","updated_at":"2018-06-24 23:33:01"}},{"id":"819","name":"G\u00d6K\u00c7EBEY","box_count":"60","open_box_count":"59","voter_count":"16723","total_valid_vote":"13469","results":{"rte":"7264","mi":"4878","tk":"131","dp":"71","ma":"1038","sd":"87","updated_at":"2018-06-24 23:33:07"}},{"id":"1043","name":"K\u0130L\u0130ML\u0130","box_count":"87","open_box_count":"74","voter_count":"27440","total_valid_vote":"19607","results":{"rte":"9961","mi":"7788","tk":"344","dp":"40","ma":"1419","sd":"55","updated_at":"2018-06-24 23:33:12"}},{"id":"1044","name":"KOZLU","box_count":"114","open_box_count":"105","voter_count":"34208","total_valid_vote":"27056","results":{"rte":"15351","mi":"8916","tk":"433","dp":"73","ma":"2164","sd":"119","updated_at":"2018-06-24 23:33:12"}}]]}