{"id":"49","name":"MU\u015e","box_count":"787","open_box_count":"362","voter_count":"228538","total_valid_vote":"85794","results":{"rte":"24374","mi":"6399","tk":"581","dp":"101","ma":"20123","sd":"34216","updated_at":"2018-06-24 23:33:15"},"districts":[[{"id":"112","name":"BULANIK","box_count":"153","open_box_count":"120","voter_count":"44242","total_valid_vote":"27498","results":{"rte":"2127","mi":"608","tk":"109","dp":"33","ma":"15003","sd":"9618","updated_at":"2018-06-24 23:32:25"}},{"id":"403","name":"MALAZG\u0130RT","box_count":"111","open_box_count":"48","voter_count":"27866","total_valid_vote":"10729","results":{"rte":"1588","mi":"273","tk":"40","dp":"13","ma":"2631","sd":"6184","updated_at":"2018-06-24 23:32:49"}},{"id":"427","name":"MU\u015e MERKEZ","box_count":"354","open_box_count":"107","voter_count":"108161","total_valid_vote":"25749","results":{"rte":"14339","mi":"1563","tk":"328","dp":"29","ma":"529","sd":"8961","updated_at":"2018-06-24 23:32:51"}},{"id":"604","name":"VARTO","box_count":"66","open_box_count":"51","voter_count":"20147","total_valid_vote":"12647","results":{"rte":"962","mi":"3750","tk":"31","dp":"25","ma":"100","sd":"7779","updated_at":"2018-06-24 23:33:00"}},{"id":"694","name":"HASK\u00d6Y","box_count":"50","open_box_count":"19","voter_count":"14158","total_valid_vote":"5293","results":{"rte":"4544","mi":"161","tk":"39","dp":"0","ma":"189","sd":"360","updated_at":"2018-06-24 23:33:02"}},{"id":"857","name":"KORKUT","box_count":"53","open_box_count":"17","voter_count":"13964","total_valid_vote":"3878","results":{"rte":"814","mi":"44","tk":"34","dp":"1","ma":"1671","sd":"1314","updated_at":"2018-06-24 23:33:08"}}]]}