{"id":"11","name":"B\u0130LEC\u0130K","box_count":"637","open_box_count":"629","voter_count":"154319","total_valid_vote":"134139","results":{"rte":"68960","mi":"43084","tk":"1293","dp":"321","ma":"17673","sd":"2808","updated_at":"2018-06-24 23:33:14"},"districts":[[{"id":"91","name":"B\u0130LEC\u0130K MERKEZ","box_count":"180","open_box_count":"181","voter_count":"49759","total_valid_vote":"43755","results":{"rte":"21854","mi":"14827","tk":"383","dp":"106","ma":"5811","sd":"774","updated_at":"2018-06-24 23:32:23"}},{"id":"109","name":"BOZ\u00dcY\u00dcK","box_count":"195","open_box_count":"191","voter_count":"54438","total_valid_vote":"47846","results":{"rte":"22949","mi":"16330","tk":"405","dp":"116","ma":"6508","sd":"1538","updated_at":"2018-06-24 23:32:25"}},{"id":"256","name":"G\u00d6LPAZARI","box_count":"63","open_box_count":"63","voter_count":"7981","total_valid_vote":"6686","results":{"rte":"3624","mi":"2248","tk":"44","dp":"16","ma":"711","sd":"43","updated_at":"2018-06-24 23:32:39"}},{"id":"452","name":"OSMANEL\u0130","box_count":"64","open_box_count":"60","voter_count":"15895","total_valid_vote":"12960","results":{"rte":"7161","mi":"3621","tk":"183","dp":"24","ma":"1872","sd":"99","updated_at":"2018-06-24 23:32:54"}},{"id":"464","name":"PAZARYER\u0130","box_count":"41","open_box_count":"40","voter_count":"8109","total_valid_vote":"7015","results":{"rte":"4059","mi":"1750","tk":"46","dp":"18","ma":"977","sd":"165","updated_at":"2018-06-24 23:32:55"}},{"id":"529","name":"S\u00d6\u011e\u00dcT","box_count":"54","open_box_count":"54","voter_count":"13541","total_valid_vote":"11936","results":{"rte":"6943","mi":"3112","tk":"202","dp":"22","ma":"1497","sd":"160","updated_at":"2018-06-24 23:32:57"}},{"id":"750","name":"YEN\u0130PAZAR","box_count":"27","open_box_count":"27","voter_count":"2584","total_valid_vote":"2283","results":{"rte":"1432","mi":"666","tk":"10","dp":"8","ma":"159","sd":"8","updated_at":"2018-06-24 23:33:04"}},{"id":"841","name":"\u0130NH\u0130SAR","box_count":"13","open_box_count":"13","voter_count":"2012","total_valid_vote":"1658","results":{"rte":"938","mi":"530","tk":"20","dp":"11","ma":"138","sd":"21","updated_at":"2018-06-24 23:33:07"}}]]}