{"id":"29","name":"G\u00dcM\u00dc\u015eHANE","box_count":"574","open_box_count":"463","voter_count":"100675","total_valid_vote":"59337","results":{"rte":"45170","mi":"7920","tk":"947","dp":"88","ma":"5005","sd":"207","updated_at":"2018-06-24 23:33:15"},"districts":[[{"id":"266","name":"G\u00dcM\u00dc\u015eHANE MERKEZ","box_count":"197","open_box_count":"148","voter_count":"35848","total_valid_vote":"21018","results":{"rte":"14975","mi":"3374","tk":"372","dp":"39","ma":"2151","sd":"107","updated_at":"2018-06-24 23:32:41"}},{"id":"352","name":"KELK\u0130T","box_count":"136","open_box_count":"101","voter_count":"26843","total_valid_vote":"13061","results":{"rte":"10838","mi":"1289","tk":"204","dp":"10","ma":"690","sd":"30","updated_at":"2018-06-24 23:32:45"}},{"id":"553","name":"\u015e\u0130RAN","box_count":"93","open_box_count":"88","voter_count":"14729","total_valid_vote":"9635","results":{"rte":"6936","mi":"1528","tk":"228","dp":"15","ma":"894","sd":"34","updated_at":"2018-06-24 23:32:58"}},{"id":"577","name":"TORUL","box_count":"65","open_box_count":"65","voter_count":"8745","total_valid_vote":"6945","results":{"rte":"5072","mi":"1043","tk":"81","dp":"10","ma":"725","sd":"14","updated_at":"2018-06-24 23:32:59"}},{"id":"715","name":"K\u00d6SE","box_count":"24","open_box_count":"21","voter_count":"4959","total_valid_vote":"3918","results":{"rte":"3488","mi":"124","tk":"40","dp":"1","ma":"264","sd":"1","updated_at":"2018-06-24 23:33:03"}},{"id":"864","name":"K\u00dcRT\u00dcN","box_count":"59","open_box_count":"40","voter_count":"9551","total_valid_vote":"4760","results":{"rte":"3861","mi":"562","tk":"22","dp":"13","ma":"281","sd":"21","updated_at":"2018-06-24 23:33:08"}}]]}