{"id":"14","name":"BOLU","box_count":"974","open_box_count":"791","voter_count":"222455","total_valid_vote":"148557","results":{"rte":"98280","mi":"32346","tk":"1821","dp":"336","ma":"11976","sd":"3798","updated_at":"2018-06-24 23:33:15"},"districts":[[{"id":"98","name":"BOLU MERKEZ","box_count":"463","open_box_count":"301","voter_count":"140419","total_valid_vote":"79363","results":{"rte":"45023","mi":"22462","tk":"984","dp":"176","ma":"7131","sd":"3587","updated_at":"2018-06-24 23:32:24"}},{"id":"243","name":"GEREDE","box_count":"141","open_box_count":"138","voter_count":"25321","total_valid_vote":"22380","results":{"rte":"19898","mi":"1246","tk":"309","dp":"27","ma":"861","sd":"39","updated_at":"2018-06-24 23:32:38"}},{"id":"261","name":"G\u00d6YN\u00dcK","box_count":"79","open_box_count":"76","voter_count":"12059","total_valid_vote":"10186","results":{"rte":"8031","mi":"1224","tk":"128","dp":"29","ma":"734","sd":"40","updated_at":"2018-06-24 23:32:40"}},{"id":"360","name":"KIBRISCIK","box_count":"25","open_box_count":"17","voter_count":"2586","total_valid_vote":"1442","results":{"rte":"806","mi":"467","tk":"19","dp":"4","ma":"141","sd":"5","updated_at":"2018-06-24 23:32:46"}},{"id":"415","name":"MENGEN","box_count":"75","open_box_count":"75","voter_count":"11342","total_valid_vote":"9399","results":{"rte":"5689","mi":"2752","tk":"110","dp":"39","ma":"779","sd":"30","updated_at":"2018-06-24 23:32:50"}},{"id":"424","name":"MUDURNU","box_count":"91","open_box_count":"84","voter_count":"15147","total_valid_vote":"12334","results":{"rte":"8139","mi":"2689","tk":"76","dp":"40","ma":"1320","sd":"70","updated_at":"2018-06-24 23:32:51"}},{"id":"503","name":"SEBEN","box_count":"38","open_box_count":"38","voter_count":"4410","total_valid_vote":"3616","results":{"rte":"2260","mi":"766","tk":"24","dp":"7","ma":"549","sd":"10","updated_at":"2018-06-24 23:32:56"}},{"id":"809","name":"D\u00d6RTD\u0130VAN","box_count":"34","open_box_count":"34","voter_count":"5374","total_valid_vote":"4836","results":{"rte":"4290","mi":"217","tk":"41","dp":"8","ma":"271","sd":"9","updated_at":"2018-06-24 23:33:06"}},{"id":"890","name":"YEN\u0130\u00c7A\u011eA","box_count":"28","open_box_count":"28","voter_count":"5797","total_valid_vote":"5001","results":{"rte":"4144","mi":"523","tk":"130","dp":"6","ma":"190","sd":"8","updated_at":"2018-06-24 23:33:09"}}]]}