{"id":"18","name":"\u00c7ANKIRI","box_count":"682","open_box_count":"553","voter_count":"133958","total_valid_vote":"87248","results":{"rte":"65235","mi":"11822","tk":"865","dp":"152","ma":"8962","sd":"212","updated_at":"2018-06-24 23:33:15"},"districts":[[{"id":"130","name":"\u00c7ANKIRI MERKEZ","box_count":"206","open_box_count":"141","voter_count":"61987","total_valid_vote":"36618","results":{"rte":"25997","mi":"5600","tk":"390","dp":"52","ma":"4480","sd":"99","updated_at":"2018-06-24 23:32:27"}},{"id":"146","name":"\u00c7ERKE\u015e","box_count":"77","open_box_count":"71","voter_count":"11799","total_valid_vote":"9157","results":{"rte":"6398","mi":"1680","tk":"88","dp":"23","ma":"938","sd":"30","updated_at":"2018-06-24 23:32:29"}},{"id":"198","name":"ELD\u0130VAN","box_count":"27","open_box_count":"27","voter_count":"4836","total_valid_vote":"4161","results":{"rte":"3094","mi":"577","tk":"58","dp":"4","ma":"417","sd":"11","updated_at":"2018-06-24 23:32:34"}},{"id":"296","name":"ILGAZ","box_count":"95","open_box_count":"90","voter_count":"11438","total_valid_vote":"8529","results":{"rte":"6711","mi":"870","tk":"104","dp":"14","ma":"810","sd":"20","updated_at":"2018-06-24 23:32:42"}},{"id":"387","name":"KUR\u015eUNLU","box_count":"45","open_box_count":"45","voter_count":"6624","total_valid_vote":"5630","results":{"rte":"4309","mi":"781","tk":"42","dp":"12","ma":"475","sd":"11","updated_at":"2018-06-24 23:32:48"}},{"id":"448","name":"ORTA","box_count":"45","open_box_count":"23","voter_count":"8379","total_valid_vote":"3022","results":{"rte":"2817","mi":"72","tk":"28","dp":"3","ma":"101","sd":"1","updated_at":"2018-06-24 23:32:54"}},{"id":"542","name":"\u015eABAN\u00d6Z\u00dc","box_count":"38","open_box_count":"36","voter_count":"8133","total_valid_vote":"6817","results":{"rte":"4763","mi":"1359","tk":"46","dp":"18","ma":"612","sd":"19","updated_at":"2018-06-24 23:32:58"}},{"id":"611","name":"YAPRAKLI","box_count":"46","open_box_count":"24","voter_count":"6391","total_valid_vote":"2584","results":{"rte":"2250","mi":"111","tk":"30","dp":"4","ma":"185","sd":"4","updated_at":"2018-06-24 23:33:00"}},{"id":"658","name":"ATKARACALAR","box_count":"22","open_box_count":"21","voter_count":"3275","total_valid_vote":"2454","results":{"rte":"1967","mi":"199","tk":"23","dp":"6","ma":"254","sd":"5","updated_at":"2018-06-24 23:33:01"}},{"id":"710","name":"KIZILIRMAK","box_count":"33","open_box_count":"30","voter_count":"5746","total_valid_vote":"4180","results":{"rte":"3478","mi":"302","tk":"17","dp":"7","ma":"369","sd":"7","updated_at":"2018-06-24 23:33:03"}},{"id":"778","name":"BAYRAM\u00d6REN","box_count":"30","open_box_count":"29","voter_count":"2022","total_valid_vote":"1698","results":{"rte":"1414","mi":"137","tk":"10","dp":"4","ma":"131","sd":"2","updated_at":"2018-06-24 23:33:05"}},{"id":"856","name":"KORGUN","box_count":"18","open_box_count":"16","voter_count":"3328","total_valid_vote":"2398","results":{"rte":"2037","mi":"134","tk":"29","dp":"5","ma":"190","sd":"3","updated_at":"2018-06-24 23:33:08"}}]]}