{"id":"1","name":"ADANA","box_count":"4585","open_box_count":"4","voter_count":"1524922","total_valid_vote":"636","results":{"rte":"309","mi":"204","tk":"9","dp":"0","ma":"112","sd":"2","updated_at":"2018-06-24 18:02:24"},"districts":[[{"id":"4","name":"SEYHAN","box_count":"1522","open_box_count":"0","voter_count":"544445","total_valid_vote":"0","results":{"rte":"0","mi":"0","tk":"0","dp":"0","ma":"0","sd":"0","updated_at":"2018-06-24 17:50:53"}},{"id":"117","name":"CEYHAN","box_count":"357","open_box_count":"0","voter_count":"110714","total_valid_vote":"0","results":{"rte":"0","mi":"0","tk":"0","dp":"0","ma":"0","sd":"0","updated_at":"2018-06-24 17:50:53"}},{"id":"227","name":"FEKE","box_count":"63","open_box_count":"1","voter_count":"12564","total_valid_vote":"22","results":{"rte":"13","mi":"5","tk":"2","dp":"0","ma":"2","sd":"0","updated_at":"2018-06-24 18:02:18"}},{"id":"332","name":"KARA\u0130SALI","box_count":"80","open_box_count":"0","voter_count":"16041","total_valid_vote":"0","results":{"rte":"0","mi":"0","tk":"0","dp":"0","ma":"0","sd":"0","updated_at":"2018-06-24 17:50:53"}},{"id":"338","name":"KARATA\u015e","box_count":"72","open_box_count":"0","voter_count":"16151","total_valid_vote":"0","results":{"rte":"0","mi":"0","tk":"0","dp":"0","ma":"0","sd":"0","updated_at":"2018-06-24 17:50:53"}},{"id":"379","name":"KOZAN","box_count":"309","open_box_count":"0","voter_count":"92315","total_valid_vote":"0","results":{"rte":"0","mi":"0","tk":"0","dp":"0","ma":"0","sd":"0","updated_at":"2018-06-24 17:50:53"}},{"id":"473","name":"POZANTI","box_count":"52","open_box_count":"2","voter_count":"14503","total_valid_vote":"555","results":{"rte":"291","mi":"147","tk":"7","dp":"0","ma":"108","sd":"2","updated_at":"2018-06-24 18:02:20"}},{"id":"481","name":"SA\u0130MBEYL\u0130","box_count":"47","open_box_count":"0","voter_count":"10942","total_valid_vote":"0","results":{"rte":"0","mi":"0","tk":"0","dp":"0","ma":"0","sd":"0","updated_at":"2018-06-24 17:50:53"}},{"id":"580","name":"TUFANBEYL\u0130","box_count":"61","open_box_count":"1","voter_count":"12755","total_valid_vote":"59","results":{"rte":"5","mi":"52","tk":"0","dp":"0","ma":"2","sd":"0","updated_at":"2018-06-24 18:02:21"}},{"id":"627","name":"YUMURTALIK","box_count":"48","open_box_count":"0","voter_count":"13108","total_valid_vote":"0","results":{"rte":"0","mi":"0","tk":"0","dp":"0","ma":"0","sd":"0","updated_at":"2018-06-24 17:50:53"}},{"id":"641","name":"Y\u00dcRE\u011e\u0130R","box_count":"792","open_box_count":"0","voter_count":"275514","total_valid_vote":"0","results":{"rte":"0","mi":"0","tk":"0","dp":"0","ma":"0","sd":"0","updated_at":"2018-06-24 17:50:53"}},{"id":"650","name":"ALADA\u011e","box_count":"50","open_box_count":"0","voter_count":"12018","total_valid_vote":"0","results":{"rte":"0","mi":"0","tk":"0","dp":"0","ma":"0","sd":"0","updated_at":"2018-06-24 17:50:53"}},{"id":"699","name":"\u0130MAMO\u011eLU","box_count":"67","open_box_count":"0","voter_count":"20256","total_valid_vote":"0","results":{"rte":"0","mi":"0","tk":"0","dp":"0","ma":"0","sd":"0","updated_at":"2018-06-24 17:50:53"}},{"id":"981","name":"SARI\u00c7AM","box_count":"323","open_box_count":"0","voter_count":"106808","total_valid_vote":"0","results":{"rte":"0","mi":"0","tk":"0","dp":"0","ma":"0","sd":"0","updated_at":"2018-06-24 17:50:53"}},{"id":"982","name":"\u00c7UKUROVA","box_count":"742","open_box_count":"0","voter_count":"266788","total_valid_vote":"0","results":{"rte":"0","mi":"0","tk":"0","dp":"0","ma":"0","sd":"0","updated_at":"2018-06-24 17:50:53"}}]]}