{"id":"44","name":"MALATYA","box_count":"1974","open_box_count":"1658","voter_count":"555349","total_valid_vote":"399694","results":{"rte":"269732","mi":"94279","tk":"4393","dp":"459","ma":"17396","sd":"13435","updated_at":"2018-06-24 23:33:13"},"districts":[[{"id":"14","name":"AK\u00c7ADA\u011e","box_count":"106","open_box_count":"105","voter_count":"20804","total_valid_vote":"17676","results":{"rte":"10051","mi":"6035","tk":"108","dp":"10","ma":"650","sd":"822","updated_at":"2018-06-24 23:32:15"}},{"id":"42","name":"ARAPG\u0130R","box_count":"70","open_box_count":"68","voter_count":"8262","total_valid_vote":"6461","results":{"rte":"3503","mi":"2455","tk":"48","dp":"13","ma":"362","sd":"80","updated_at":"2018-06-24 23:32:18"}},{"id":"47","name":"ARGUVAN","box_count":"51","open_box_count":"50","voter_count":"6383","total_valid_vote":"5534","results":{"rte":"1058","mi":"3963","tk":"9","dp":"8","ma":"49","sd":"447","updated_at":"2018-06-24 23:32:19"}},{"id":"163","name":"DARENDE","box_count":"98","open_box_count":"98","voter_count":"19314","total_valid_vote":"16613","results":{"rte":"13651","mi":"1855","tk":"186","dp":"16","ma":"777","sd":"128","updated_at":"2018-06-24 23:32:30"}},{"id":"184","name":"DO\u011eAN\u015eEH\u0130R","box_count":"103","open_box_count":"69","voter_count":"28609","total_valid_vote":"16080","results":{"rte":"8433","mi":"5705","tk":"106","dp":"26","ma":"1231","sd":"579","updated_at":"2018-06-24 23:32:32"}},{"id":"287","name":"HEK\u0130MHAN","box_count":"88","open_box_count":"75","voter_count":"14735","total_valid_vote":"10410","results":{"rte":"4242","mi":"5327","tk":"70","dp":"35","ma":"651","sd":"85","updated_at":"2018-06-24 23:32:41"}},{"id":"475","name":"P\u00dcT\u00dcRGE","box_count":"90","open_box_count":"51","voter_count":"11081","total_valid_vote":"5254","results":{"rte":"4484","mi":"561","tk":"47","dp":"5","ma":"108","sd":"49","updated_at":"2018-06-24 23:32:55"}},{"id":"622","name":"YE\u015e\u0130LYURT","box_count":"626","open_box_count":"565","voter_count":"213934","total_valid_vote":"165783","results":{"rte":"111989","mi":"39951","tk":"1965","dp":"172","ma":"8085","sd":"3621","updated_at":"2018-06-24 23:33:00"}},{"id":"665","name":"BATTALGAZ\u0130","box_count":"618","open_box_count":"482","voter_count":"209180","total_valid_vote":"140761","results":{"rte":"102722","mi":"25145","tk":"1748","dp":"162","ma":"4835","sd":"6149","updated_at":"2018-06-24 23:33:02"}},{"id":"807","name":"DO\u011eANYOL","box_count":"19","open_box_count":"2","voter_count":"3084","total_valid_vote":"78","results":{"rte":"71","mi":"6","tk":"0","dp":"0","ma":"1","sd":"0","updated_at":"2018-06-24 23:33:06"}},{"id":"846","name":"KALE","box_count":"29","open_box_count":"22","voter_count":"4461","total_valid_vote":"3049","results":{"rte":"2652","mi":"294","tk":"25","dp":"0","ma":"56","sd":"22","updated_at":"2018-06-24 23:33:07"}},{"id":"862","name":"KULUNCAK","box_count":"32","open_box_count":"28","voter_count":"5996","total_valid_vote":"4300","results":{"rte":"2833","mi":"1124","tk":"24","dp":"2","ma":"275","sd":"42","updated_at":"2018-06-24 23:33:08"}},{"id":"888","name":"YAZIHAN","box_count":"44","open_box_count":"43","voter_count":"9506","total_valid_vote":"7695","results":{"rte":"4043","mi":"1858","tk":"57","dp":"10","ma":"316","sd":"1411","updated_at":"2018-06-24 23:33:09"}}]]}