{"id":"21","name":"D\u0130YARBAKIR","box_count":"3321","open_box_count":"11","voter_count":"1023391","total_valid_vote":"1465","results":{"rte":"44","mi":"9","tk":"3","dp":"0","ma":"1093","sd":"316","updated_at":"2018-06-24 18:17:16"},"districts":[[{"id":"94","name":"B\u0130SM\u0130L","box_count":"252","open_box_count":"3","voter_count":"67195","total_valid_vote":"230","results":{"rte":"9","mi":"5","tk":"0","dp":"0","ma":"187","sd":"29","updated_at":"2018-06-24 18:17:04"}},{"id":"147","name":"\u00c7ERM\u0130K","box_count":"128","open_box_count":"2","voter_count":"30594","total_valid_vote":"121","results":{"rte":"7","mi":"2","tk":"2","dp":"0","ma":"54","sd":"56","updated_at":"2018-06-24 18:17:05"}},{"id":"151","name":"\u00c7INAR","box_count":"154","open_box_count":"1","voter_count":"37964","total_valid_vote":"33","results":{"rte":"2","mi":"0","tk":"0","dp":"0","ma":"19","sd":"12","updated_at":"2018-06-24 18:17:05"}},{"id":"161","name":"\u00c7\u00dcNG\u00dc\u015e","box_count":"45","open_box_count":"0","voter_count":"7986","total_valid_vote":"0","results":{"rte":"0","mi":"0","tk":"0","dp":"0","ma":"0","sd":"0","updated_at":"2018-06-24 17:50:53"}},{"id":"176","name":"D\u0130CLE","box_count":"79","open_box_count":"0","voter_count":"22394","total_valid_vote":"0","results":{"rte":"0","mi":"0","tk":"0","dp":"0","ma":"0","sd":"0","updated_at":"2018-06-24 17:50:53"}},{"id":"213","name":"ERGAN\u0130","box_count":"271","open_box_count":"2","voter_count":"79624","total_valid_vote":"360","results":{"rte":"10","mi":"0","tk":"0","dp":"0","ma":"285","sd":"65","updated_at":"2018-06-24 18:17:06"}},{"id":"278","name":"HAN\u0130","box_count":"60","open_box_count":"0","voter_count":"18723","total_valid_vote":"0","results":{"rte":"0","mi":"0","tk":"0","dp":"0","ma":"0","sd":"0","updated_at":"2018-06-24 17:50:53"}},{"id":"286","name":"HAZRO","box_count":"34","open_box_count":"0","voter_count":"9628","total_valid_vote":"0","results":{"rte":"0","mi":"0","tk":"0","dp":"0","ma":"0","sd":"0","updated_at":"2018-06-24 17:50:53"}},{"id":"383","name":"KULP","box_count":"87","open_box_count":"0","voter_count":"21479","total_valid_vote":"0","results":{"rte":"0","mi":"0","tk":"0","dp":"0","ma":"0","sd":"0","updated_at":"2018-06-24 17:50:53"}},{"id":"397","name":"L\u0130CE","box_count":"77","open_box_count":"0","voter_count":"15862","total_valid_vote":"0","results":{"rte":"0","mi":"0","tk":"0","dp":"0","ma":"0","sd":"0","updated_at":"2018-06-24 17:50:53"}},{"id":"517","name":"S\u0130LVAN","box_count":"175","open_box_count":"1","voter_count":"49208","total_valid_vote":"305","results":{"rte":"8","mi":"1","tk":"0","dp":"0","ma":"265","sd":"31","updated_at":"2018-06-24 18:17:10"}},{"id":"684","name":"E\u011e\u0130L","box_count":"53","open_box_count":"0","voter_count":"14020","total_valid_vote":"0","results":{"rte":"0","mi":"0","tk":"0","dp":"0","ma":"0","sd":"0","updated_at":"2018-06-24 17:50:53"}},{"id":"855","name":"KOCAK\u00d6Y","box_count":"37","open_box_count":"0","voter_count":"9726","total_valid_vote":"0","results":{"rte":"0","mi":"0","tk":"0","dp":"0","ma":"0","sd":"0","updated_at":"2018-06-24 17:50:53"}},{"id":"944","name":"BA\u011eLAR","box_count":"662","open_box_count":"0","voter_count":"232699","total_valid_vote":"0","results":{"rte":"0","mi":"0","tk":"0","dp":"0","ma":"0","sd":"0","updated_at":"2018-06-24 17:50:53"}},{"id":"945","name":"KAYAPINAR","box_count":"608","open_box_count":"0","voter_count":"214959","total_valid_vote":"0","results":{"rte":"0","mi":"0","tk":"0","dp":"0","ma":"0","sd":"0","updated_at":"2018-06-24 17:50:53"}},{"id":"946","name":"SUR","box_count":"231","open_box_count":"2","voter_count":"66358","total_valid_vote":"416","results":{"rte":"8","mi":"1","tk":"1","dp":"0","ma":"283","sd":"123","updated_at":"2018-06-24 18:17:15"}},{"id":"986","name":"YEN\u0130\u015eEH\u0130R","box_count":"368","open_box_count":"0","voter_count":"124972","total_valid_vote":"0","results":{"rte":"0","mi":"0","tk":"0","dp":"0","ma":"0","sd":"0","updated_at":"2018-06-24 17:50:53"}}]]}