{"id":"27","name":"GAZ\u0130ANTEP","box_count":"3699","open_box_count":"2493","voter_count":"1214503","total_valid_vote":"666202","results":{"rte":"411253","mi":"131998","tk":"5929","dp":"1282","ma":"37330","sd":"78410","updated_at":"2018-06-24 23:33:14"},"districts":[[{"id":"38","name":"ARABAN","box_count":"84","open_box_count":"84","voter_count":"20271","total_valid_vote":"16818","results":{"rte":"11263","mi":"2995","tk":"191","dp":"44","ma":"839","sd":"1486","updated_at":"2018-06-24 23:32:18"}},{"id":"312","name":"\u0130SLAH\u0130YE","box_count":"154","open_box_count":"120","voter_count":"43348","total_valid_vote":"27739","results":{"rte":"14449","mi":"5386","tk":"233","dp":"81","ma":"2558","sd":"5032","updated_at":"2018-06-24 23:32:42"}},{"id":"439","name":"N\u0130Z\u0130P","box_count":"306","open_box_count":"209","voter_count":"87621","total_valid_vote":"48527","results":{"rte":"31457","mi":"8605","tk":"527","dp":"99","ma":"3149","sd":"4690","updated_at":"2018-06-24 23:32:53"}},{"id":"442","name":"O\u011eUZEL\u0130","box_count":"115","open_box_count":"94","voter_count":"19461","total_valid_vote":"14322","results":{"rte":"9862","mi":"2995","tk":"115","dp":"23","ma":"1266","sd":"61","updated_at":"2018-06-24 23:32:53"}},{"id":"613","name":"YAVUZEL\u0130","box_count":"59","open_box_count":"58","voter_count":"12840","total_valid_vote":"11238","results":{"rte":"7722","mi":"2497","tk":"148","dp":"18","ma":"589","sd":"264","updated_at":"2018-06-24 23:33:00"}},{"id":"734","name":"\u015eAH\u0130NBEY","box_count":"1568","open_box_count":"871","voter_count":"549859","total_valid_vote":"249325","results":{"rte":"156792","mi":"52673","tk":"1958","dp":"445","ma":"12439","sd":"25018","updated_at":"2018-06-24 23:33:04"}},{"id":"737","name":"\u015eEH\u0130TKAM\u0130L","box_count":"1270","open_box_count":"916","voter_count":"448736","total_valid_vote":"271032","results":{"rte":"160159","mi":"52378","tk":"2601","dp":"521","ma":"14258","sd":"41115","updated_at":"2018-06-24 23:33:04"}},{"id":"849","name":"KARKAMI\u015e","box_count":"45","open_box_count":"45","voter_count":"6732","total_valid_vote":"5979","results":{"rte":"3464","mi":"1508","tk":"53","dp":"13","ma":"884","sd":"57","updated_at":"2018-06-24 23:33:08"}},{"id":"867","name":"NURDA\u011eI","box_count":"98","open_box_count":"96","voter_count":"25635","total_valid_vote":"21222","results":{"rte":"16085","mi":"2961","tk":"103","dp":"38","ma":"1348","sd":"687","updated_at":"2018-06-24 23:33:08"}}]]}