{"id":"19","name":"\u00c7ORUM","box_count":"1686","open_box_count":"1368","voter_count":"390689","total_valid_vote":"281590","results":{"rte":"177823","mi":"77267","tk":"2392","dp":"520","ma":"20437","sd":"3151","updated_at":"2018-06-24 23:33:13"},"districts":[[{"id":"24","name":"ALACA","box_count":"151","open_box_count":"115","voter_count":"24272","total_valid_vote":"16473","results":{"rte":"10486","mi":"4309","tk":"120","dp":"10","ma":"1443","sd":"105","updated_at":"2018-06-24 23:32:16"}},{"id":"76","name":"BAYAT","box_count":"78","open_box_count":"64","voter_count":"12906","total_valid_vote":"8984","results":{"rte":"7187","mi":"843","tk":"66","dp":"27","ma":"835","sd":"26","updated_at":"2018-06-24 23:32:21"}},{"id":"157","name":"\u00c7ORUM MERKEZ","box_count":"722","open_box_count":"610","voter_count":"205764","total_valid_vote":"155994","results":{"rte":"91151","mi":"51405","tk":"1417","dp":"227","ma":"9182","sd":"2612","updated_at":"2018-06-24 23:32:30"}},{"id":"311","name":"\u0130SK\u0130L\u0130P","box_count":"124","open_box_count":"96","voter_count":"25436","total_valid_vote":"16465","results":{"rte":"12532","mi":"1958","tk":"194","dp":"46","ma":"1685","sd":"50","updated_at":"2018-06-24 23:32:42"}},{"id":"340","name":"KARGI","box_count":"80","open_box_count":"68","voter_count":"13316","total_valid_vote":"9609","results":{"rte":"6873","mi":"1943","tk":"73","dp":"31","ma":"655","sd":"34","updated_at":"2018-06-24 23:32:44"}},{"id":"413","name":"MEC\u0130T\u00d6Z\u00dc","box_count":"70","open_box_count":"53","voter_count":"12329","total_valid_vote":"9063","results":{"rte":"4548","mi":"3919","tk":"24","dp":"12","ma":"433","sd":"127","updated_at":"2018-06-24 23:32:50"}},{"id":"449","name":"ORTAK\u00d6Y","box_count":"27","open_box_count":"0","voter_count":"5552","total_valid_vote":"0","results":{"rte":"0","mi":"0","tk":"0","dp":"0","ma":"0","sd":"0","updated_at":"2018-06-24 17:50:53"}},{"id":"451","name":"OSMANCIK","box_count":"141","open_box_count":"127","voter_count":"33135","total_valid_vote":"26396","results":{"rte":"18254","mi":"5195","tk":"209","dp":"58","ma":"2593","sd":"87","updated_at":"2018-06-24 23:32:54"}},{"id":"535","name":"SUNGURLU","box_count":"181","open_box_count":"136","voter_count":"36833","total_valid_vote":"21715","results":{"rte":"14811","mi":"4363","tk":"163","dp":"49","ma":"2274","sd":"55","updated_at":"2018-06-24 23:32:57"}},{"id":"671","name":"BO\u011eAZKALE","box_count":"20","open_box_count":"17","voter_count":"3120","total_valid_vote":"2008","results":{"rte":"1641","mi":"239","tk":"9","dp":"5","ma":"107","sd":"7","updated_at":"2018-06-24 23:33:02"}},{"id":"743","name":"U\u011eURLUDA\u011e","box_count":"29","open_box_count":"28","voter_count":"4934","total_valid_vote":"4031","results":{"rte":"3332","mi":"466","tk":"22","dp":"4","ma":"200","sd":"7","updated_at":"2018-06-24 23:33:04"}},{"id":"804","name":"DODURGA","box_count":"24","open_box_count":"24","voter_count":"5108","total_valid_vote":"4517","results":{"rte":"2717","mi":"1130","tk":"41","dp":"23","ma":"591","sd":"15","updated_at":"2018-06-24 23:33:06"}},{"id":"865","name":"LA\u00c7\u0130N","box_count":"21","open_box_count":"12","voter_count":"3600","total_valid_vote":"2393","results":{"rte":"1565","mi":"624","tk":"24","dp":"6","ma":"160","sd":"14","updated_at":"2018-06-24 23:33:08"}},{"id":"869","name":"O\u011eUZLAR","box_count":"18","open_box_count":"18","voter_count":"4384","total_valid_vote":"3942","results":{"rte":"2726","mi":"873","tk":"30","dp":"22","ma":"279","sd":"12","updated_at":"2018-06-24 23:33:08"}}]]}