{"id":"69","name":"BAYBURT","box_count":"284","open_box_count":"192","voter_count":"56099","total_valid_vote":"31176","results":{"rte":"24910","mi":"3172","tk":"856","dp":"43","ma":"2082","sd":"113","updated_at":"2018-06-24 23:33:14"},"districts":[[{"id":"75","name":"BAYBURT MERKEZ","box_count":"215","open_box_count":"126","voter_count":"44886","total_valid_vote":"21904","results":{"rte":"17220","mi":"2318","tk":"635","dp":"36","ma":"1598","sd":"97","updated_at":"2018-06-24 23:32:21"}},{"id":"660","name":"AYDINTEPE","box_count":"30","open_box_count":"27","voter_count":"5174","total_valid_vote":"3935","results":{"rte":"3132","mi":"368","tk":"108","dp":"4","ma":"318","sd":"5","updated_at":"2018-06-24 23:33:01"}},{"id":"681","name":"DEM\u0130R\u00d6Z\u00dc","box_count":"39","open_box_count":"39","voter_count":"6039","total_valid_vote":"5337","results":{"rte":"4558","mi":"486","tk":"113","dp":"3","ma":"166","sd":"11","updated_at":"2018-06-24 23:33:02"}}]]}