{"id":"17","name":"\u00c7ANAKKALE","box_count":"1497","open_box_count":"1428","voter_count":"406809","total_valid_vote":"345507","results":{"rte":"144818","mi":"150932","tk":"1492","dp":"936","ma":"41179","sd":"6150","updated_at":"2018-06-24 23:33:14"},"districts":[[{"id":"59","name":"AYVACIK","box_count":"125","open_box_count":"125","voter_count":"27344","total_valid_vote":"24272","results":{"rte":"10284","mi":"11150","tk":"65","dp":"88","ma":"2337","sd":"348","updated_at":"2018-06-24 23:32:20"}},{"id":"79","name":"BAYRAM\u0130\u00c7","box_count":"115","open_box_count":"114","voter_count":"23801","total_valid_vote":"21121","results":{"rte":"8509","mi":"9089","tk":"95","dp":"69","ma":"3171","sd":"188","updated_at":"2018-06-24 23:32:22"}},{"id":"89","name":"B\u0130GA","box_count":"253","open_box_count":"230","voter_count":"69038","total_valid_vote":"56871","results":{"rte":"31311","mi":"18679","tk":"292","dp":"139","ma":"5754","sd":"696","updated_at":"2018-06-24 23:32:23"}},{"id":"104","name":"BOZCAADA","box_count":"7","open_box_count":"7","voter_count":"2448","total_valid_vote":"2171","results":{"rte":"532","mi":"1385","tk":"2","dp":"5","ma":"213","sd":"34","updated_at":"2018-06-24 23:32:24"}},{"id":"127","name":"\u00c7AN","box_count":"150","open_box_count":"148","voter_count":"38426","total_valid_vote":"34575","results":{"rte":"17301","mi":"11851","tk":"133","dp":"76","ma":"5077","sd":"137","updated_at":"2018-06-24 23:32:27"}},{"id":"128","name":"\u00c7ANAKKALE MERKEZ","box_count":"384","open_box_count":"372","voter_count":"126514","total_valid_vote":"108077","results":{"rte":"33736","mi":"58326","tk":"492","dp":"266","ma":"12137","sd":"3120","updated_at":"2018-06-24 23:32:27"}},{"id":"191","name":"ECEABAT","box_count":"28","open_box_count":"28","voter_count":"7409","total_valid_vote":"6649","results":{"rte":"1608","mi":"4040","tk":"9","dp":"17","ma":"888","sd":"87","updated_at":"2018-06-24 23:32:33"}},{"id":"224","name":"EZ\u0130NE","box_count":"97","open_box_count":"94","voter_count":"24916","total_valid_vote":"21191","results":{"rte":"8608","mi":"9486","tk":"86","dp":"81","ma":"2677","sd":"253","updated_at":"2018-06-24 23:32:36"}},{"id":"237","name":"GEL\u0130BOLU","box_count":"103","open_box_count":"91","voter_count":"32908","total_valid_vote":"25090","results":{"rte":"8479","mi":"13302","tk":"77","dp":"71","ma":"2698","sd":"463","updated_at":"2018-06-24 23:32:37"}},{"id":"305","name":"G\u00d6K\u00c7EADA","box_count":"26","open_box_count":"26","voter_count":"6103","total_valid_vote":"5131","results":{"rte":"1996","mi":"1976","tk":"24","dp":"21","ma":"633","sd":"481","updated_at":"2018-06-24 23:32:42"}},{"id":"396","name":"LAPSEK\u0130","box_count":"87","open_box_count":"87","voter_count":"21542","total_valid_vote":"19411","results":{"rte":"9892","mi":"6209","tk":"81","dp":"50","ma":"2930","sd":"249","updated_at":"2018-06-24 23:32:49"}},{"id":"615","name":"YEN\u0130CE","box_count":"122","open_box_count":"106","voter_count":"26360","total_valid_vote":"20948","results":{"rte":"12562","mi":"5439","tk":"136","dp":"53","ma":"2664","sd":"94","updated_at":"2018-06-24 23:33:00"}}]]}