{"id":"79","name":"K\u0130L\u0130S","box_count":"358","open_box_count":"286","voter_count":"85616","total_valid_vote":"56162","results":{"rte":"39407","mi":"10610","tk":"494","dp":"122","ma":"4914","sd":"615","updated_at":"2018-06-24 23:33:15"},"districts":[[{"id":"370","name":"K\u0130L\u0130S MERKEZ","box_count":"252","open_box_count":"186","voter_count":"70145","total_valid_vote":"43643","results":{"rte":"29881","mi":"8708","tk":"422","dp":"99","ma":"3997","sd":"536","updated_at":"2018-06-24 23:32:46"}},{"id":"915","name":"ELBEYL\u0130","box_count":"29","open_box_count":"27","voter_count":"4062","total_valid_vote":"3254","results":{"rte":"2190","mi":"749","tk":"9","dp":"6","ma":"294","sd":"6","updated_at":"2018-06-24 23:33:10"}},{"id":"916","name":"MUSABEYL\u0130","box_count":"54","open_box_count":"51","voter_count":"8114","total_valid_vote":"6540","results":{"rte":"5275","mi":"760","tk":"49","dp":"11","ma":"391","sd":"54","updated_at":"2018-06-24 23:33:10"}},{"id":"917","name":"POLATEL\u0130","box_count":"23","open_box_count":"22","voter_count":"3295","total_valid_vote":"2725","results":{"rte":"2061","mi":"393","tk":"14","dp":"6","ma":"232","sd":"19","updated_at":"2018-06-24 23:33:10"}}]]}