{"id":"32","name":"ISPARTA","box_count":"1040","open_box_count":"988","voter_count":"312416","total_valid_vote":"257135","results":{"rte":"149757","mi":"63912","tk":"2828","dp":"656","ma":"38006","sd":"1976","updated_at":"2018-06-24 23:33:14"},"districts":[[{"id":"53","name":"ATABEY","box_count":"18","open_box_count":"17","voter_count":"4209","total_valid_vote":"3502","results":{"rte":"2091","mi":"673","tk":"26","dp":"12","ma":"640","sd":"60","updated_at":"2018-06-24 23:32:19"}},{"id":"195","name":"E\u011e\u0130RD\u0130R","box_count":"94","open_box_count":"76","voter_count":"24117","total_valid_vote":"16542","results":{"rte":"10064","mi":"3744","tk":"118","dp":"32","ma":"2470","sd":"114","updated_at":"2018-06-24 23:32:34"}},{"id":"238","name":"GELENDOST","box_count":"43","open_box_count":"42","voter_count":"12257","total_valid_vote":"9911","results":{"rte":"5192","mi":"3004","tk":"118","dp":"47","ma":"1527","sd":"23","updated_at":"2018-06-24 23:32:38"}},{"id":"298","name":"ISPARTA MERKEZ","box_count":"491","open_box_count":"472","voter_count":"172136","total_valid_vote":"146832","results":{"rte":"84169","mi":"38515","tk":"1797","dp":"309","ma":"20616","sd":"1426","updated_at":"2018-06-24 23:32:42"}},{"id":"350","name":"KE\u00c7\u0130BORLU","box_count":"44","open_box_count":"41","voter_count":"11165","total_valid_vote":"9125","results":{"rte":"5199","mi":"2187","tk":"101","dp":"25","ma":"1579","sd":"34","updated_at":"2018-06-24 23:32:45"}},{"id":"508","name":"SEN\u0130RKENT","box_count":"37","open_box_count":"37","voter_count":"8967","total_valid_vote":"7501","results":{"rte":"4067","mi":"1653","tk":"37","dp":"23","ma":"1687","sd":"34","updated_at":"2018-06-24 23:32:56"}},{"id":"541","name":"S\u00dcT\u00c7\u00dcLER","box_count":"46","open_box_count":"40","voter_count":"8663","total_valid_vote":"6057","results":{"rte":"4734","mi":"610","tk":"43","dp":"19","ma":"640","sd":"11","updated_at":"2018-06-24 23:32:58"}},{"id":"544","name":"\u015eARK\u0130KARAA\u011eA\u00c7","box_count":"73","open_box_count":"73","voter_count":"19693","total_valid_vote":"16683","results":{"rte":"10007","mi":"3246","tk":"182","dp":"54","ma":"3164","sd":"30","updated_at":"2018-06-24 23:32:58"}},{"id":"592","name":"ULUBORLU","box_count":"20","open_box_count":"20","voter_count":"5064","total_valid_vote":"4187","results":{"rte":"2282","mi":"1148","tk":"39","dp":"8","ma":"679","sd":"31","updated_at":"2018-06-24 23:32:59"}},{"id":"610","name":"YALVA\u00c7","box_count":"123","open_box_count":"122","voter_count":"34971","total_valid_vote":"27689","results":{"rte":"17404","mi":"6068","tk":"299","dp":"81","ma":"3741","sd":"96","updated_at":"2018-06-24 23:33:00"}},{"id":"648","name":"AKSU","box_count":"22","open_box_count":"19","voter_count":"3664","total_valid_vote":"2453","results":{"rte":"1282","mi":"728","tk":"18","dp":"16","ma":"382","sd":"27","updated_at":"2018-06-24 23:33:01"}},{"id":"822","name":"G\u00d6NEN","box_count":"22","open_box_count":"22","voter_count":"5741","total_valid_vote":"5160","results":{"rte":"2517","mi":"1861","tk":"40","dp":"23","ma":"633","sd":"86","updated_at":"2018-06-24 23:33:07"}},{"id":"893","name":"YEN\u0130\u015eARBADEML\u0130","box_count":"7","open_box_count":"7","voter_count":"1769","total_valid_vote":"1493","results":{"rte":"749","mi":"475","tk":"10","dp":"7","ma":"248","sd":"4","updated_at":"2018-06-24 23:33:09"}}]]}