{"id":"66","name":"YOZGAT","box_count":"1278","open_box_count":"1137","voter_count":"296268","total_valid_vote":"216086","results":{"rte":"160802","mi":"33637","tk":"2097","dp":"323","ma":"18516","sd":"711","updated_at":"2018-06-24 23:33:13"},"districts":[[{"id":"17","name":"AKDA\u011eMADEN\u0130","box_count":"136","open_box_count":"132","voter_count":"29699","total_valid_vote":"22388","results":{"rte":"17908","mi":"2637","tk":"232","dp":"25","ma":"1552","sd":"34","updated_at":"2018-06-24 23:32:16"}},{"id":"97","name":"BO\u011eAZLIYAN","box_count":"96","open_box_count":"92","voter_count":"25176","total_valid_vote":"20075","results":{"rte":"11807","mi":"6258","tk":"120","dp":"38","ma":"1746","sd":"106","updated_at":"2018-06-24 23:32:23"}},{"id":"140","name":"\u00c7AYIRALAN","box_count":"42","open_box_count":"39","voter_count":"9546","total_valid_vote":"6566","results":{"rte":"4304","mi":"1660","tk":"35","dp":"33","ma":"521","sd":"13","updated_at":"2018-06-24 23:32:28"}},{"id":"143","name":"\u00c7EKEREK","box_count":"70","open_box_count":"55","voter_count":"14355","total_valid_vote":"9346","results":{"rte":"6987","mi":"1607","tk":"114","dp":"11","ma":"604","sd":"23","updated_at":"2018-06-24 23:32:28"}},{"id":"495","name":"SARIKAYA","box_count":"107","open_box_count":"78","voter_count":"24076","total_valid_vote":"12377","results":{"rte":"10311","mi":"953","tk":"81","dp":"16","ma":"975","sd":"41","updated_at":"2018-06-24 23:32:56"}},{"id":"528","name":"SORGUN","box_count":"223","open_box_count":"197","voter_count":"55389","total_valid_vote":"40776","results":{"rte":"33314","mi":"4123","tk":"448","dp":"46","ma":"2766","sd":"79","updated_at":"2018-06-24 23:32:57"}},{"id":"548","name":"\u015eEFAATL\u0130","box_count":"70","open_box_count":"70","voter_count":"11524","total_valid_vote":"9664","results":{"rte":"6453","mi":"1730","tk":"49","dp":"15","ma":"1395","sd":"22","updated_at":"2018-06-24 23:32:58"}},{"id":"619","name":"YERK\u00d6Y","box_count":"125","open_box_count":"122","voter_count":"27094","total_valid_vote":"22188","results":{"rte":"15127","mi":"3837","tk":"299","dp":"51","ma":"2661","sd":"213","updated_at":"2018-06-24 23:33:00"}},{"id":"626","name":"YOZGAT MERKEZ","box_count":"266","open_box_count":"247","voter_count":"68154","total_valid_vote":"55204","results":{"rte":"41001","mi":"8286","tk":"603","dp":"62","ma":"5102","sd":"150","updated_at":"2018-06-24 23:33:00"}},{"id":"770","name":"AYDINCIK","box_count":"35","open_box_count":"12","voter_count":"7295","total_valid_vote":"802","results":{"rte":"529","mi":"206","tk":"7","dp":"3","ma":"57","sd":"0","updated_at":"2018-06-24 23:33:05"}},{"id":"788","name":"\u00c7ANDIR","box_count":"15","open_box_count":"15","voter_count":"3386","total_valid_vote":"2773","results":{"rte":"1795","mi":"695","tk":"12","dp":"10","ma":"256","sd":"5","updated_at":"2018-06-24 23:33:06"}},{"id":"845","name":"KADI\u015eEHR\u0130","box_count":"39","open_box_count":"29","voter_count":"7901","total_valid_vote":"4995","results":{"rte":"4333","mi":"442","tk":"34","dp":"2","ma":"175","sd":"9","updated_at":"2018-06-24 23:33:07"}},{"id":"875","name":"SARAYKENT","box_count":"35","open_box_count":"32","voter_count":"8361","total_valid_vote":"5609","results":{"rte":"5009","mi":"226","tk":"42","dp":"4","ma":"322","sd":"6","updated_at":"2018-06-24 23:33:08"}},{"id":"891","name":"YEN\u0130FAKILI","box_count":"19","open_box_count":"17","voter_count":"4312","total_valid_vote":"3323","results":{"rte":"1924","mi":"977","tk":"21","dp":"7","ma":"384","sd":"10","updated_at":"2018-06-24 23:33:09"}}]]}