{"id":"12","name":"B\u0130NG\u00d6L","box_count":"656","open_box_count":"246","voter_count":"180991","total_valid_vote":"50207","results":{"rte":"35212","mi":"3908","tk":"577","dp":"71","ma":"965","sd":"9474","updated_at":"2018-06-24 23:33:14"},"districts":[[{"id":"92","name":"B\u0130NG\u00d6L MERKEZ","box_count":"344","open_box_count":"116","voter_count":"102887","total_valid_vote":"24621","results":{"rte":"16340","mi":"1701","tk":"322","dp":"37","ma":"520","sd":"5701","updated_at":"2018-06-24 23:32:23"}},{"id":"241","name":"GEN\u00c7","box_count":"91","open_box_count":"32","voter_count":"23314","total_valid_vote":"6890","results":{"rte":"5594","mi":"234","tk":"72","dp":"11","ma":"130","sd":"849","updated_at":"2018-06-24 23:32:38"}},{"id":"341","name":"KARLIOVA","box_count":"68","open_box_count":"1","voter_count":"18844","total_valid_vote":"188","results":{"rte":"56","mi":"36","tk":"2","dp":"0","ma":"2","sd":"92","updated_at":"2018-06-24 23:32:44"}},{"id":"369","name":"K\u0130\u011eI","box_count":"17","open_box_count":"17","voter_count":"3868","total_valid_vote":"2960","results":{"rte":"1336","mi":"1048","tk":"12","dp":"6","ma":"98","sd":"460","updated_at":"2018-06-24 23:32:46"}},{"id":"526","name":"SOLHAN","box_count":"79","open_box_count":"67","voter_count":"22012","total_valid_vote":"14605","results":{"rte":"11688","mi":"486","tk":"165","dp":"17","ma":"199","sd":"2050","updated_at":"2018-06-24 23:32:57"}},{"id":"643","name":"ADAKLI","box_count":"26","open_box_count":"1","voter_count":"6165","total_valid_vote":"326","results":{"rte":"12","mi":"213","tk":"0","dp":"0","ma":"1","sd":"100","updated_at":"2018-06-24 23:33:01"}},{"id":"748","name":"YAYLADERE","box_count":"21","open_box_count":"12","voter_count":"1716","total_valid_vote":"617","results":{"rte":"186","mi":"190","tk":"4","dp":"0","ma":"15","sd":"222","updated_at":"2018-06-24 23:33:04"}},{"id":"889","name":"YED\u0130SU","box_count":"10","open_box_count":"0","voter_count":"2185","total_valid_vote":"0","results":{"rte":"0","mi":"0","tk":"0","dp":"0","ma":"0","sd":"0","updated_at":"2018-06-24 17:50:53"}}]]}