{"id":"58","name":"S\u0130VAS","box_count":"2282","open_box_count":"1771","voter_count":"450068","total_valid_vote":"287366","results":{"rte":"203114","mi":"61280","tk":"3865","dp":"377","ma":"17704","sd":"1026","updated_at":"2018-06-24 23:33:15"},"districts":[[{"id":"180","name":"D\u0130VR\u0130\u011e\u0130","box_count":"139","open_box_count":"90","voter_count":"13734","total_valid_vote":"7884","results":{"rte":"2321","mi":"5163","tk":"30","dp":"13","ma":"244","sd":"113","updated_at":"2018-06-24 23:32:32"}},{"id":"239","name":"GEMEREK","box_count":"81","open_box_count":"76","voter_count":"17537","total_valid_vote":"13656","results":{"rte":"7951","mi":"4204","tk":"126","dp":"39","ma":"1296","sd":"40","updated_at":"2018-06-24 23:32:38"}},{"id":"270","name":"G\u00dcR\u00dcN","box_count":"94","open_box_count":"84","voter_count":"14254","total_valid_vote":"11155","results":{"rte":"7541","mi":"2308","tk":"204","dp":"13","ma":"1045","sd":"44","updated_at":"2018-06-24 23:32:41"}},{"id":"273","name":"HAF\u0130K","box_count":"87","open_box_count":"83","voter_count":"8236","total_valid_vote":"7199","results":{"rte":"3843","mi":"3029","tk":"94","dp":"8","ma":"209","sd":"16","updated_at":"2018-06-24 23:32:41"}},{"id":"304","name":"\u0130MRANLI","box_count":"101","open_box_count":"101","voter_count":"6824","total_valid_vote":"6095","results":{"rte":"1944","mi":"3911","tk":"16","dp":"6","ma":"137","sd":"81","updated_at":"2018-06-24 23:32:42"}},{"id":"326","name":"KANGAL","box_count":"138","open_box_count":"120","voter_count":"16360","total_valid_vote":"11488","results":{"rte":"6365","mi":"4001","tk":"77","dp":"16","ma":"918","sd":"111","updated_at":"2018-06-24 23:32:43"}},{"id":"377","name":"KOYULH\u0130SAR","box_count":"69","open_box_count":"40","voter_count":"10721","total_valid_vote":"4313","results":{"rte":"3315","mi":"601","tk":"42","dp":"10","ma":"337","sd":"8","updated_at":"2018-06-24 23:32:47"}},{"id":"521","name":"S\u0130VAS MERKEZ","box_count":"810","open_box_count":"580","voter_count":"250365","total_valid_vote":"152436","results":{"rte":"116717","mi":"22795","tk":"2563","dp":"194","ma":"9814","sd":"353","updated_at":"2018-06-24 23:32:57"}},{"id":"539","name":"SU\u015eEHR\u0130","box_count":"107","open_box_count":"68","voter_count":"19106","total_valid_vote":"8339","results":{"rte":"6935","mi":"773","tk":"84","dp":"11","ma":"524","sd":"12","updated_at":"2018-06-24 23:32:58"}},{"id":"543","name":"\u015eARKI\u015eLA","box_count":"161","open_box_count":"151","voter_count":"28122","total_valid_vote":"21910","results":{"rte":"15748","mi":"4516","tk":"309","dp":"35","ma":"1242","sd":"60","updated_at":"2018-06-24 23:32:58"}},{"id":"624","name":"YILDIZEL\u0130","box_count":"153","open_box_count":"138","voter_count":"24212","total_valid_vote":"18078","results":{"rte":"14154","mi":"3132","tk":"136","dp":"15","ma":"611","sd":"30","updated_at":"2018-06-24 23:33:00"}},{"id":"631","name":"ZARA","box_count":"162","open_box_count":"140","voter_count":"17936","total_valid_vote":"13846","results":{"rte":"8068","mi":"4908","tk":"80","dp":"8","ma":"657","sd":"125","updated_at":"2018-06-24 23:33:00"}},{"id":"763","name":"AKINCILAR","box_count":"38","open_box_count":"38","voter_count":"4307","total_valid_vote":"3679","results":{"rte":"2808","mi":"628","tk":"42","dp":"3","ma":"184","sd":"14","updated_at":"2018-06-24 23:33:05"}},{"id":"768","name":"ALTINYAYLA","box_count":"30","open_box_count":"0","voter_count":"6554","total_valid_vote":"0","results":{"rte":"0","mi":"0","tk":"0","dp":"0","ma":"0","sd":"0","updated_at":"2018-06-24 17:50:53"}},{"id":"806","name":"DO\u011eAN\u015eAR","box_count":"32","open_box_count":"6","voter_count":"2554","total_valid_vote":"669","results":{"rte":"561","mi":"34","tk":"7","dp":"0","ma":"65","sd":"2","updated_at":"2018-06-24 23:33:06"}},{"id":"820","name":"G\u00d6LOVA","box_count":"33","open_box_count":"10","voter_count":"2713","total_valid_vote":"830","results":{"rte":"702","mi":"88","tk":"15","dp":"0","ma":"24","sd":"1","updated_at":"2018-06-24 23:33:07"}},{"id":"884","name":"ULA\u015e","box_count":"47","open_box_count":"46","voter_count":"6533","total_valid_vote":"5789","results":{"rte":"4141","mi":"1189","tk":"40","dp":"6","ma":"397","sd":"16","updated_at":"2018-06-24 23:33:09"}}]]}