{"id":"23","name":"ELAZI\u011e","box_count":"1544","open_box_count":"1242","voter_count":"411019","total_valid_vote":"270938","results":{"rte":"187892","mi":"43816","tk":"4323","dp":"310","ma":"18087","sd":"16510","updated_at":"2018-06-24 23:33:13"},"districts":[[{"id":"10","name":"A\u011eIN","box_count":"23","open_box_count":"23","voter_count":"2285","total_valid_vote":"1887","results":{"rte":"1141","mi":"486","tk":"36","dp":"4","ma":"200","sd":"20","updated_at":"2018-06-24 23:32:15"}},{"id":"72","name":"BASK\u0130L","box_count":"75","open_box_count":"50","voter_count":"10050","total_valid_vote":"6308","results":{"rte":"5263","mi":"572","tk":"88","dp":"10","ma":"318","sd":"57","updated_at":"2018-06-24 23:32:21"}},{"id":"196","name":"ELAZI\u011e MERKEZ","box_count":"950","open_box_count":"803","voter_count":"305354","total_valid_vote":"211609","results":{"rte":"144911","mi":"37432","tk":"3282","dp":"226","ma":"15932","sd":"9826","updated_at":"2018-06-24 23:32:34"}},{"id":"333","name":"KARAKO\u00c7AN","box_count":"103","open_box_count":"78","voter_count":"20043","total_valid_vote":"12551","results":{"rte":"6443","mi":"1459","tk":"341","dp":"16","ma":"178","sd":"4114","updated_at":"2018-06-24 23:32:43"}},{"id":"349","name":"KEBAN","box_count":"41","open_box_count":"41","voter_count":"5038","total_valid_vote":"4430","results":{"rte":"3189","mi":"792","tk":"51","dp":"8","ma":"314","sd":"76","updated_at":"2018-06-24 23:32:44"}},{"id":"399","name":"MADEN","box_count":"49","open_box_count":"46","voter_count":"8433","total_valid_vote":"6043","results":{"rte":"3846","mi":"1364","tk":"42","dp":"14","ma":"499","sd":"278","updated_at":"2018-06-24 23:32:49"}},{"id":"459","name":"PALU","box_count":"61","open_box_count":"41","voter_count":"13082","total_valid_vote":"7152","results":{"rte":"6406","mi":"222","tk":"174","dp":"7","ma":"150","sd":"193","updated_at":"2018-06-24 23:32:55"}},{"id":"524","name":"S\u0130VR\u0130CE","box_count":"60","open_box_count":"55","voter_count":"6270","total_valid_vote":"4631","results":{"rte":"3668","mi":"591","tk":"70","dp":"10","ma":"226","sd":"66","updated_at":"2018-06-24 23:32:57"}},{"id":"655","name":"ARICAK","box_count":"34","open_box_count":"5","voter_count":"9622","total_valid_vote":"1133","results":{"rte":"956","mi":"54","tk":"19","dp":"2","ma":"7","sd":"95","updated_at":"2018-06-24 23:33:01"}},{"id":"713","name":"KOVANCILAR","box_count":"128","open_box_count":"98","voter_count":"26140","total_valid_vote":"14737","results":{"rte":"11795","mi":"793","tk":"216","dp":"12","ma":"255","sd":"1666","updated_at":"2018-06-24 23:33:03"}},{"id":"766","name":"ALACAKAYA","box_count":"20","open_box_count":"2","voter_count":"4702","total_valid_vote":"457","results":{"rte":"274","mi":"51","tk":"4","dp":"1","ma":"8","sd":"119","updated_at":"2018-06-24 23:33:05"}}]]}