{"id":"20","name":"DEN\u0130ZL\u0130","box_count":"2367","open_box_count":"10","voter_count":"747897","total_valid_vote":"953","results":{"rte":"442","mi":"405","tk":"3","dp":"0","ma":"99","sd":"4","updated_at":"2018-06-24 18:10:24"},"districts":[[{"id":"2","name":"ACIPAYAM","box_count":"147","open_box_count":"2","voter_count":"43463","total_valid_vote":"139","results":{"rte":"89","mi":"31","tk":"1","dp":"0","ma":"18","sd":"0","updated_at":"2018-06-24 18:10:11"}},{"id":"113","name":"BULDAN","box_count":"80","open_box_count":"1","voter_count":"20942","total_valid_vote":"33","results":{"rte":"17","mi":"7","tk":"0","dp":"0","ma":"9","sd":"0","updated_at":"2018-06-24 18:10:12"}},{"id":"122","name":"\u00c7AL","box_count":"69","open_box_count":"2","voter_count":"15728","total_valid_vote":"98","results":{"rte":"36","mi":"51","tk":"1","dp":"0","ma":"10","sd":"0","updated_at":"2018-06-24 18:10:12"}},{"id":"124","name":"\u00c7AMEL\u0130","box_count":"53","open_box_count":"0","voter_count":"14791","total_valid_vote":"0","results":{"rte":"0","mi":"0","tk":"0","dp":"0","ma":"0","sd":"0","updated_at":"2018-06-24 17:50:53"}},{"id":"131","name":"\u00c7ARDAK","box_count":"27","open_box_count":"0","voter_count":"6664","total_valid_vote":"0","results":{"rte":"0","mi":"0","tk":"0","dp":"0","ma":"0","sd":"0","updated_at":"2018-06-24 17:50:53"}},{"id":"155","name":"\u00c7\u0130VR\u0130L","box_count":"166","open_box_count":"1","voter_count":"45987","total_valid_vote":"148","results":{"rte":"88","mi":"36","tk":"0","dp":"0","ma":"23","sd":"1","updated_at":"2018-06-24 18:10:13"}},{"id":"268","name":"G\u00dcNEY","box_count":"36","open_box_count":"0","voter_count":"8071","total_valid_vote":"0","results":{"rte":"0","mi":"0","tk":"0","dp":"0","ma":"0","sd":"0","updated_at":"2018-06-24 17:50:53"}},{"id":"321","name":"KALE","box_count":"61","open_box_count":"0","voter_count":"15190","total_valid_vote":"0","results":{"rte":"0","mi":"0","tk":"0","dp":"0","ma":"0","sd":"0","updated_at":"2018-06-24 17:50:53"}},{"id":"490","name":"SARAYK\u00d6Y","box_count":"80","open_box_count":"1","voter_count":"23029","total_valid_vote":"53","results":{"rte":"26","mi":"24","tk":"0","dp":"0","ma":"1","sd":"2","updated_at":"2018-06-24 18:10:17"}},{"id":"563","name":"TAVAS","box_count":"122","open_box_count":"1","voter_count":"35350","total_valid_vote":"331","results":{"rte":"158","mi":"138","tk":"1","dp":"0","ma":"34","sd":"0","updated_at":"2018-06-24 18:10:18"}},{"id":"662","name":"BABADA\u011e","box_count":"22","open_box_count":"0","voter_count":"4993","total_valid_vote":"0","results":{"rte":"0","mi":"0","tk":"0","dp":"0","ma":"0","sd":"0","updated_at":"2018-06-24 17:50:53"}},{"id":"667","name":"BEK\u0130LL\u0130","box_count":"25","open_box_count":"0","voter_count":"5722","total_valid_vote":"0","results":{"rte":"0","mi":"0","tk":"0","dp":"0","ma":"0","sd":"0","updated_at":"2018-06-24 17:50:53"}},{"id":"696","name":"HONAZ","box_count":"76","open_box_count":"0","voter_count":"21261","total_valid_vote":"0","results":{"rte":"0","mi":"0","tk":"0","dp":"0","ma":"0","sd":"0","updated_at":"2018-06-24 17:50:53"}},{"id":"733","name":"SER\u0130NH\u0130SAR","box_count":"37","open_box_count":"0","voter_count":"11042","total_valid_vote":"0","results":{"rte":"0","mi":"0","tk":"0","dp":"0","ma":"0","sd":"0","updated_at":"2018-06-24 17:50:53"}},{"id":"764","name":"PAMUKKALE","box_count":"683","open_box_count":"0","voter_count":"241553","total_valid_vote":"0","results":{"rte":"0","mi":"0","tk":"0","dp":"0","ma":"0","sd":"0","updated_at":"2018-06-24 17:50:53"}},{"id":"774","name":"BAKLAN","box_count":"18","open_box_count":"0","voter_count":"4473","total_valid_vote":"0","results":{"rte":"0","mi":"0","tk":"0","dp":"0","ma":"0","sd":"0","updated_at":"2018-06-24 17:50:53"}},{"id":"781","name":"BEYA\u011eA\u00c7","box_count":"22","open_box_count":"0","voter_count":"5217","total_valid_vote":"0","results":{"rte":"0","mi":"0","tk":"0","dp":"0","ma":"0","sd":"0","updated_at":"2018-06-24 17:50:53"}},{"id":"782","name":"BOZKURT","box_count":"35","open_box_count":"1","voter_count":"8661","total_valid_vote":"51","results":{"rte":"28","mi":"18","tk":"0","dp":"0","ma":"4","sd":"1","updated_at":"2018-06-24 18:10:20"}},{"id":"1035","name":"MERKEZEFEND\u0130","box_count":"608","open_box_count":"1","voter_count":"215760","total_valid_vote":"100","results":{"rte":"0","mi":"100","tk":"0","dp":"0","ma":"0","sd":"0","updated_at":"2018-06-24 18:10:24"}}]]}