{"id":"61","name":"TRABZON","box_count":"2084","open_box_count":"1580","voter_count":"583183","total_valid_vote":"353959","results":{"rte":"251938","mi":"68596","tk":"6120","dp":"701","ma":"25485","sd":"1119","updated_at":"2018-06-24 23:33:13"},"districts":[[{"id":"13","name":"AK\u00c7AABAT","box_count":"328","open_box_count":"267","voter_count":"89071","total_valid_vote":"62513","results":{"rte":"44570","mi":"12083","tk":"892","dp":"129","ma":"4715","sd":"124","updated_at":"2018-06-24 23:32:15"}},{"id":"40","name":"ARAKLI","box_count":"138","open_box_count":"130","voter_count":"34344","total_valid_vote":"26590","results":{"rte":"22377","mi":"2260","tk":"544","dp":"34","ma":"1299","sd":"76","updated_at":"2018-06-24 23:32:18"}},{"id":"49","name":"ARS\u0130N","box_count":"79","open_box_count":"55","voter_count":"21038","total_valid_vote":"11974","results":{"rte":"9504","mi":"1331","tk":"287","dp":"27","ma":"809","sd":"16","updated_at":"2018-06-24 23:32:19"}},{"id":"142","name":"\u00c7AYKARA","box_count":"59","open_box_count":"55","voter_count":"11059","total_valid_vote":"8327","results":{"rte":"6586","mi":"1131","tk":"160","dp":"18","ma":"406","sd":"26","updated_at":"2018-06-24 23:32:28"}},{"id":"400","name":"MA\u00c7KA","box_count":"101","open_box_count":"101","voter_count":"19243","total_valid_vote":"16240","results":{"rte":"11700","mi":"3539","tk":"133","dp":"28","ma":"807","sd":"33","updated_at":"2018-06-24 23:32:49"}},{"id":"441","name":"OF","box_count":"130","open_box_count":"122","voter_count":"33135","total_valid_vote":"26625","results":{"rte":"22300","mi":"2477","tk":"831","dp":"58","ma":"881","sd":"78","updated_at":"2018-06-24 23:32:53"}},{"id":"540","name":"S\u00dcRMENE","box_count":"90","open_box_count":"90","voter_count":"19719","total_valid_vote":"16260","results":{"rte":"12545","mi":"2363","tk":"450","dp":"36","ma":"837","sd":"29","updated_at":"2018-06-24 23:32:58"}},{"id":"574","name":"TONYA","box_count":"45","open_box_count":"45","voter_count":"11848","total_valid_vote":"9985","results":{"rte":"6014","mi":"3133","tk":"180","dp":"34","ma":"581","sd":"43","updated_at":"2018-06-24 23:32:59"}},{"id":"602","name":"VAKFIKEB\u0130R","box_count":"83","open_box_count":"74","voter_count":"20857","total_valid_vote":"15738","results":{"rte":"10757","mi":"3234","tk":"284","dp":"25","ma":"1397","sd":"41","updated_at":"2018-06-24 23:33:00"}},{"id":"625","name":"YOMRA","box_count":"94","open_box_count":"78","voter_count":"26731","total_valid_vote":"18983","results":{"rte":"13443","mi":"3611","tk":"270","dp":"39","ma":"1576","sd":"44","updated_at":"2018-06-24 23:33:00"}},{"id":"668","name":"BE\u015e\u0130KD\u00dcZ\u00dc","box_count":"62","open_box_count":"60","voter_count":"16871","total_valid_vote":"13883","results":{"rte":"6327","mi":"5332","tk":"112","dp":"33","ma":"2041","sd":"38","updated_at":"2018-06-24 23:33:02"}},{"id":"735","name":"\u015eALPAZARI","box_count":"38","open_box_count":"37","voter_count":"9231","total_valid_vote":"7695","results":{"rte":"5645","mi":"1228","tk":"135","dp":"21","ma":"653","sd":"13","updated_at":"2018-06-24 23:33:04"}},{"id":"789","name":"\u00c7AR\u015eIBA\u015eI","box_count":"45","open_box_count":"44","voter_count":"11785","total_valid_vote":"9855","results":{"rte":"7015","mi":"1634","tk":"98","dp":"25","ma":"1058","sd":"25","updated_at":"2018-06-24 23:33:06"}},{"id":"802","name":"DERNEKPAZARI","box_count":"17","open_box_count":"17","voter_count":"3332","total_valid_vote":"2787","results":{"rte":"2317","mi":"254","tk":"105","dp":"5","ma":"103","sd":"3","updated_at":"2018-06-24 23:33:06"}},{"id":"810","name":"D\u00dcZK\u00d6Y","box_count":"37","open_box_count":"37","voter_count":"10682","total_valid_vote":"8906","results":{"rte":"6050","mi":"2309","tk":"91","dp":"19","ma":"409","sd":"28","updated_at":"2018-06-24 23:33:06"}},{"id":"835","name":"HAYRAT","box_count":"40","open_box_count":"38","voter_count":"6444","total_valid_vote":"5364","results":{"rte":"4798","mi":"348","tk":"73","dp":"8","ma":"132","sd":"5","updated_at":"2018-06-24 23:33:07"}},{"id":"859","name":"K\u00d6PR\u00dcBA\u015eI","box_count":"21","open_box_count":"21","voter_count":"3843","total_valid_vote":"3102","results":{"rte":"2673","mi":"216","tk":"69","dp":"5","ma":"137","sd":"2","updated_at":"2018-06-24 23:33:08"}},{"id":"1039","name":"ORTAH\u0130SAR","box_count":"677","open_box_count":"309","voter_count":"233950","total_valid_vote":"89132","results":{"rte":"57317","mi":"22113","tk":"1406","dp":"157","ma":"7644","sd":"495","updated_at":"2018-06-24 23:33:12"}}]]}