{"id":"80","name":"OSMAN\u0130YE","box_count":"1095","open_box_count":"1009","voter_count":"357485","total_valid_vote":"273883","results":{"rte":"171332","mi":"61519","tk":"2140","dp":"558","ma":"31377","sd":"6957","updated_at":"2018-06-24 23:33:14"},"districts":[[{"id":"64","name":"BAH\u00c7E","box_count":"55","open_box_count":"55","voter_count":"15126","total_valid_vote":"12879","results":{"rte":"9662","mi":"1809","tk":"107","dp":"32","ma":"1229","sd":"40","updated_at":"2018-06-24 23:32:20"}},{"id":"318","name":"KAD\u0130RL\u0130","box_count":"270","open_box_count":"237","voter_count":"89130","total_valid_vote":"65739","results":{"rte":"38494","mi":"16082","tk":"357","dp":"154","ma":"10405","sd":"247","updated_at":"2018-06-24 23:32:42"}},{"id":"453","name":"OSMAN\u0130YE MERKEZ","box_count":"496","open_box_count":"444","voter_count":"172884","total_valid_vote":"128475","results":{"rte":"83288","mi":"25986","tk":"1310","dp":"203","ma":"11549","sd":"6139","updated_at":"2018-06-24 23:32:55"}},{"id":"636","name":"D\u00dcZ\u0130\u00c7\u0130","box_count":"190","open_box_count":"189","voter_count":"55545","total_valid_vote":"45962","results":{"rte":"27873","mi":"12660","tk":"239","dp":"116","ma":"4926","sd":"148","updated_at":"2018-06-24 23:33:01"}},{"id":"919","name":"HASANBEYL\u0130","box_count":"14","open_box_count":"13","voter_count":"3261","total_valid_vote":"2511","results":{"rte":"1606","mi":"515","tk":"28","dp":"8","ma":"338","sd":"16","updated_at":"2018-06-24 23:33:10"}},{"id":"920","name":"SUMBAS","box_count":"36","open_box_count":"36","voter_count":"10678","total_valid_vote":"8660","results":{"rte":"4888","mi":"1885","tk":"34","dp":"28","ma":"1795","sd":"30","updated_at":"2018-06-24 23:33:10"}},{"id":"921","name":"TOPRAKKALE","box_count":"34","open_box_count":"35","voter_count":"10861","total_valid_vote":"9657","results":{"rte":"5521","mi":"2582","tk":"65","dp":"17","ma":"1135","sd":"337","updated_at":"2018-06-24 23:33:10"}}]]}