{"id":"42","name":"KONYA","box_count":"4693","open_box_count":"3556","voter_count":"1503411","total_valid_vote":"982149","results":{"rte":"717964","mi":"138155","tk":"14209","dp":"1522","ma":"82511","sd":"27788","updated_at":"2018-06-24 23:33:13"},"districts":[[{"id":"22","name":"AK\u015eEH\u0130R","box_count":"222","open_box_count":"163","voter_count":"70004","total_valid_vote":"42490","results":{"rte":"26606","mi":"9761","tk":"322","dp":"103","ma":"5471","sd":"227","updated_at":"2018-06-24 23:32:16"}},{"id":"87","name":"BEY\u015eEH\u0130R","box_count":"183","open_box_count":"103","voter_count":"53130","total_valid_vote":"25019","results":{"rte":"18434","mi":"2982","tk":"335","dp":"42","ma":"3184","sd":"42","updated_at":"2018-06-24 23:32:23"}},{"id":"106","name":"BOZKIR","box_count":"87","open_box_count":"73","voter_count":"19540","total_valid_vote":"13393","results":{"rte":"9839","mi":"1927","tk":"149","dp":"40","ma":"1409","sd":"29","updated_at":"2018-06-24 23:32:24"}},{"id":"120","name":"C\u0130HANBEYL\u0130","box_count":"126","open_box_count":"105","voter_count":"36705","total_valid_vote":"23873","results":{"rte":"13146","mi":"4002","tk":"214","dp":"26","ma":"824","sd":"5661","updated_at":"2018-06-24 23:32:26"}},{"id":"160","name":"\u00c7UMRA","box_count":"151","open_box_count":"112","voter_count":"46009","total_valid_vote":"30382","results":{"rte":"24512","mi":"2298","tk":"356","dp":"32","ma":"3078","sd":"106","updated_at":"2018-06-24 23:32:30"}},{"id":"183","name":"DO\u011eANH\u0130SAR","box_count":"47","open_box_count":"47","voter_count":"13255","total_valid_vote":"10984","results":{"rte":"7204","mi":"2073","tk":"163","dp":"61","ma":"1445","sd":"38","updated_at":"2018-06-24 23:32:32"}},{"id":"210","name":"ERE\u011eL\u0130","box_count":"320","open_box_count":"298","voter_count":"102705","total_valid_vote":"81194","results":{"rte":"45214","mi":"23909","tk":"638","dp":"140","ma":"9600","sd":"1693","updated_at":"2018-06-24 23:32:35"}},{"id":"272","name":"HAD\u0130M","box_count":"46","open_box_count":"45","voter_count":"9019","total_valid_vote":"7514","results":{"rte":"5585","mi":"850","tk":"113","dp":"13","ma":"919","sd":"34","updated_at":"2018-06-24 23:32:41"}},{"id":"297","name":"ILGIN","box_count":"141","open_box_count":"118","voter_count":"41114","total_valid_vote":"29176","results":{"rte":"19422","mi":"4914","tk":"415","dp":"69","ma":"4216","sd":"140","updated_at":"2018-06-24 23:32:42"}},{"id":"317","name":"KADINHANI","box_count":"91","open_box_count":"81","voter_count":"21871","total_valid_vote":"17062","results":{"rte":"14108","mi":"1514","tk":"286","dp":"24","ma":"1101","sd":"29","updated_at":"2018-06-24 23:32:42"}},{"id":"336","name":"KARAPINAR","box_count":"112","open_box_count":"93","voter_count":"33768","total_valid_vote":"24554","results":{"rte":"17309","mi":"4749","tk":"331","dp":"34","ma":"2062","sd":"69","updated_at":"2018-06-24 23:32:43"}},{"id":"384","name":"KULU","box_count":"120","open_box_count":"103","voter_count":"34782","total_valid_vote":"21912","results":{"rte":"11030","mi":"1616","tk":"249","dp":"27","ma":"2292","sd":"6698","updated_at":"2018-06-24 23:32:48"}},{"id":"491","name":"SARAY\u00d6N\u00dc","box_count":"67","open_box_count":"64","voter_count":"19048","total_valid_vote":"16511","results":{"rte":"13415","mi":"1397","tk":"489","dp":"13","ma":"1082","sd":"115","updated_at":"2018-06-24 23:32:56"}},{"id":"510","name":"SEYD\u0130\u015eEH\u0130R","box_count":"163","open_box_count":"129","voter_count":"48103","total_valid_vote":"33228","results":{"rte":"19786","mi":"8083","tk":"618","dp":"102","ma":"4485","sd":"154","updated_at":"2018-06-24 23:32:57"}},{"id":"628","name":"YUNAK","box_count":"71","open_box_count":"20","voter_count":"16282","total_valid_vote":"3285","results":{"rte":"2406","mi":"417","tk":"33","dp":"9","ma":"321","sd":"99","updated_at":"2018-06-24 23:33:00"}},{"id":"646","name":"AK\u00d6REN","box_count":"19","open_box_count":"9","voter_count":"4300","total_valid_vote":"1733","results":{"rte":"1419","mi":"136","tk":"10","dp":"1","ma":"163","sd":"4","updated_at":"2018-06-24 23:33:01"}},{"id":"653","name":"ALTINEK\u0130N","box_count":"44","open_box_count":"44","voter_count":"9707","total_valid_vote":"8926","results":{"rte":"7592","mi":"666","tk":"126","dp":"7","ma":"523","sd":"12","updated_at":"2018-06-24 23:33:01"}},{"id":"682","name":"DEREBUCAK","box_count":"21","open_box_count":"21","voter_count":"5093","total_valid_vote":"4018","results":{"rte":"2912","mi":"385","tk":"38","dp":"7","ma":"670","sd":"6","updated_at":"2018-06-24 23:33:02"}},{"id":"697","name":"H\u00dcY\u00dcK","box_count":"44","open_box_count":"44","voter_count":"12670","total_valid_vote":"11033","results":{"rte":"7143","mi":"2043","tk":"108","dp":"33","ma":"1687","sd":"19","updated_at":"2018-06-24 23:33:03"}},{"id":"707","name":"KARATAY","box_count":"592","open_box_count":"363","voter_count":"206841","total_valid_vote":"112860","results":{"rte":"96139","mi":"6747","tk":"1772","dp":"95","ma":"4775","sd":"3332","updated_at":"2018-06-24 23:33:03"}},{"id":"720","name":"MERAM","box_count":"674","open_box_count":"586","voter_count":"231848","total_valid_vote":"180631","results":{"rte":"146011","mi":"18841","tk":"3055","dp":"217","ma":"10852","sd":"1655","updated_at":"2018-06-24 23:33:03"}},{"id":"732","name":"SEL\u00c7UKLU","box_count":"1175","open_box_count":"806","voter_count":"426683","total_valid_vote":"257438","results":{"rte":"191123","mi":"34843","tk":"4079","dp":"363","ma":"19462","sd":"7568","updated_at":"2018-06-24 23:33:04"}},{"id":"741","name":"TA\u015eKENT","box_count":"18","open_box_count":"18","voter_count":"4512","total_valid_vote":"3977","results":{"rte":"2949","mi":"397","tk":"86","dp":"11","ma":"524","sd":"10","updated_at":"2018-06-24 23:33:04"}},{"id":"761","name":"AHIRLI","box_count":"19","open_box_count":"19","voter_count":"3592","total_valid_vote":"2997","results":{"rte":"2245","mi":"337","tk":"29","dp":"11","ma":"368","sd":"7","updated_at":"2018-06-24 23:33:05"}},{"id":"795","name":"\u00c7ELT\u0130K","box_count":"25","open_box_count":"13","voter_count":"7131","total_valid_vote":"3117","results":{"rte":"2109","mi":"445","tk":"45","dp":"6","ma":"497","sd":"15","updated_at":"2018-06-24 23:33:06"}},{"id":"800","name":"DERBENT","box_count":"16","open_box_count":"16","voter_count":"3303","total_valid_vote":"2946","results":{"rte":"2043","mi":"583","tk":"34","dp":"9","ma":"269","sd":"8","updated_at":"2018-06-24 23:33:06"}},{"id":"813","name":"EM\u0130RGAZ\u0130","box_count":"24","open_box_count":"21","voter_count":"5781","total_valid_vote":"3970","results":{"rte":"2619","mi":"874","tk":"28","dp":"7","ma":"436","sd":"6","updated_at":"2018-06-24 23:33:06"}},{"id":"826","name":"G\u00dcNEYSINIR","box_count":"27","open_box_count":"7","voter_count":"6756","total_valid_vote":"1757","results":{"rte":"1590","mi":"59","tk":"38","dp":"0","ma":"70","sd":"0","updated_at":"2018-06-24 23:33:07"}},{"id":"830","name":"HALKAPINAR","box_count":"19","open_box_count":"14","voter_count":"3279","total_valid_vote":"1991","results":{"rte":"1550","mi":"248","tk":"13","dp":"5","ma":"173","sd":"2","updated_at":"2018-06-24 23:33:07"}},{"id":"883","name":"TUZLUK\u00c7U","box_count":"23","open_box_count":"21","voter_count":"5241","total_valid_vote":"4178","results":{"rte":"2504","mi":"1059","tk":"37","dp":"15","ma":"553","sd":"10","updated_at":"2018-06-24 23:33:09"}},{"id":"887","name":"YALIH\u00dcY\u00dcK","box_count":"6","open_box_count":"0","voter_count":"1339","total_valid_vote":"0","results":{"rte":"0","mi":"0","tk":"0","dp":"0","ma":"0","sd":"0","updated_at":"2018-06-24 18:32:56"}}]]}