{"id":"65","name":"VAN","box_count":"2060","open_box_count":"11","voter_count":"637867","total_valid_vote":"1747","results":{"rte":"41","mi":"20","tk":"11","dp":"6","ma":"1102","sd":"567","updated_at":"2018-06-24 18:17:17"},"districts":[[{"id":"74","name":"BA\u015eKALE","box_count":"103","open_box_count":"0","voter_count":"27749","total_valid_vote":"0","results":{"rte":"0","mi":"0","tk":"0","dp":"0","ma":"0","sd":"0","updated_at":"2018-06-24 17:50:53"}},{"id":"134","name":"\u00c7ATAK","box_count":"48","open_box_count":"0","voter_count":"11662","total_valid_vote":"0","results":{"rte":"0","mi":"0","tk":"0","dp":"0","ma":"0","sd":"0","updated_at":"2018-06-24 17:50:53"}},{"id":"207","name":"ERC\u0130\u015e","box_count":"312","open_box_count":"4","voter_count":"97595","total_valid_vote":"552","results":{"rte":"15","mi":"9","tk":"3","dp":"5","ma":"239","sd":"281","updated_at":"2018-06-24 18:17:06"}},{"id":"247","name":"GEVA\u015e","box_count":"68","open_box_count":"0","voter_count":"17662","total_valid_vote":"0","results":{"rte":"0","mi":"0","tk":"0","dp":"0","ma":"0","sd":"0","updated_at":"2018-06-24 17:50:53"}},{"id":"269","name":"G\u00dcRPINAR","box_count":"84","open_box_count":"0","voter_count":"20678","total_valid_vote":"0","results":{"rte":"0","mi":"0","tk":"0","dp":"0","ma":"0","sd":"0","updated_at":"2018-06-24 17:50:53"}},{"id":"426","name":"MURAD\u0130YE","box_count":"102","open_box_count":"2","voter_count":"27446","total_valid_vote":"285","results":{"rte":"1","mi":"2","tk":"6","dp":"0","ma":"201","sd":"75","updated_at":"2018-06-24 18:17:09"}},{"id":"458","name":"\u00d6ZALP","box_count":"119","open_box_count":"1","voter_count":"35221","total_valid_vote":"241","results":{"rte":"4","mi":"1","tk":"0","dp":"0","ma":"228","sd":"8","updated_at":"2018-06-24 18:17:09"}},{"id":"663","name":"BAH\u00c7ESARAY","box_count":"33","open_box_count":"0","voter_count":"7746","total_valid_vote":"0","results":{"rte":"0","mi":"0","tk":"0","dp":"0","ma":"0","sd":"0","updated_at":"2018-06-24 17:50:53"}},{"id":"679","name":"\u00c7ALDIRAN","box_count":"124","open_box_count":"2","voter_count":"32174","total_valid_vote":"400","results":{"rte":"18","mi":"8","tk":"1","dp":"1","ma":"282","sd":"90","updated_at":"2018-06-24 18:17:13"}},{"id":"811","name":"EDREM\u0130T","box_count":"224","open_box_count":"1","voter_count":"75697","total_valid_vote":"32","results":{"rte":"1","mi":"0","tk":"0","dp":"0","ma":"25","sd":"6","updated_at":"2018-06-24 18:17:14"}},{"id":"873","name":"SARAY","box_count":"42","open_box_count":"0","voter_count":"11651","total_valid_vote":"0","results":{"rte":"0","mi":"0","tk":"0","dp":"0","ma":"0","sd":"0","updated_at":"2018-06-24 17:50:53"}},{"id":"1041","name":"TU\u015eBA","box_count":"277","open_box_count":"0","voter_count":"87062","total_valid_vote":"0","results":{"rte":"0","mi":"0","tk":"0","dp":"0","ma":"0","sd":"0","updated_at":"2018-06-24 17:50:53"}},{"id":"1042","name":"\u0130PEKYOLU","box_count":"524","open_box_count":"1","voter_count":"185524","total_valid_vote":"237","results":{"rte":"2","mi":"0","tk":"1","dp":"0","ma":"127","sd":"107","updated_at":"2018-06-24 18:17:15"}}]]}