{"id":"22","name":"ED\u0130RNE","box_count":"999","open_box_count":"946","voter_count":"310614","total_valid_vote":"252120","results":{"rte":"81817","mi":"136177","tk":"1626","dp":"670","ma":"25800","sd":"6030","updated_at":"2018-06-24 23:33:15"},"districts":[[{"id":"193","name":"ED\u0130RNE MERKEZ","box_count":"376","open_box_count":"348","voter_count":"129665","total_valid_vote":"102303","results":{"rte":"33329","mi":"54903","tk":"879","dp":"258","ma":"8866","sd":"4068","updated_at":"2018-06-24 23:32:33"}},{"id":"205","name":"ENEZ","box_count":"34","open_box_count":"30","voter_count":"9309","total_valid_vote":"7329","results":{"rte":"1748","mi":"4303","tk":"32","dp":"19","ma":"771","sd":"456","updated_at":"2018-06-24 23:32:35"}},{"id":"282","name":"HAVSA","box_count":"54","open_box_count":"54","voter_count":"15815","total_valid_vote":"13916","results":{"rte":"3999","mi":"7546","tk":"157","dp":"29","ma":"1900","sd":"285","updated_at":"2018-06-24 23:32:41"}},{"id":"309","name":"\u0130PSALA","box_count":"74","open_box_count":"70","voter_count":"21984","total_valid_vote":"17918","results":{"rte":"6747","mi":"8824","tk":"71","dp":"42","ma":"2106","sd":"128","updated_at":"2018-06-24 23:32:42"}},{"id":"358","name":"KE\u015eAN","box_count":"205","open_box_count":"205","voter_count":"62536","total_valid_vote":"54002","results":{"rte":"17808","mi":"30390","tk":"198","dp":"131","ma":"4812","sd":"663","updated_at":"2018-06-24 23:32:45"}},{"id":"395","name":"LALAPA\u015eA","box_count":"31","open_box_count":"31","voter_count":"5373","total_valid_vote":"4690","results":{"rte":"2034","mi":"1976","tk":"33","dp":"19","ma":"596","sd":"32","updated_at":"2018-06-24 23:32:49"}},{"id":"416","name":"MER\u0130\u00c7","box_count":"43","open_box_count":"43","voter_count":"11788","total_valid_vote":"9786","results":{"rte":"3454","mi":"5003","tk":"64","dp":"35","ma":"1163","sd":"67","updated_at":"2018-06-24 23:32:50"}},{"id":"598","name":"UZUNK\u00d6PR\u00dc","box_count":"164","open_box_count":"147","voter_count":"49212","total_valid_vote":"37892","results":{"rte":"11072","mi":"21241","tk":"150","dp":"119","ma":"5004","sd":"306","updated_at":"2018-06-24 23:32:59"}},{"id":"881","name":"S\u00dcLO\u011eLU","box_count":"18","open_box_count":"18","voter_count":"4932","total_valid_vote":"4284","results":{"rte":"1626","mi":"1991","tk":"42","dp":"18","ma":"582","sd":"25","updated_at":"2018-06-24 23:33:09"}}]]}