{"id":"76","name":"I\u011eDIR","box_count":"407","open_box_count":"217","voter_count":"119655","total_valid_vote":"48235","results":{"rte":"15889","mi":"9658","tk":"234","dp":"80","ma":"4232","sd":"18142","updated_at":"2018-06-24 23:33:14"},"districts":[[{"id":"41","name":"ARALIK","box_count":"48","open_box_count":"31","voter_count":"12697","total_valid_vote":"6108","results":{"rte":"2055","mi":"1180","tk":"54","dp":"11","ma":"200","sd":"2608","updated_at":"2018-06-24 23:32:18"}},{"id":"295","name":"I\u011eDIR MERKEZ","box_count":"244","open_box_count":"116","voter_count":"83206","total_valid_vote":"30672","results":{"rte":"9698","mi":"6710","tk":"138","dp":"36","ma":"2825","sd":"11265","updated_at":"2018-06-24 23:32:42"}},{"id":"585","name":"TUZLUCA","box_count":"82","open_box_count":"42","voter_count":"14757","total_valid_vote":"6071","results":{"rte":"1737","mi":"920","tk":"33","dp":"20","ma":"765","sd":"2596","updated_at":"2018-06-24 23:32:59"}},{"id":"903","name":"KARAKOYUNLU","box_count":"33","open_box_count":"28","voter_count":"8995","total_valid_vote":"5384","results":{"rte":"2399","mi":"848","tk":"9","dp":"13","ma":"442","sd":"1673","updated_at":"2018-06-24 23:33:09"}}]]}