{"id":"8","name":"ARTV\u0130N","box_count":"631","open_box_count":"474","voter_count":"131275","total_valid_vote":"89460","results":{"rte":"41623","mi":"38474","tk":"887","dp":"216","ma":"7533","sd":"727","updated_at":"2018-06-24 23:33:14"},"districts":[[{"id":"44","name":"ARDANU\u00c7","box_count":"65","open_box_count":"20","voter_count":"9196","total_valid_vote":"2130","results":{"rte":"682","mi":"1186","tk":"23","dp":"6","ma":"220","sd":"13","updated_at":"2018-06-24 23:32:18"}},{"id":"46","name":"ARHAV\u0130","box_count":"69","open_box_count":"68","voter_count":"16214","total_valid_vote":"13637","results":{"rte":"7457","mi":"4877","tk":"173","dp":"29","ma":"1037","sd":"64","updated_at":"2018-06-24 23:32:19"}},{"id":"51","name":"ARTV\u0130N MERKEZ","box_count":"110","open_box_count":"80","voter_count":"25085","total_valid_vote":"15723","results":{"rte":"6396","mi":"7294","tk":"166","dp":"36","ma":"1721","sd":"110","updated_at":"2018-06-24 23:32:19"}},{"id":"101","name":"BOR\u00c7KA","box_count":"66","open_box_count":"63","voter_count":"16979","total_valid_vote":"13865","results":{"rte":"8201","mi":"4522","tk":"146","dp":"29","ma":"912","sd":"55","updated_at":"2018-06-24 23:32:24"}},{"id":"292","name":"HOPA","box_count":"69","open_box_count":"69","voter_count":"19741","total_valid_vote":"16955","results":{"rte":"6174","mi":"9197","tk":"163","dp":"42","ma":"1109","sd":"270","updated_at":"2018-06-24 23:32:41"}},{"id":"546","name":"\u015eAV\u015eAT","box_count":"91","open_box_count":"72","voter_count":"15624","total_valid_vote":"9642","results":{"rte":"3793","mi":"4637","tk":"99","dp":"38","ma":"997","sd":"78","updated_at":"2018-06-24 23:32:58"}},{"id":"629","name":"YUSUFEL\u0130","box_count":"115","open_box_count":"56","voter_count":"17157","total_valid_vote":"7636","results":{"rte":"5373","mi":"1489","tk":"68","dp":"23","ma":"666","sd":"17","updated_at":"2018-06-24 23:33:00"}},{"id":"721","name":"MURGUL","box_count":"20","open_box_count":"20","voter_count":"4531","total_valid_vote":"3907","results":{"rte":"1748","mi":"1590","tk":"32","dp":"3","ma":"520","sd":"14","updated_at":"2018-06-24 23:33:03"}},{"id":"11888","name":"KEMALPA\u015eA","box_count":"26","open_box_count":"26","voter_count":"6748","total_valid_vote":"5965","results":{"rte":"1799","mi":"3682","tk":"17","dp":"10","ma":"351","sd":"106","updated_at":"2018-06-24 23:33:12"}}]]}