{"id":"62","name":"TUNCEL\u0130","box_count":"433","open_box_count":"300","voter_count":"64290","total_valid_vote":"40307","results":{"rte":"7189","mi":"23312","tk":"80","dp":"59","ma":"944","sd":"8723","updated_at":"2018-06-24 23:33:15"},"districts":[[{"id":"145","name":"\u00c7EM\u0130\u015eGEZEK","box_count":"39","open_box_count":"23","voter_count":"6038","total_valid_vote":"3189","results":{"rte":"1815","mi":"1057","tk":"15","dp":"3","ma":"144","sd":"155","updated_at":"2018-06-24 23:32:29"}},{"id":"294","name":"HOZAT","box_count":"32","open_box_count":"23","voter_count":"4500","total_valid_vote":"2986","results":{"rte":"407","mi":"2022","tk":"6","dp":"3","ma":"46","sd":"502","updated_at":"2018-06-24 23:32:42"}},{"id":"411","name":"MAZG\u0130RT","box_count":"75","open_box_count":"61","voter_count":"6718","total_valid_vote":"4558","results":{"rte":"475","mi":"2760","tk":"0","dp":"0","ma":"36","sd":"1287","updated_at":"2018-06-24 23:32:50"}},{"id":"434","name":"NAZIM\u0130YE","box_count":"28","open_box_count":"17","voter_count":"2810","total_valid_vote":"1470","results":{"rte":"159","mi":"1045","tk":"1","dp":"5","ma":"19","sd":"241","updated_at":"2018-06-24 23:32:52"}},{"id":"455","name":"OVACIK","box_count":"64","open_box_count":"35","voter_count":"5406","total_valid_vote":"2356","results":{"rte":"230","mi":"1652","tk":"0","dp":"7","ma":"6","sd":"461","updated_at":"2018-06-24 23:32:55"}},{"id":"467","name":"PERTEK","box_count":"61","open_box_count":"34","voter_count":"8813","total_valid_vote":"3830","results":{"rte":"804","mi":"2094","tk":"8","dp":"8","ma":"78","sd":"838","updated_at":"2018-06-24 23:32:55"}},{"id":"474","name":"P\u00dcL\u00dcM\u00dcR","box_count":"13","open_box_count":"12","voter_count":"3021","total_valid_vote":"2453","results":{"rte":"282","mi":"1931","tk":"4","dp":"6","ma":"35","sd":"195","updated_at":"2018-06-24 23:32:55"}},{"id":"581","name":"TUNCEL\u0130 MERKEZ","box_count":"121","open_box_count":"95","voter_count":"26984","total_valid_vote":"19465","results":{"rte":"3017","mi":"10751","tk":"46","dp":"27","ma":"580","sd":"5044","updated_at":"2018-06-24 23:32:59"}}]]}