{"id":"46","name":"KAHRAMANMARA\u015e","box_count":"2387","open_box_count":"1957","voter_count":"738677","total_valid_vote":"527720","results":{"rte":"386821","mi":"77917","tk":"5811","dp":"790","ma":"46307","sd":"10074","updated_at":"2018-06-24 23:33:13"},"districts":[[{"id":"7","name":"AF\u015e\u0130N","box_count":"186","open_box_count":"167","voter_count":"54233","total_valid_vote":"40260","results":{"rte":"28917","mi":"6359","tk":"303","dp":"69","ma":"4253","sd":"359","updated_at":"2018-06-24 23:32:15"}},{"id":"36","name":"ANDIRIN","box_count":"97","open_box_count":"88","voter_count":"25097","total_valid_vote":"19513","results":{"rte":"12503","mi":"4344","tk":"226","dp":"69","ma":"2333","sd":"38","updated_at":"2018-06-24 23:32:18"}},{"id":"197","name":"ELB\u0130STAN","box_count":"319","open_box_count":"264","voter_count":"95724","total_valid_vote":"66347","results":{"rte":"42527","mi":"13303","tk":"768","dp":"95","ma":"8457","sd":"1197","updated_at":"2018-06-24 23:32:34"}},{"id":"250","name":"G\u00d6KSUN","box_count":"144","open_box_count":"134","voter_count":"36557","total_valid_vote":"28527","results":{"rte":"20614","mi":"4480","tk":"347","dp":"43","ma":"2915","sd":"128","updated_at":"2018-06-24 23:32:39"}},{"id":"463","name":"PAZARCIK","box_count":"172","open_box_count":"155","voter_count":"45609","total_valid_vote":"34890","results":{"rte":"18399","mi":"8931","tk":"116","dp":"63","ma":"1906","sd":"5475","updated_at":"2018-06-24 23:32:55"}},{"id":"587","name":"T\u00dcRKO\u011eLU","box_count":"150","open_box_count":"124","voter_count":"45008","total_valid_vote":"32956","results":{"rte":"25972","mi":"3735","tk":"481","dp":"51","ma":"2593","sd":"124","updated_at":"2018-06-24 23:32:59"}},{"id":"812","name":"EK\u0130N\u00d6Z\u00dc","box_count":"32","open_box_count":"32","voter_count":"8304","total_valid_vote":"7274","results":{"rte":"4796","mi":"1390","tk":"44","dp":"12","ma":"739","sd":"293","updated_at":"2018-06-24 23:33:06"}},{"id":"868","name":"NURHAK","box_count":"34","open_box_count":"34","voter_count":"9068","total_valid_vote":"7263","results":{"rte":"2745","mi":"3412","tk":"91","dp":"20","ma":"504","sd":"491","updated_at":"2018-06-24 23:33:08"}},{"id":"1027","name":"\u00c7A\u011eLAYANCER\u0130T","box_count":"52","open_box_count":"35","voter_count":"15915","total_valid_vote":"8731","results":{"rte":"4886","mi":"2137","tk":"71","dp":"22","ma":"1370","sd":"245","updated_at":"2018-06-24 23:33:12"}},{"id":"1045","name":"DULKAD\u0130RO\u011eLU","box_count":"427","open_box_count":"281","voter_count":"140478","total_valid_vote":"83221","results":{"rte":"67957","mi":"8683","tk":"818","dp":"104","ma":"4606","sd":"1053","updated_at":"2018-06-24 23:33:12"}},{"id":"1046","name":"ON\u0130K\u0130\u015eUBAT","box_count":"774","open_box_count":"643","voter_count":"262684","total_valid_vote":"198738","results":{"rte":"157505","mi":"21143","tk":"2546","dp":"242","ma":"16631","sd":"671","updated_at":"2018-06-24 23:33:12"}}]]}