{"id":"37","name":"KASTAMONU","box_count":"1623","open_box_count":"1491","voter_count":"285633","total_valid_vote":"221675","results":{"rte":"151884","mi":"44776","tk":"1679","dp":"657","ma":"21955","sd":"724","updated_at":"2018-06-24 23:33:13"},"districts":[[{"id":"1","name":"ABANA","box_count":"22","open_box_count":"22","voter_count":"3293","total_valid_vote":"2753","results":{"rte":"1751","mi":"812","tk":"19","dp":"6","ma":"160","sd":"5","updated_at":"2018-06-24 23:32:11"}},{"id":"39","name":"ARA\u00c7","box_count":"138","open_box_count":"138","voter_count":"15078","total_valid_vote":"12750","results":{"rte":"8786","mi":"2646","tk":"88","dp":"50","ma":"1150","sd":"30","updated_at":"2018-06-24 23:32:18"}},{"id":"61","name":"AZDAVAY","box_count":"57","open_box_count":"57","voter_count":"6112","total_valid_vote":"4957","results":{"rte":"2748","mi":"1466","tk":"29","dp":"23","ma":"669","sd":"22","updated_at":"2018-06-24 23:32:20"}},{"id":"107","name":"BOZKURT","box_count":"49","open_box_count":"49","voter_count":"7879","total_valid_vote":"6569","results":{"rte":"5032","mi":"826","tk":"98","dp":"21","ma":"583","sd":"9","updated_at":"2018-06-24 23:32:25"}},{"id":"119","name":"C\u0130DE","box_count":"108","open_box_count":"95","voter_count":"18047","total_valid_vote":"12988","results":{"rte":"8561","mi":"3019","tk":"88","dp":"43","ma":"1186","sd":"91","updated_at":"2018-06-24 23:32:26"}},{"id":"136","name":"\u00c7ATALZEYT\u0130N","box_count":"47","open_box_count":"47","voter_count":"5530","total_valid_vote":"4539","results":{"rte":"3349","mi":"830","tk":"51","dp":"11","ma":"277","sd":"21","updated_at":"2018-06-24 23:32:28"}},{"id":"162","name":"DADAY","box_count":"68","open_box_count":"66","voter_count":"7041","total_valid_vote":"5716","results":{"rte":"3279","mi":"1767","tk":"51","dp":"22","ma":"578","sd":"19","updated_at":"2018-06-24 23:32:30"}},{"id":"175","name":"DEVREKAN\u0130","box_count":"68","open_box_count":"67","voter_count":"9896","total_valid_vote":"8269","results":{"rte":"6033","mi":"1168","tk":"61","dp":"29","ma":"955","sd":"23","updated_at":"2018-06-24 23:32:32"}},{"id":"307","name":"\u0130NEBOLU","box_count":"105","open_box_count":"92","voter_count":"15896","total_valid_vote":"10231","results":{"rte":"7606","mi":"1579","tk":"90","dp":"44","ma":"874","sd":"38","updated_at":"2018-06-24 23:32:42"}},{"id":"345","name":"KASTAMONU MERKEZ","box_count":"403","open_box_count":"357","voter_count":"102847","total_valid_vote":"81475","results":{"rte":"51787","mi":"19855","tk":"614","dp":"180","ma":"8745","sd":"294","updated_at":"2018-06-24 23:32:44"}},{"id":"392","name":"K\u00dcRE","box_count":"45","open_box_count":"41","voter_count":"4494","total_valid_vote":"3405","results":{"rte":"2382","mi":"657","tk":"10","dp":"25","ma":"319","sd":"12","updated_at":"2018-06-24 23:32:48"}},{"id":"559","name":"TA\u015eK\u00d6PR\u00dc","box_count":"170","open_box_count":"159","voter_count":"30579","total_valid_vote":"23739","results":{"rte":"16129","mi":"4440","tk":"113","dp":"59","ma":"2954","sd":"44","updated_at":"2018-06-24 23:32:58"}},{"id":"578","name":"TOSYA","box_count":"135","open_box_count":"131","voter_count":"32513","total_valid_vote":"27040","results":{"rte":"22060","mi":"2702","tk":"241","dp":"82","ma":"1903","sd":"52","updated_at":"2018-06-24 23:32:59"}},{"id":"698","name":"\u0130HSANGAZ\u0130","box_count":"35","open_box_count":"26","voter_count":"4273","total_valid_vote":"2627","results":{"rte":"2051","mi":"332","tk":"16","dp":"7","ma":"217","sd":"4","updated_at":"2018-06-24 23:33:03"}},{"id":"729","name":"PINARBA\u015eI","box_count":"35","open_box_count":"21","voter_count":"4766","total_valid_vote":"2366","results":{"rte":"1521","mi":"522","tk":"32","dp":"9","ma":"272","sd":"10","updated_at":"2018-06-24 23:33:04"}},{"id":"738","name":"\u015eENPAZAR","box_count":"31","open_box_count":"29","voter_count":"3859","total_valid_vote":"2756","results":{"rte":"2055","mi":"458","tk":"20","dp":"9","ma":"203","sd":"11","updated_at":"2018-06-24 23:33:04"}},{"id":"760","name":"A\u011eLI","box_count":"25","open_box_count":"25","voter_count":"2395","total_valid_vote":"1975","results":{"rte":"1500","mi":"253","tk":"15","dp":"7","ma":"191","sd":"9","updated_at":"2018-06-24 23:33:05"}},{"id":"808","name":"DO\u011eANYURT","box_count":"29","open_box_count":"17","voter_count":"4635","total_valid_vote":"2064","results":{"rte":"1663","mi":"251","tk":"9","dp":"3","ma":"133","sd":"5","updated_at":"2018-06-24 23:33:06"}},{"id":"833","name":"HAN\u00d6N\u00dc","box_count":"26","open_box_count":"25","voter_count":"3305","total_valid_vote":"2653","results":{"rte":"1630","mi":"714","tk":"17","dp":"19","ma":"259","sd":"14","updated_at":"2018-06-24 23:33:07"}},{"id":"877","name":"SEYD\u0130LER","box_count":"27","open_box_count":"27","voter_count":"3195","total_valid_vote":"2803","results":{"rte":"1961","mi":"479","tk":"17","dp":"8","ma":"327","sd":"11","updated_at":"2018-06-24 23:33:08"}}]]}