{"id":"10","name":"BALIKES\u0130R","box_count":"3238","open_box_count":"47","voter_count":"945092","total_valid_vote":"6669","results":{"rte":"3277","mi":"2500","tk":"69","dp":"20","ma":"744","sd":"59","updated_at":"2018-06-24 18:10:25"},"districts":[[{"id":"60","name":"AYVALIK","box_count":"177","open_box_count":"0","voter_count":"58848","total_valid_vote":"0","results":{"rte":"0","mi":"0","tk":"0","dp":"0","ma":"0","sd":"0","updated_at":"2018-06-24 17:50:53"}},{"id":"68","name":"BALYA","box_count":"59","open_box_count":"0","voter_count":"11265","total_valid_vote":"0","results":{"rte":"0","mi":"0","tk":"0","dp":"0","ma":"0","sd":"0","updated_at":"2018-06-24 17:50:53"}},{"id":"70","name":"BANDIRMA","box_count":"343","open_box_count":"7","voter_count":"114498","total_valid_vote":"1169","results":{"rte":"455","mi":"571","tk":"11","dp":"3","ma":"107","sd":"22","updated_at":"2018-06-24 18:10:12"}},{"id":"90","name":"B\u0130GAD\u0130\u00c7","box_count":"143","open_box_count":"3","voter_count":"37243","total_valid_vote":"764","results":{"rte":"334","mi":"323","tk":"12","dp":"2","ma":"91","sd":"2","updated_at":"2018-06-24 18:10:12"}},{"id":"115","name":"BURHAN\u0130YE","box_count":"149","open_box_count":"1","voter_count":"47436","total_valid_vote":"20","results":{"rte":"9","mi":"10","tk":"0","dp":"0","ma":"1","sd":"0","updated_at":"2018-06-24 18:10:12"}},{"id":"189","name":"DURSUNBEY","box_count":"161","open_box_count":"9","voter_count":"28959","total_valid_vote":"1005","results":{"rte":"795","mi":"102","tk":"11","dp":"2","ma":"90","sd":"5","updated_at":"2018-06-24 18:10:13"}},{"id":"192","name":"EDREM\u0130T","box_count":"350","open_box_count":"0","voter_count":"121762","total_valid_vote":"0","results":{"rte":"0","mi":"0","tk":"0","dp":"0","ma":"0","sd":"0","updated_at":"2018-06-24 17:50:53"}},{"id":"208","name":"ERDEK","box_count":"89","open_box_count":"0","voter_count":"27071","total_valid_vote":"0","results":{"rte":"0","mi":"0","tk":"0","dp":"0","ma":"0","sd":"0","updated_at":"2018-06-24 17:50:53"}},{"id":"257","name":"G\u00d6NEN","box_count":"224","open_box_count":"3","voter_count":"59371","total_valid_vote":"136","results":{"rte":"80","mi":"43","tk":"2","dp":"0","ma":"11","sd":"0","updated_at":"2018-06-24 18:10:14"}},{"id":"281","name":"HAVRAN","box_count":"73","open_box_count":"0","voter_count":"20700","total_valid_vote":"0","results":{"rte":"0","mi":"0","tk":"0","dp":"0","ma":"0","sd":"0","updated_at":"2018-06-24 17:50:53"}},{"id":"314","name":"\u0130VR\u0130ND\u0130","box_count":"111","open_box_count":"1","voter_count":"26301","total_valid_vote":"13","results":{"rte":"7","mi":"4","tk":"1","dp":"0","ma":"0","sd":"1","updated_at":"2018-06-24 18:10:15"}},{"id":"356","name":"KEPSUT","box_count":"92","open_box_count":"1","voter_count":"17272","total_valid_vote":"34","results":{"rte":"28","mi":"1","tk":"0","dp":"0","ma":"5","sd":"0","updated_at":"2018-06-24 18:10:15"}},{"id":"407","name":"MANYAS","box_count":"72","open_box_count":"6","voter_count":"16045","total_valid_vote":"896","results":{"rte":"303","mi":"442","tk":"11","dp":"5","ma":"134","sd":"1","updated_at":"2018-06-24 18:10:16"}},{"id":"501","name":"SAVA\u015eTEPE","box_count":"77","open_box_count":"2","voter_count":"14272","total_valid_vote":"127","results":{"rte":"80","mi":"26","tk":"1","dp":"0","ma":"7","sd":"13","updated_at":"2018-06-24 18:10:17"}},{"id":"512","name":"SINDIRGI","box_count":"119","open_box_count":"11","voter_count":"28821","total_valid_vote":"2075","results":{"rte":"897","mi":"892","tk":"18","dp":"7","ma":"252","sd":"9","updated_at":"2018-06-24 18:10:17"}},{"id":"537","name":"SUSURLUK","box_count":"119","open_box_count":"1","voter_count":"31196","total_valid_vote":"75","results":{"rte":"47","mi":"20","tk":"0","dp":"0","ma":"7","sd":"1","updated_at":"2018-06-24 18:10:18"}},{"id":"717","name":"MARMARA","box_count":"30","open_box_count":"0","voter_count":"7880","total_valid_vote":"0","results":{"rte":"0","mi":"0","tk":"0","dp":"0","ma":"0","sd":"0","updated_at":"2018-06-24 17:50:53"}},{"id":"821","name":"G\u00d6ME\u00c7","box_count":"36","open_box_count":"0","voter_count":"11307","total_valid_vote":"0","results":{"rte":"0","mi":"0","tk":"0","dp":"0","ma":"0","sd":"0","updated_at":"2018-06-24 17:50:53"}},{"id":"1029","name":"KARES\u0130","box_count":"403","open_box_count":"0","voter_count":"134333","total_valid_vote":"0","results":{"rte":"0","mi":"0","tk":"0","dp":"0","ma":"0","sd":"0","updated_at":"2018-06-24 17:50:53"}},{"id":"1030","name":"ALTIEYL\u00dcL","box_count":"411","open_box_count":"2","voter_count":"130512","total_valid_vote":"355","results":{"rte":"242","mi":"66","tk":"2","dp":"1","ma":"39","sd":"5","updated_at":"2018-06-24 18:10:24"}}]]}