{"id":"41","name":"KOCAEL\u0130","box_count":"3858","open_box_count":"2874","voter_count":"1334402","total_valid_vote":"866233","results":{"rte":"501340","mi":"226794","tk":"12646","dp":"1366","ma":"60280","sd":"63807","updated_at":"2018-06-24 23:33:15"},"districts":[[{"id":"235","name":"GEBZE","box_count":"714","open_box_count":"481","voter_count":"259788","total_valid_vote":"153505","results":{"rte":"92325","mi":"41180","tk":"2043","dp":"237","ma":"9055","sd":"8665","updated_at":"2018-06-24 23:32:37"}},{"id":"252","name":"G\u00d6LC\u00dcK","box_count":"332","open_box_count":"271","voter_count":"116600","total_valid_vote":"83245","results":{"rte":"48671","mi":"25298","tk":"1336","dp":"124","ma":"6210","sd":"1606","updated_at":"2018-06-24 23:32:39"}},{"id":"325","name":"KANDIRA","box_count":"163","open_box_count":"166","voter_count":"35546","total_valid_vote":"29989","results":{"rte":"18888","mi":"7143","tk":"388","dp":"82","ma":"3117","sd":"371","updated_at":"2018-06-24 23:32:43"}},{"id":"335","name":"KARAM\u00dcRSEL","box_count":"135","open_box_count":"122","voter_count":"42745","total_valid_vote":"32958","results":{"rte":"19298","mi":"9742","tk":"809","dp":"39","ma":"2644","sd":"426","updated_at":"2018-06-24 23:32:43"}},{"id":"714","name":"K\u00d6RFEZ","box_count":"326","open_box_count":"267","voter_count":"114658","total_valid_vote":"83290","results":{"rte":"46931","mi":"22695","tk":"1379","dp":"136","ma":"6471","sd":"5678","updated_at":"2018-06-24 23:33:03"}},{"id":"922","name":"DER\u0130NCE","box_count":"294","open_box_count":"205","voter_count":"103074","total_valid_vote":"62733","results":{"rte":"32514","mi":"16426","tk":"813","dp":"88","ma":"4799","sd":"8093","updated_at":"2018-06-24 23:33:10"}},{"id":"995","name":"BA\u015e\u0130SKELE","box_count":"197","open_box_count":"174","voter_count":"66499","total_valid_vote":"52730","results":{"rte":"35889","mi":"11139","tk":"1193","dp":"78","ma":"3744","sd":"687","updated_at":"2018-06-24 23:33:11"}},{"id":"996","name":"\u00c7AYIROVA","box_count":"242","open_box_count":"216","voter_count":"88216","total_valid_vote":"68816","results":{"rte":"41791","mi":"17982","tk":"1051","dp":"88","ma":"3254","sd":"4650","updated_at":"2018-06-24 23:33:11"}},{"id":"997","name":"DARICA","box_count":"379","open_box_count":"307","voter_count":"138467","total_valid_vote":"97123","results":{"rte":"56285","mi":"26352","tk":"1047","dp":"131","ma":"5899","sd":"7409","updated_at":"2018-06-24 23:33:11"}},{"id":"998","name":"D\u0130LOVASI","box_count":"90","open_box_count":"69","voter_count":"31109","total_valid_vote":"20367","results":{"rte":"8778","mi":"1515","tk":"158","dp":"44","ma":"2317","sd":"7555","updated_at":"2018-06-24 23:33:11"}},{"id":"999","name":"\u0130ZM\u0130T","box_count":"752","open_box_count":"405","voter_count":"255778","total_valid_vote":"122051","results":{"rte":"62072","mi":"34083","tk":"1651","dp":"225","ma":"8483","sd":"15537","updated_at":"2018-06-24 23:33:11"}},{"id":"1000","name":"KARTEPE","box_count":"234","open_box_count":"191","voter_count":"81922","total_valid_vote":"59426","results":{"rte":"37898","mi":"13239","tk":"778","dp":"94","ma":"4287","sd":"3130","updated_at":"2018-06-24 23:33:11"}}]]}