{"id":"81","name":"D\u00dcZCE","box_count":"912","open_box_count":"883","voter_count":"267610","total_valid_vote":"229275","results":{"rte":"166962","mi":"42373","tk":"2519","dp":"572","ma":"13920","sd":"2929","updated_at":"2018-06-24 23:33:13"},"districts":[[{"id":"16","name":"AK\u00c7AKOCA","box_count":"108","open_box_count":"106","voter_count":"29502","total_valid_vote":"25383","results":{"rte":"15677","mi":"7068","tk":"358","dp":"79","ma":"1848","sd":"353","updated_at":"2018-06-24 23:32:16"}},{"id":"190","name":"D\u00dcZCE MERKEZ","box_count":"498","open_box_count":"492","voter_count":"160924","total_valid_vote":"140892","results":{"rte":"101359","mi":"26474","tk":"1610","dp":"349","ma":"8762","sd":"2338","updated_at":"2018-06-24 23:32:33"}},{"id":"623","name":"YI\u011eILCA","box_count":"59","open_box_count":"59","voter_count":"11269","total_valid_vote":"9739","results":{"rte":"8219","mi":"956","tk":"80","dp":"41","ma":"414","sd":"29","updated_at":"2018-06-24 23:33:00"}},{"id":"677","name":"CUMAYER\u0130","box_count":"43","open_box_count":"43","voter_count":"10435","total_valid_vote":"9396","results":{"rte":"7522","mi":"1062","tk":"126","dp":"17","ma":"575","sd":"94","updated_at":"2018-06-24 23:33:02"}},{"id":"687","name":"G\u00d6LYAKA","box_count":"58","open_box_count":"58","voter_count":"15551","total_valid_vote":"13961","results":{"rte":"10157","mi":"2976","tk":"131","dp":"39","ma":"633","sd":"25","updated_at":"2018-06-24 23:33:02"}},{"id":"798","name":"\u00c7\u0130L\u0130ML\u0130","box_count":"48","open_box_count":"50","voter_count":"13090","total_valid_vote":"12205","results":{"rte":"9840","mi":"1404","tk":"104","dp":"14","ma":"791","sd":"52","updated_at":"2018-06-24 23:33:06"}},{"id":"909","name":"G\u00dcM\u00dc\u015eOVA","box_count":"41","open_box_count":"18","voter_count":"11565","total_valid_vote":"4063","results":{"rte":"3056","mi":"668","tk":"16","dp":"5","ma":"305","sd":"13","updated_at":"2018-06-24 23:33:10"}},{"id":"923","name":"KAYNA\u015eLI","box_count":"57","open_box_count":"57","voter_count":"15274","total_valid_vote":"13636","results":{"rte":"11132","mi":"1765","tk":"94","dp":"28","ma":"592","sd":"25","updated_at":"2018-06-24 23:33:10"}}]]}