{"id":"34","name":"\u0130STANBUL","box_count":"29039","open_box_count":"27461","voter_count":"10559686","total_valid_vote":"4107919","results":{"rte":"136476","mi":"1351908","tk":"27064","dp":"2483591","ma":"54440","sd":"54440","updated_at":"2018-06-24 16:31:24"},"districts":{"bir":[{"id":"3","name":"ADALAR","box_count":"38","open_box_count":"36","voter_count":"11967","total_valid_vote":"4886","results":{"rte":"171","mi":"1609","tk":"29","dp":"2947","ma":"65","sd":"65","updated_at":"2018-06-24 16:30:53"}},{"id":"84","name":"BEYKOZ","box_count":"517","open_box_count":"491","voter_count":"184234","total_valid_vote":"71986","results":{"rte":"2414","mi":"23689","tk":"463","dp":"43512","ma":"954","sd":"954","updated_at":"2018-06-24 16:30:56"}},{"id":"316","name":"KADIK\u00d6Y","box_count":"1009","open_box_count":"904","voter_count":"363413","total_valid_vote":"135016","results":{"rte":"4515","mi":"44467","tk":"899","dp":"81529","ma":"1803","sd":"1803","updated_at":"2018-06-24 16:31:03"}},{"id":"344","name":"KARTAL","box_count":"947","open_box_count":"901","voter_count":"344826","total_valid_vote":"135171","results":{"rte":"4501","mi":"44503","tk":"897","dp":"81674","ma":"1798","sd":"1798","updated_at":"2018-06-24 16:31:04"}},{"id":"552","name":"\u015e\u0130LE","box_count":"103","open_box_count":"103","voter_count":"26912","total_valid_vote":"10989","results":{"rte":"383","mi":"3610","tk":"41","dp":"6683","ma":"136","sd":"136","updated_at":"2018-06-24 16:31:11"}},{"id":"601","name":"\u00dcSK\u00dcDAR","box_count":"1108","open_box_count":"1053","voter_count":"400677","total_valid_vote":"157361","results":{"rte":"5253","mi":"51806","tk":"1045","dp":"95063","ma":"2097","sd":"2097","updated_at":"2018-06-24 16:31:12"}},{"id":"728","name":"PEND\u0130K","box_count":"1341","open_box_count":"1258","voter_count":"491711","total_valid_vote":"189553","results":{"rte":"6277","mi":"62373","tk":"1250","dp":"114639","ma":"2507","sd":"2507","updated_at":"2018-06-24 16:31:16"}},{"id":"745","name":"\u00dcMRAN\u0130YE","box_count":"1337","open_box_count":"1234","voter_count":"491261","total_valid_vote":"185987","results":{"rte":"6160","mi":"61181","tk":"1232","dp":"112486","ma":"2464","sd":"2464","updated_at":"2018-06-24 16:31:16"}},{"id":"904","name":"MALTEPE","box_count":"1015","open_box_count":"953","voter_count":"367516","total_valid_vote":"142651","results":{"rte":"4724","mi":"46957","tk":"944","dp":"86248","ma":"1889","sd":"1889","updated_at":"2018-06-24 16:31:21"}},{"id":"906","name":"SULTANBEYL\u0130","box_count":"579","open_box_count":"553","voter_count":"213941","total_valid_vote":"84020","results":{"rte":"2765","mi":"27647","tk":"553","dp":"50843","ma":"1106","sd":"1106","updated_at":"2018-06-24 16:31:21"}},{"id":"907","name":"TUZLA","box_count":"482","open_box_count":"454","voter_count":"174845","total_valid_vote":"67935","results":{"rte":"2268","mi":"22366","tk":"452","dp":"41037","ma":"906","sd":"906","updated_at":"2018-06-24 16:31:21"}},{"id":"964","name":"ATA\u015eEH\u0130R","box_count":"833","open_box_count":"789","voter_count":"306446","total_valid_vote":"119679","results":{"rte":"3945","mi":"39353","tk":"789","dp":"72436","ma":"1578","sd":"1578","updated_at":"2018-06-24 16:31:22"}},{"id":"967","name":"\u00c7EKMEK\u00d6Y","box_count":"468","open_box_count":"451","voter_count":"170067","total_valid_vote":"67222","results":{"rte":"2253","mi":"22153","tk":"449","dp":"40567","ma":"900","sd":"900","updated_at":"2018-06-24 16:31:22"}},{"id":"969","name":"SANCAKTEPE","box_count":"735","open_box_count":"705","voter_count":"272270","total_valid_vote":"106975","results":{"rte":"3521","mi":"35216","tk":"701","dp":"64725","ma":"1406","sd":"1406","updated_at":"2018-06-24 16:31:22"}}],"iki":[{"id":"82","name":"BE\u015e\u0130KTA\u015e","box_count":"401","open_box_count":"390","voter_count":"140754","total_valid_vote":"56948","results":{"rte":"1947","mi":"18732","tk":"387","dp":"34328","ma":"777","sd":"777","updated_at":"2018-06-24 16:30:56"}},{"id":"85","name":"BEYO\u011eLU","box_count":"480","open_box_count":"447","voter_count":"170779","total_valid_vote":"65613","results":{"rte":"2210","mi":"21599","tk":"434","dp":"39614","ma":"878","sd":"878","updated_at":"2018-06-24 16:30:56"}},{"id":"223","name":"EY\u00dcPSULTAN","box_count":"756","open_box_count":"684","voter_count":"273863","total_valid_vote":"101661","results":{"rte":"3392","mi":"33449","tk":"669","dp":"61445","ma":"1353","sd":"1353","updated_at":"2018-06-24 16:31:00"}},{"id":"225","name":"FAT\u0130H","box_count":"799","open_box_count":"711","voter_count":"283991","total_valid_vote":"103523","results":{"rte":"3468","mi":"34066","tk":"673","dp":"62570","ma":"1373","sd":"1373","updated_at":"2018-06-24 16:31:00"}},{"id":"233","name":"GAZ\u0130OSMANPA\u015eA","box_count":"943","open_box_count":"885","voter_count":"349260","total_valid_vote":"134871","results":{"rte":"4425","mi":"44382","tk":"885","dp":"81639","ma":"1770","sd":"1770","updated_at":"2018-06-24 16:31:00"}},{"id":"497","name":"SARIYER","box_count":"698","open_box_count":"665","voter_count":"248940","total_valid_vote":"98058","results":{"rte":"3309","mi":"32256","tk":"649","dp":"59216","ma":"1314","sd":"1314","updated_at":"2018-06-24 16:31:09"}},{"id":"556","name":"\u015e\u0130\u015eL\u0130","box_count":"564","open_box_count":"537","voter_count":"204319","total_valid_vote":"79689","results":{"rte":"2679","mi":"26222","tk":"533","dp":"48115","ma":"1070","sd":"1070","updated_at":"2018-06-24 16:31:11"}},{"id":"632","name":"ZEYT\u0130NBURNU","box_count":"523","open_box_count":"484","voter_count":"191796","total_valid_vote":"72942","results":{"rte":"2413","mi":"23998","tk":"479","dp":"44126","ma":"963","sd":"963","updated_at":"2018-06-24 16:31:13"}},{"id":"703","name":"KA\u011eITHANE","box_count":"876","open_box_count":"834","voter_count":"319199","total_valid_vote":"125472","results":{"rte":"4170","mi":"41303","tk":"834","dp":"75829","ma":"1668","sd":"1668","updated_at":"2018-06-24 16:31:15"}},{"id":"779","name":"BAYRAMPA\u015eA","box_count":"547","open_box_count":"508","voter_count":"199348","total_valid_vote":"76278","results":{"rte":"2540","mi":"25128","tk":"508","dp":"46070","ma":"1016","sd":"1016","updated_at":"2018-06-24 16:31:17"}},{"id":"908","name":"ESENLER","box_count":"853","open_box_count":"838","voter_count":"310787","total_valid_vote":"126476","results":{"rte":"4165","mi":"41610","tk":"833","dp":"76536","ma":"1666","sd":"1666","updated_at":"2018-06-24 16:31:21"}},{"id":"970","name":"SULTANGAZ\u0130","box_count":"951","open_box_count":"882","voter_count":"350388","total_valid_vote":"133749","results":{"rte":"4410","mi":"44017","tk":"882","dp":"80912","ma":"1764","sd":"1764","updated_at":"2018-06-24 16:31:22"}}],"uc":[{"id":"65","name":"BAKIRK\u00d6Y","box_count":"466","open_box_count":"456","voter_count":"168450","total_valid_vote":"67712","results":{"rte":"2270","mi":"22294","tk":"454","dp":"40878","ma":"908","sd":"908","updated_at":"2018-06-24 16:30:55"}},{"id":"135","name":"\u00c7ATALCA","box_count":"161","open_box_count":"158","voter_count":"53501","total_valid_vote":"21578","results":{"rte":"742","mi":"7094","tk":"115","dp":"13083","ma":"272","sd":"272","updated_at":"2018-06-24 16:30:58"}},{"id":"515","name":"S\u0130L\u0130VR\u0130","box_count":"388","open_box_count":"370","voter_count":"120995","total_valid_vote":"47084","results":{"rte":"1598","mi":"15478","tk":"296","dp":"28466","ma":"623","sd":"623","updated_at":"2018-06-24 16:31:10"}},{"id":"675","name":"B\u00dcY\u00dcK\u00c7EKMECE","box_count":"474","open_box_count":"468","voter_count":"172351","total_valid_vote":"69944","results":{"rte":"2337","mi":"23029","tk":"465","dp":"42247","ma":"933","sd":"933","updated_at":"2018-06-24 16:31:14"}},{"id":"716","name":"K\u00dc\u00c7\u00dcK\u00c7EKMECE","box_count":"1474","open_box_count":"1406","voter_count":"541033","total_valid_vote":"211739","results":{"rte":"7030","mi":"69636","tk":"1406","dp":"128043","ma":"2812","sd":"2812","updated_at":"2018-06-24 16:31:15"}},{"id":"895","name":"AVCILAR","box_count":"818","open_box_count":"792","voter_count":"302286","total_valid_vote":"120602","results":{"rte":"3960","mi":"39684","tk":"792","dp":"72998","ma":"1584","sd":"1584","updated_at":"2018-06-24 16:31:21"}},{"id":"896","name":"BA\u011eCILAR","box_count":"1366","open_box_count":"1351","voter_count":"506091","total_valid_vote":"205513","results":{"rte":"6755","mi":"67649","tk":"1351","dp":"124354","ma":"2702","sd":"2702","updated_at":"2018-06-24 16:31:21"}},{"id":"897","name":"BAH\u00c7EL\u0130EVLER","box_count":"1161","open_box_count":"1117","voter_count":"427357","total_valid_vote":"168388","results":{"rte":"5585","mi":"55452","tk":"1117","dp":"101766","ma":"2234","sd":"2234","updated_at":"2018-06-24 16:31:21"}},{"id":"902","name":"G\u00dcNG\u00d6REN","box_count":"575","open_box_count":"560","voter_count":"211075","total_valid_vote":"84570","results":{"rte":"2800","mi":"27823","tk":"560","dp":"51147","ma":"1120","sd":"1120","updated_at":"2018-06-24 16:31:21"}},{"id":"963","name":"ARNAVUTK\u00d6Y","box_count":"475","open_box_count":"433","voter_count":"168986","total_valid_vote":"63441","results":{"rte":"2131","mi":"20891","tk":"404","dp":"38341","ma":"837","sd":"837","updated_at":"2018-06-24 16:31:22"}},{"id":"965","name":"BA\u015eAK\u015eEH\u0130R","box_count":"694","open_box_count":"662","voter_count":"253892","total_valid_vote":"99462","results":{"rte":"3303","mi":"32702","tk":"657","dp":"60162","ma":"1319","sd":"1319","updated_at":"2018-06-24 16:31:22"}},{"id":"966","name":"BEYL\u0130KD\u00dcZ\u00dc","box_count":"598","open_box_count":"486","voter_count":"220711","total_valid_vote":"73594","results":{"rte":"2430","mi":"24232","tk":"486","dp":"44502","ma":"972","sd":"972","updated_at":"2018-06-24 16:31:22"}},{"id":"968","name":"ESENYURT","box_count":"1486","open_box_count":"1452","voter_count":"549448","total_valid_vote":"219581","results":{"rte":"7257","mi":"72252","tk":"1451","dp":"132815","ma":"2903","sd":"2903","updated_at":"2018-06-24 16:31:22"}}]}}