{"id":"71","name":"KIRIKKALE","box_count":"701","open_box_count":"625","voter_count":"198396","total_valid_vote":"144154","results":{"rte":"93606","mi":"31351","tk":"1533","dp":"285","ma":"16731","sd":"648","updated_at":"2018-06-24 23:33:15"},"districts":[[{"id":"166","name":"DEL\u0130CE","box_count":"55","open_box_count":"56","voter_count":"6765","total_valid_vote":"5925","results":{"rte":"3764","mi":"1564","tk":"32","dp":"11","ma":"522","sd":"32","updated_at":"2018-06-24 23:32:31"}},{"id":"357","name":"KESK\u0130N","box_count":"77","open_box_count":"81","voter_count":"12238","total_valid_vote":"10810","results":{"rte":"7124","mi":"2138","tk":"110","dp":"27","ma":"1364","sd":"47","updated_at":"2018-06-24 23:32:45"}},{"id":"363","name":"KIRIKKALE MERKEZ","box_count":"411","open_box_count":"330","voter_count":"146479","total_valid_vote":"99486","results":{"rte":"64551","mi":"21285","tk":"1126","dp":"207","ma":"11988","sd":"329","updated_at":"2018-06-24 23:32:46"}},{"id":"531","name":"SULAKYURT","box_count":"35","open_box_count":"36","voter_count":"5414","total_valid_vote":"4726","results":{"rte":"2840","mi":"1618","tk":"7","dp":"6","ma":"222","sd":"33","updated_at":"2018-06-24 23:32:57"}},{"id":"773","name":"BAH\u015e\u0130L\u0130","box_count":"19","open_box_count":"19","voter_count":"5235","total_valid_vote":"4594","results":{"rte":"3398","mi":"727","tk":"48","dp":"10","ma":"394","sd":"17","updated_at":"2018-06-24 23:33:05"}},{"id":"775","name":"BALI\u015eEYH","box_count":"33","open_box_count":"33","voter_count":"4442","total_valid_vote":"3843","results":{"rte":"2493","mi":"777","tk":"21","dp":"4","ma":"460","sd":"88","updated_at":"2018-06-24 23:33:05"}},{"id":"794","name":"\u00c7ELEB\u0130","box_count":"17","open_box_count":"17","voter_count":"1824","total_valid_vote":"1576","results":{"rte":"1105","mi":"215","tk":"23","dp":"2","ma":"224","sd":"7","updated_at":"2018-06-24 23:33:06"}},{"id":"847","name":"KARAKE\u00c7\u0130L\u0130","box_count":"10","open_box_count":"10","voter_count":"2376","total_valid_vote":"2094","results":{"rte":"1686","mi":"154","tk":"25","dp":"2","ma":"226","sd":"1","updated_at":"2018-06-24 23:33:07"}},{"id":"885","name":"YAH\u015e\u0130HAN","box_count":"44","open_box_count":"43","voter_count":"13623","total_valid_vote":"11100","results":{"rte":"6645","mi":"2873","tk":"141","dp":"16","ma":"1331","sd":"94","updated_at":"2018-06-24 23:33:09"}}]]}