{"id":"15","name":"BURDUR","box_count":"696","open_box_count":"618","voter_count":"196380","total_valid_vote":"150070","results":{"rte":"79137","mi":"44130","tk":"1781","dp":"495","ma":"23495","sd":"1032","updated_at":"2018-06-24 23:33:13"},"districts":[[{"id":"9","name":"A\u011eLASUN","box_count":"26","open_box_count":"22","voter_count":"6577","total_valid_vote":"4722","results":{"rte":"3110","mi":"881","tk":"33","dp":"21","ma":"657","sd":"20","updated_at":"2018-06-24 23:32:15"}},{"id":"110","name":"BUCAK","box_count":"165","open_box_count":"107","voter_count":"47964","total_valid_vote":"26439","results":{"rte":"16350","mi":"4800","tk":"313","dp":"68","ma":"4715","sd":"193","updated_at":"2018-06-24 23:32:25"}},{"id":"114","name":"BURDUR MERKEZ","box_count":"250","open_box_count":"246","voter_count":"75945","total_valid_vote":"65774","results":{"rte":"30441","mi":"23728","tk":"937","dp":"181","ma":"9908","sd":"579","updated_at":"2018-06-24 23:32:25"}},{"id":"254","name":"G\u00d6LH\u0130SAR","box_count":"55","open_box_count":"49","voter_count":"16726","total_valid_vote":"12543","results":{"rte":"8511","mi":"2397","tk":"143","dp":"33","ma":"1417","sd":"42","updated_at":"2018-06-24 23:32:39"}},{"id":"565","name":"TEFENN\u0130","box_count":"34","open_box_count":"33","voter_count":"8248","total_valid_vote":"6636","results":{"rte":"3239","mi":"1838","tk":"56","dp":"18","ma":"1443","sd":"42","updated_at":"2018-06-24 23:32:58"}},{"id":"621","name":"YE\u015e\u0130LOVA","box_count":"60","open_box_count":"58","voter_count":"13172","total_valid_vote":"10892","results":{"rte":"4357","mi":"4741","tk":"96","dp":"78","ma":"1581","sd":"39","updated_at":"2018-06-24 23:33:00"}},{"id":"706","name":"KARAMANLI","box_count":"28","open_box_count":"28","voter_count":"6352","total_valid_vote":"5556","results":{"rte":"2407","mi":"2065","tk":"59","dp":"17","ma":"964","sd":"44","updated_at":"2018-06-24 23:33:03"}},{"id":"709","name":"KEMER","box_count":"11","open_box_count":"11","voter_count":"2730","total_valid_vote":"2361","results":{"rte":"1535","mi":"427","tk":"45","dp":"9","ma":"338","sd":"7","updated_at":"2018-06-24 23:33:03"}},{"id":"767","name":"ALTINYAYLA","box_count":"15","open_box_count":"14","voter_count":"4317","total_valid_vote":"3509","results":{"rte":"2586","mi":"348","tk":"20","dp":"14","ma":"525","sd":"16","updated_at":"2018-06-24 23:33:05"}},{"id":"792","name":"\u00c7AVDIR","box_count":"36","open_box_count":"35","voter_count":"9966","total_valid_vote":"7912","results":{"rte":"4156","mi":"2237","tk":"59","dp":"37","ma":"1387","sd":"36","updated_at":"2018-06-24 23:33:06"}},{"id":"796","name":"\u00c7ELT\u0130K\u00c7\u0130","box_count":"16","open_box_count":"15","voter_count":"4383","total_valid_vote":"3726","results":{"rte":"2445","mi":"668","tk":"20","dp":"19","ma":"560","sd":"14","updated_at":"2018-06-24 23:33:06"}}]]}