{"id":"25","name":"ERZURUM","box_count":"2181","open_box_count":"1565","voter_count":"493586","total_valid_vote":"291131","results":{"rte":"199302","mi":"27352","tk":"4141","dp":"337","ma":"23898","sd":"36101","updated_at":"2018-06-24 23:33:14"},"districts":[[{"id":"52","name":"A\u015eKALE","box_count":"99","open_box_count":"81","voter_count":"16052","total_valid_vote":"10985","results":{"rte":"8728","mi":"1194","tk":"154","dp":"9","ma":"814","sd":"86","updated_at":"2018-06-24 23:32:19"}},{"id":"133","name":"\u00c7AT","box_count":"57","open_box_count":"47","voter_count":"11120","total_valid_vote":"7578","results":{"rte":"5388","mi":"1161","tk":"74","dp":"7","ma":"311","sd":"637","updated_at":"2018-06-24 23:32:27"}},{"id":"289","name":"HINIS","box_count":"114","open_box_count":"59","voter_count":"16513","total_valid_vote":"6620","results":{"rte":"2637","mi":"1502","tk":"63","dp":"19","ma":"159","sd":"2240","updated_at":"2018-06-24 23:32:41"}},{"id":"293","name":"HORASAN","box_count":"123","open_box_count":"110","voter_count":"23803","total_valid_vote":"17327","results":{"rte":"14082","mi":"930","tk":"144","dp":"13","ma":"856","sd":"1302","updated_at":"2018-06-24 23:32:42"}},{"id":"313","name":"\u0130SP\u0130R","box_count":"122","open_box_count":"92","voter_count":"12918","total_valid_vote":"8018","results":{"rte":"6781","mi":"666","tk":"111","dp":"16","ma":"425","sd":"19","updated_at":"2018-06-24 23:32:42"}},{"id":"339","name":"KARAYAZI","box_count":"99","open_box_count":"26","voter_count":"16250","total_valid_vote":"3544","results":{"rte":"788","mi":"100","tk":"21","dp":"1","ma":"744","sd":"1890","updated_at":"2018-06-24 23:32:43"}},{"id":"433","name":"NARMAN","box_count":"57","open_box_count":"46","voter_count":"9463","total_valid_vote":"5920","results":{"rte":"4821","mi":"475","tk":"76","dp":"10","ma":"523","sd":"15","updated_at":"2018-06-24 23:32:52"}},{"id":"443","name":"OLTU","box_count":"122","open_box_count":"116","voter_count":"22395","total_valid_vote":"17871","results":{"rte":"14560","mi":"1653","tk":"386","dp":"34","ma":"1062","sd":"176","updated_at":"2018-06-24 23:32:53"}},{"id":"444","name":"OLUR","box_count":"47","open_box_count":"12","voter_count":"5626","total_valid_vote":"613","results":{"rte":"534","mi":"39","tk":"3","dp":"0","ma":"36","sd":"1","updated_at":"2018-06-24 23:32:53"}},{"id":"460","name":"PAS\u0130NLER","box_count":"92","open_box_count":"50","voter_count":"18403","total_valid_vote":"9305","results":{"rte":"7099","mi":"857","tk":"115","dp":"8","ma":"954","sd":"272","updated_at":"2018-06-24 23:32:55"}},{"id":"550","name":"\u015eENKAYA","box_count":"88","open_box_count":"69","voter_count":"13512","total_valid_vote":"7888","results":{"rte":"4792","mi":"2436","tk":"64","dp":"12","ma":"363","sd":"221","updated_at":"2018-06-24 23:32:58"}},{"id":"567","name":"TEKMAN","box_count":"85","open_box_count":"59","voter_count":"15055","total_valid_vote":"8391","results":{"rte":"2343","mi":"300","tk":"79","dp":"12","ma":"441","sd":"5216","updated_at":"2018-06-24 23:32:58"}},{"id":"576","name":"TORTUM","box_count":"78","open_box_count":"67","voter_count":"11952","total_valid_vote":"8571","results":{"rte":"7511","mi":"439","tk":"125","dp":"7","ma":"484","sd":"5","updated_at":"2018-06-24 23:32:59"}},{"id":"705","name":"KARA\u00c7OBAN","box_count":"51","open_box_count":"50","voter_count":"12845","total_valid_vote":"9357","results":{"rte":"1481","mi":"265","tk":"33","dp":"10","ma":"2694","sd":"4874","updated_at":"2018-06-24 23:33:03"}},{"id":"744","name":"UZUNDERE","box_count":"27","open_box_count":"13","voter_count":"6645","total_valid_vote":"2892","results":{"rte":"2405","mi":"201","tk":"35","dp":"4","ma":"238","sd":"9","updated_at":"2018-06-24 23:33:04"}},{"id":"758","name":"PAZARYOLU","box_count":"46","open_box_count":"46","voter_count":"3422","total_valid_vote":"3067","results":{"rte":"2779","mi":"117","tk":"39","dp":"7","ma":"123","sd":"2","updated_at":"2018-06-24 23:33:05"}},{"id":"838","name":"AZ\u0130Z\u0130YE","box_count":"150","open_box_count":"119","voter_count":"38269","total_valid_vote":"24227","results":{"rte":"20336","mi":"1748","tk":"277","dp":"20","ma":"1630","sd":"216","updated_at":"2018-06-24 23:33:07"}},{"id":"860","name":"K\u00d6PR\u00dcK\u00d6Y","box_count":"53","open_box_count":"37","voter_count":"9463","total_valid_vote":"4966","results":{"rte":"3759","mi":"216","tk":"35","dp":"4","ma":"188","sd":"764","updated_at":"2018-06-24 23:33:08"}},{"id":"987","name":"PALAND\u00d6KEN","box_count":"323","open_box_count":"212","voter_count":"113170","total_valid_vote":"61929","results":{"rte":"33515","mi":"5864","tk":"1049","dp":"79","ma":"6350","sd":"15072","updated_at":"2018-06-24 23:33:11"}},{"id":"988","name":"YAKUT\u0130YE","box_count":"348","open_box_count":"254","voter_count":"116710","total_valid_vote":"72062","results":{"rte":"54963","mi":"7189","tk":"1258","dp":"65","ma":"5503","sd":"3084","updated_at":"2018-06-24 23:33:11"}}]]}