{"id":"64","name":"U\u015eAK","box_count":"893","open_box_count":"763","voter_count":"266493","total_valid_vote":"194931","results":{"rte":"99789","mi":"68390","tk":"1664","dp":"462","ma":"21929","sd":"2697","updated_at":"2018-06-24 23:33:14"},"districts":[[{"id":"69","name":"BANAZ","box_count":"105","open_box_count":"103","voter_count":"28094","total_valid_vote":"23791","results":{"rte":"12205","mi":"7916","tk":"98","dp":"57","ma":"3396","sd":"119","updated_at":"2018-06-24 23:32:21"}},{"id":"221","name":"E\u015eME","box_count":"120","open_box_count":"110","voter_count":"27918","total_valid_vote":"21494","results":{"rte":"9103","mi":"9084","tk":"90","dp":"64","ma":"2910","sd":"243","updated_at":"2018-06-24 23:32:36"}},{"id":"331","name":"KARAHALLI","box_count":"31","open_box_count":"29","voter_count":"8491","total_valid_vote":"6722","results":{"rte":"3610","mi":"2174","tk":"86","dp":"15","ma":"792","sd":"45","updated_at":"2018-06-24 23:32:43"}},{"id":"522","name":"S\u0130VASLI","box_count":"54","open_box_count":"41","voter_count":"15605","total_valid_vote":"9794","results":{"rte":"4789","mi":"3794","tk":"50","dp":"31","ma":"1046","sd":"84","updated_at":"2018-06-24 23:32:57"}},{"id":"590","name":"ULUBEY","box_count":"47","open_box_count":"42","voter_count":"10595","total_valid_vote":"8003","results":{"rte":"3434","mi":"3443","tk":"38","dp":"25","ma":"1017","sd":"46","updated_at":"2018-06-24 23:32:59"}},{"id":"597","name":"U\u015eAK MERKEZ","box_count":"536","open_box_count":"438","voter_count":"175790","total_valid_vote":"125127","results":{"rte":"66648","mi":"41979","tk":"1302","dp":"270","ma":"12768","sd":"2160","updated_at":"2018-06-24 23:32:59"}}]]}