{"id":"72","name":"BATMAN","box_count":"1124","open_box_count":"748","voter_count":"342111","total_valid_vote":"191151","results":{"rte":"43596","mi":"6363","tk":"2044","dp":"176","ma":"39787","sd":"99185","updated_at":"2018-06-24 23:33:14"},"districts":[[{"id":"73","name":"BATMAN MERKEZ","box_count":"730","open_box_count":"522","voter_count":"257182","total_valid_vote":"154236","results":{"rte":"29739","mi":"4670","tk":"1659","dp":"133","ma":"36524","sd":"81511","updated_at":"2018-06-24 23:32:21"}},{"id":"83","name":"BE\u015e\u0130R\u0130","box_count":"84","open_box_count":"53","voter_count":"16935","total_valid_vote":"9454","results":{"rte":"3153","mi":"266","tk":"80","dp":"10","ma":"292","sd":"5653","updated_at":"2018-06-24 23:32:22"}},{"id":"242","name":"GERC\u00dc\u015e","box_count":"67","open_box_count":"46","voter_count":"12155","total_valid_vote":"6477","results":{"rte":"1194","mi":"125","tk":"50","dp":"6","ma":"1756","sd":"3346","updated_at":"2018-06-24 23:32:38"}},{"id":"380","name":"KOZLUK","box_count":"125","open_box_count":"54","voter_count":"34386","total_valid_vote":"11300","results":{"rte":"4269","mi":"429","tk":"101","dp":"7","ma":"935","sd":"5559","updated_at":"2018-06-24 23:32:47"}},{"id":"500","name":"SASON","box_count":"90","open_box_count":"49","voter_count":"17206","total_valid_vote":"6478","results":{"rte":"3661","mi":"604","tk":"81","dp":"11","ma":"246","sd":"1875","updated_at":"2018-06-24 23:32:56"}},{"id":"834","name":"HASANKEYF","box_count":"28","open_box_count":"24","voter_count":"4247","total_valid_vote":"3206","results":{"rte":"1580","mi":"269","tk":"73","dp":"9","ma":"34","sd":"1241","updated_at":"2018-06-24 23:33:07"}}]]}