{"id":"60","name":"TOKAT","box_count":"1660","open_box_count":"1351","voter_count":"423449","total_valid_vote":"296016","results":{"rte":"186910","mi":"79219","tk":"3038","dp":"488","ma":"25289","sd":"1072","updated_at":"2018-06-24 23:33:13"},"districts":[[{"id":"29","name":"ALMUS","box_count":"77","open_box_count":"61","voter_count":"16055","total_valid_vote":"10411","results":{"rte":"4569","mi":"5228","tk":"74","dp":"16","ma":"455","sd":"69","updated_at":"2018-06-24 23:32:17"}},{"id":"50","name":"ARTOVA","box_count":"37","open_box_count":"36","voter_count":"6379","total_valid_vote":"5608","results":{"rte":"3842","mi":"1344","tk":"49","dp":"4","ma":"354","sd":"15","updated_at":"2018-06-24 23:32:19"}},{"id":"206","name":"ERBAA","box_count":"249","open_box_count":"182","voter_count":"68513","total_valid_vote":"43412","results":{"rte":"29232","mi":"8107","tk":"584","dp":"101","ma":"5277","sd":"111","updated_at":"2018-06-24 23:32:35"}},{"id":"438","name":"N\u0130KSAR","box_count":"194","open_box_count":"148","voter_count":"46111","total_valid_vote":"28143","results":{"rte":"16344","mi":"9049","tk":"201","dp":"72","ma":"2354","sd":"123","updated_at":"2018-06-24 23:32:53"}},{"id":"477","name":"RE\u015eAD\u0130YE","box_count":"130","open_box_count":"98","voter_count":"23046","total_valid_vote":"14926","results":{"rte":"10124","mi":"3656","tk":"128","dp":"28","ma":"952","sd":"38","updated_at":"2018-06-24 23:32:56"}},{"id":"572","name":"TOKAT MERKEZ","box_count":"444","open_box_count":"367","voter_count":"134476","total_valid_vote":"97794","results":{"rte":"65680","mi":"22777","tk":"1099","dp":"120","ma":"7813","sd":"305","updated_at":"2018-06-24 23:32:59"}},{"id":"583","name":"TURHAL","box_count":"210","open_box_count":"162","voter_count":"60401","total_valid_vote":"41387","results":{"rte":"24372","mi":"12310","tk":"497","dp":"64","ma":"3886","sd":"258","updated_at":"2018-06-24 23:32:59"}},{"id":"633","name":"Z\u0130LE","box_count":"206","open_box_count":"188","voter_count":"42857","total_valid_vote":"33220","results":{"rte":"16537","mi":"13749","tk":"226","dp":"38","ma":"2556","sd":"114","updated_at":"2018-06-24 23:33:01"}},{"id":"727","name":"PAZAR","box_count":"40","open_box_count":"38","voter_count":"10113","total_valid_vote":"8644","results":{"rte":"6681","mi":"1233","tk":"51","dp":"17","ma":"653","sd":"9","updated_at":"2018-06-24 23:33:04"}},{"id":"751","name":"YE\u015e\u0130LYURT","box_count":"30","open_box_count":"29","voter_count":"6359","total_valid_vote":"5109","results":{"rte":"3825","mi":"726","tk":"51","dp":"7","ma":"478","sd":"22","updated_at":"2018-06-24 23:33:04"}},{"id":"776","name":"BA\u015e\u00c7\u0130FTL\u0130K","box_count":"18","open_box_count":"18","voter_count":"3829","total_valid_vote":"3045","results":{"rte":"2207","mi":"581","tk":"30","dp":"8","ma":"218","sd":"1","updated_at":"2018-06-24 23:33:05"}},{"id":"880","name":"SULUSARAY","box_count":"25","open_box_count":"24","voter_count":"5310","total_valid_vote":"4317","results":{"rte":"3497","mi":"459","tk":"48","dp":"13","ma":"293","sd":"7","updated_at":"2018-06-24 23:33:09"}}]]}