{"id":"75","name":"ARDAHAN","box_count":"335","open_box_count":"283","voter_count":"69405","total_valid_vote":"48429","results":{"rte":"19340","mi":"16697","tk":"325","dp":"110","ma":"4383","sd":"7574","updated_at":"2018-06-24 23:33:14"},"districts":[[{"id":"43","name":"ARDAHAN MERKEZ","box_count":"109","open_box_count":"99","voter_count":"27384","total_valid_vote":"20239","results":{"rte":"7604","mi":"5943","tk":"111","dp":"34","ma":"2714","sd":"3833","updated_at":"2018-06-24 23:32:18"}},{"id":"150","name":"\u00c7ILDIR","box_count":"43","open_box_count":"12","voter_count":"6985","total_valid_vote":"1567","results":{"rte":"817","mi":"592","tk":"7","dp":"8","ma":"119","sd":"24","updated_at":"2018-06-24 23:32:29"}},{"id":"253","name":"G\u00d6LE","box_count":"74","open_box_count":"67","voter_count":"17953","total_valid_vote":"12724","results":{"rte":"5570","mi":"2709","tk":"135","dp":"33","ma":"979","sd":"3298","updated_at":"2018-06-24 23:32:39"}},{"id":"277","name":"HANAK","box_count":"37","open_box_count":"37","voter_count":"6981","total_valid_vote":"5832","results":{"rte":"1984","mi":"3387","tk":"29","dp":"12","ma":"253","sd":"167","updated_at":"2018-06-24 23:32:41"}},{"id":"472","name":"POSOF","box_count":"53","open_box_count":"51","voter_count":"5384","total_valid_vote":"4444","results":{"rte":"3012","mi":"1060","tk":"34","dp":"17","ma":"236","sd":"85","updated_at":"2018-06-24 23:32:55"}},{"id":"900","name":"DAMAL","box_count":"19","open_box_count":"17","voter_count":"4718","total_valid_vote":"3623","results":{"rte":"353","mi":"3006","tk":"9","dp":"6","ma":"82","sd":"167","updated_at":"2018-06-24 23:33:09"}}]]}