{"id":"52","name":"ORDU","box_count":"2013","open_box_count":"1735","voter_count":"557984","total_valid_vote":"402291","results":{"rte":"260719","mi":"105328","tk":"3215","dp":"991","ma":"30834","sd":"1204","updated_at":"2018-06-24 23:33:13"},"districts":[[{"id":"19","name":"AKKU\u015e","box_count":"82","open_box_count":"32","voter_count":"17609","total_valid_vote":"5825","results":{"rte":"3868","mi":"1318","tk":"42","dp":"37","ma":"525","sd":"35","updated_at":"2018-06-24 23:32:16"}},{"id":"57","name":"AYBASTI","box_count":"63","open_box_count":"60","voter_count":"16842","total_valid_vote":"12589","results":{"rte":"9377","mi":"2219","tk":"127","dp":"50","ma":"768","sd":"48","updated_at":"2018-06-24 23:32:20"}},{"id":"226","name":"FATSA","box_count":"279","open_box_count":"228","voter_count":"85661","total_valid_vote":"58560","results":{"rte":"36977","mi":"16321","tk":"515","dp":"114","ma":"4429","sd":"204","updated_at":"2018-06-24 23:32:36"}},{"id":"255","name":"G\u00d6LK\u00d6Y","box_count":"78","open_box_count":"71","voter_count":"22224","total_valid_vote":"15676","results":{"rte":"9732","mi":"4166","tk":"77","dp":"64","ma":"1578","sd":"59","updated_at":"2018-06-24 23:32:39"}},{"id":"375","name":"KORGAN","box_count":"73","open_box_count":"63","voter_count":"21196","total_valid_vote":"15830","results":{"rte":"13292","mi":"1596","tk":"158","dp":"51","ma":"695","sd":"38","updated_at":"2018-06-24 23:32:47"}},{"id":"386","name":"KUMRU","box_count":"81","open_box_count":"65","voter_count":"22297","total_valid_vote":"14836","results":{"rte":"12510","mi":"1499","tk":"85","dp":"35","ma":"672","sd":"35","updated_at":"2018-06-24 23:32:48"}},{"id":"418","name":"MESUD\u0130YE","box_count":"81","open_box_count":"76","voter_count":"13116","total_valid_vote":"9290","results":{"rte":"6463","mi":"2230","tk":"53","dp":"27","ma":"497","sd":"20","updated_at":"2018-06-24 23:32:50"}},{"id":"466","name":"PER\u015eEMBE","box_count":"112","open_box_count":"111","voter_count":"25639","total_valid_vote":"21073","results":{"rte":"10544","mi":"7850","tk":"102","dp":"76","ma":"2419","sd":"82","updated_at":"2018-06-24 23:32:55"}},{"id":"589","name":"ULUBEY","box_count":"64","open_box_count":"47","voter_count":"14579","total_valid_vote":"8936","results":{"rte":"5855","mi":"2401","tk":"46","dp":"20","ma":"594","sd":"20","updated_at":"2018-06-24 23:32:59"}},{"id":"599","name":"\u00dcNYE","box_count":"357","open_box_count":"346","voter_count":"92232","total_valid_vote":"76195","results":{"rte":"55080","mi":"14663","tk":"878","dp":"160","ma":"5184","sd":"230","updated_at":"2018-06-24 23:32:59"}},{"id":"688","name":"G\u00dcLYALI","box_count":"24","open_box_count":"24","voter_count":"6761","total_valid_vote":"5880","results":{"rte":"3202","mi":"2055","tk":"32","dp":"11","ma":"573","sd":"7","updated_at":"2018-06-24 23:33:02"}},{"id":"690","name":"G\u00dcRGENTEPE","box_count":"40","open_box_count":"40","voter_count":"11058","total_valid_vote":"9142","results":{"rte":"4712","mi":"3908","tk":"22","dp":"41","ma":"416","sd":"43","updated_at":"2018-06-24 23:33:02"}},{"id":"784","name":"\u00c7AMA\u015e","box_count":"29","open_box_count":"29","voter_count":"6868","total_valid_vote":"5794","results":{"rte":"4022","mi":"1220","tk":"89","dp":"10","ma":"439","sd":"14","updated_at":"2018-06-24 23:33:05"}},{"id":"790","name":"\u00c7ATALPINAR","box_count":"38","open_box_count":"32","voter_count":"9895","total_valid_vote":"7158","results":{"rte":"6442","mi":"473","tk":"48","dp":"10","ma":"177","sd":"8","updated_at":"2018-06-24 23:33:06"}},{"id":"793","name":"\u00c7AYBA\u015eI","box_count":"43","open_box_count":"43","voter_count":"9537","total_valid_vote":"8059","results":{"rte":"6764","mi":"670","tk":"31","dp":"18","ma":"564","sd":"12","updated_at":"2018-06-24 23:33:06"}},{"id":"840","name":"\u0130K\u0130ZCE","box_count":"52","open_box_count":"44","voter_count":"10806","total_valid_vote":"7503","results":{"rte":"5174","mi":"1361","tk":"52","dp":"28","ma":"870","sd":"18","updated_at":"2018-06-24 23:33:07"}},{"id":"843","name":"KABAD\u00dcZ","box_count":"26","open_box_count":"26","voter_count":"6204","total_valid_vote":"5168","results":{"rte":"3604","mi":"997","tk":"32","dp":"15","ma":"509","sd":"11","updated_at":"2018-06-24 23:33:07"}},{"id":"844","name":"KABATA\u015e","box_count":"29","open_box_count":"29","voter_count":"8254","total_valid_vote":"6766","results":{"rte":"5015","mi":"924","tk":"42","dp":"20","ma":"740","sd":"25","updated_at":"2018-06-24 23:33:07"}},{"id":"1036","name":"ALTINORDU","box_count":"462","open_box_count":"369","voter_count":"157206","total_valid_vote":"108011","results":{"rte":"58086","mi":"39457","tk":"784","dp":"204","ma":"9185","sd":"295","updated_at":"2018-06-24 23:33:12"}}]]}