{"id":"4","name":"A\u011eRI","box_count":"1103","open_box_count":"478","voter_count":"295475","total_valid_vote":"86632","results":{"rte":"28629","mi":"4571","tk":"780","dp":"110","ma":"10230","sd":"42312","updated_at":"2018-06-24 23:33:13"},"districts":[[{"id":"11","name":"A\u011eRI MERKEZ","box_count":"278","open_box_count":"91","voter_count":"84420","total_valid_vote":"18830","results":{"rte":"9754","mi":"1429","tk":"402","dp":"23","ma":"580","sd":"6642","updated_at":"2018-06-24 23:32:15"}},{"id":"181","name":"D\u0130YAD\u0130N","box_count":"99","open_box_count":"64","voter_count":"22903","total_valid_vote":"11997","results":{"rte":"1784","mi":"457","tk":"66","dp":"17","ma":"3395","sd":"6278","updated_at":"2018-06-24 23:32:32"}},{"id":"185","name":"DO\u011eUBAYAZIT","box_count":"223","open_box_count":"95","voter_count":"66626","total_valid_vote":"19824","results":{"rte":"3216","mi":"1023","tk":"77","dp":"21","ma":"4513","sd":"10974","updated_at":"2018-06-24 23:32:33"}},{"id":"199","name":"ELE\u015eK\u0130RT","box_count":"91","open_box_count":"67","voter_count":"20010","total_valid_vote":"10228","results":{"rte":"6381","mi":"476","tk":"99","dp":"21","ma":"100","sd":"3151","updated_at":"2018-06-24 23:32:34"}},{"id":"276","name":"HAMUR","box_count":"50","open_box_count":"25","voter_count":"9613","total_valid_vote":"3617","results":{"rte":"1497","mi":"162","tk":"22","dp":"6","ma":"29","sd":"1901","updated_at":"2018-06-24 23:32:41"}},{"id":"461","name":"PATNOS","box_count":"226","open_box_count":"61","voter_count":"63387","total_valid_vote":"11955","results":{"rte":"2727","mi":"606","tk":"62","dp":"11","ma":"142","sd":"8407","updated_at":"2018-06-24 23:32:55"}},{"id":"560","name":"TA\u015eLI\u00c7AY","box_count":"49","open_box_count":"38","voter_count":"11331","total_valid_vote":"6140","results":{"rte":"1498","mi":"248","tk":"33","dp":"7","ma":"1136","sd":"3218","updated_at":"2018-06-24 23:32:58"}},{"id":"584","name":"TUTAK","box_count":"87","open_box_count":"37","voter_count":"17185","total_valid_vote":"4041","results":{"rte":"1772","mi":"170","tk":"19","dp":"4","ma":"335","sd":"1741","updated_at":"2018-06-24 23:32:59"}}]]}