{"id":"6","name":"ANKARA","box_count":"11387","open_box_count":"50","voter_count":"3904585","total_valid_vote":"7556","results":{"rte":"2132","mi":"4641","tk":"79","dp":"103","ma":"498","sd":"103","updated_at":"2018-06-24 18:02:24"},"districts":{"bir":[{"id":"66","name":"BALA","box_count":"73","open_box_count":"0","voter_count":"15512","total_valid_vote":"0","results":{"rte":"0","mi":"0","tk":"0","dp":"0","ma":"0","sd":"0","updated_at":"2018-06-24 17:50:53"}},{"id":"129","name":"\u00c7ANKAYA","box_count":"1874","open_box_count":"15","voter_count":"675782","total_valid_vote":"4286","results":{"rte":"162","mi":"3747","tk":"50","dp":"100","ma":"162","sd":"65","updated_at":"2018-06-24 18:02:17"}},{"id":"200","name":"ELMADA\u011e","box_count":"106","open_box_count":"5","voter_count":"32339","total_valid_vote":"1349","results":{"rte":"670","mi":"535","tk":"15","dp":"2","ma":"114","sd":"13","updated_at":"2018-06-24 18:02:18"}},{"id":"284","name":"HAYMANA","box_count":"108","open_box_count":"1","voter_count":"21199","total_valid_vote":"39","results":{"rte":"19","mi":"19","tk":"0","dp":"0","ma":"1","sd":"0","updated_at":"2018-06-24 18:02:18"}},{"id":"471","name":"POLATLI","box_count":"297","open_box_count":"5","voter_count":"88480","total_valid_vote":"398","results":{"rte":"213","mi":"103","tk":"2","dp":"0","ma":"59","sd":"21","updated_at":"2018-06-24 18:02:20"}},{"id":"551","name":"\u015eEREFL\u0130KO\u00c7H\u0130SAR","box_count":"106","open_box_count":"1","voter_count":"24592","total_valid_vote":"19","results":{"rte":"8","mi":"5","tk":"0","dp":"0","ma":"5","sd":"1","updated_at":"2018-06-24 18:02:21"}},{"id":"637","name":"G\u00d6LBA\u015eI","box_count":"264","open_box_count":"0","voter_count":"88596","total_valid_vote":"0","results":{"rte":"0","mi":"0","tk":"0","dp":"0","ma":"0","sd":"0","updated_at":"2018-06-24 17:50:53"}},{"id":"639","name":"MAMAK","box_count":"1238","open_box_count":"0","voter_count":"453000","total_valid_vote":"0","results":{"rte":"0","mi":"0","tk":"0","dp":"0","ma":"0","sd":"0","updated_at":"2018-06-24 17:50:53"}},{"id":"817","name":"EVREN","box_count":"15","open_box_count":"0","voter_count":"2342","total_valid_vote":"0","results":{"rte":"0","mi":"0","tk":"0","dp":"0","ma":"0","sd":"0","updated_at":"2018-06-24 17:50:53"}}],"iki":[{"id":"30","name":"ALTINDA\u011e","box_count":"712","open_box_count":"0","voter_count":"257689","total_valid_vote":"0","results":{"rte":"0","mi":"0","tk":"0","dp":"0","ma":"0","sd":"0","updated_at":"2018-06-24 17:50:53"}},{"id":"125","name":"\u00c7AMLIDERE","box_count":"51","open_box_count":"3","voter_count":"6561","total_valid_vote":"195","results":{"rte":"180","mi":"5","tk":"0","dp":"0","ma":"10","sd":"0","updated_at":"2018-06-24 18:02:17"}},{"id":"158","name":"\u00c7UBUK","box_count":"236","open_box_count":"1","voter_count":"63167","total_valid_vote":"28","results":{"rte":"3","mi":"24","tk":"0","dp":"0","ma":"1","sd":"0","updated_at":"2018-06-24 18:02:17"}},{"id":"262","name":"G\u00dcD\u00dcL","box_count":"39","open_box_count":"2","voter_count":"7033","total_valid_vote":"240","results":{"rte":"179","mi":"21","tk":"0","dp":"0","ma":"39","sd":"1","updated_at":"2018-06-24 18:02:18"}},{"id":"322","name":"KALEC\u0130K","box_count":"68","open_box_count":"4","voter_count":"10082","total_valid_vote":"518","results":{"rte":"316","mi":"148","tk":"2","dp":"0","ma":"51","sd":"1","updated_at":"2018-06-24 18:02:19"}},{"id":"367","name":"KIZILCAHAMAM","box_count":"144","open_box_count":"13","voter_count":"20675","total_valid_vote":"484","results":{"rte":"382","mi":"34","tk":"10","dp":"1","ma":"56","sd":"1","updated_at":"2018-06-24 18:02:19"}},{"id":"638","name":"KE\u00c7\u0130\u00d6REN","box_count":"1810","open_box_count":"0","voter_count":"663345","total_valid_vote":"0","results":{"rte":"0","mi":"0","tk":"0","dp":"0","ma":"0","sd":"0","updated_at":"2018-06-24 17:50:53"}},{"id":"708","name":"KAHRAMANKAZAN","box_count":"128","open_box_count":"0","voter_count":"36108","total_valid_vote":"0","results":{"rte":"0","mi":"0","tk":"0","dp":"0","ma":"0","sd":"0","updated_at":"2018-06-24 17:50:53"}},{"id":"765","name":"AKYURT","box_count":"78","open_box_count":"0","voter_count":"22893","total_valid_vote":"0","results":{"rte":"0","mi":"0","tk":"0","dp":"0","ma":"0","sd":"0","updated_at":"2018-06-24 17:50:53"}},{"id":"983","name":"PURSAKLAR","box_count":"273","open_box_count":"0","voter_count":"97665","total_valid_vote":"0","results":{"rte":"0","mi":"0","tk":"0","dp":"0","ma":"0","sd":"0","updated_at":"2018-06-24 17:50:53"}}],"uc":[{"id":"56","name":"AYA\u015e","box_count":"45","open_box_count":"0","voter_count":"9827","total_valid_vote":"0","results":{"rte":"0","mi":"0","tk":"0","dp":"0","ma":"0","sd":"0","updated_at":"2018-06-24 17:50:53"}},{"id":"86","name":"BEYPAZARI","box_count":"158","open_box_count":"0","voter_count":"36755","total_valid_vote":"0","results":{"rte":"0","mi":"0","tk":"0","dp":"0","ma":"0","sd":"0","updated_at":"2018-06-24 17:50:53"}},{"id":"432","name":"NALLIHAN","box_count":"121","open_box_count":"0","voter_count":"22582","total_valid_vote":"0","results":{"rte":"0","mi":"0","tk":"0","dp":"0","ma":"0","sd":"0","updated_at":"2018-06-24 17:50:53"}},{"id":"616","name":"YEN\u0130MAHALLE","box_count":"1326","open_box_count":"0","voter_count":"483390","total_valid_vote":"0","results":{"rte":"0","mi":"0","tk":"0","dp":"0","ma":"0","sd":"0","updated_at":"2018-06-24 17:50:53"}},{"id":"640","name":"S\u0130NCAN","box_count":"1030","open_box_count":"0","voter_count":"361722","total_valid_vote":"0","results":{"rte":"0","mi":"0","tk":"0","dp":"0","ma":"0","sd":"0","updated_at":"2018-06-24 17:50:53"}},{"id":"815","name":"ET\u0130MESGUT","box_count":"1087","open_box_count":"0","voter_count":"403249","total_valid_vote":"0","results":{"rte":"0","mi":"0","tk":"0","dp":"0","ma":"0","sd":"0","updated_at":"2018-06-24 17:50:53"}}]}}