{"id":"63","name":"\u015eANLIURFA","box_count":"3641","open_box_count":"2085","voter_count":"1060815","total_valid_vote":"478907","results":{"rte":"309718","mi":"39258","tk":"4346","dp":"613","ma":"13084","sd":"111888","updated_at":"2018-06-24 23:33:13"},"districts":[[{"id":"15","name":"AK\u00c7AKALE","box_count":"196","open_box_count":"93","voter_count":"49448","total_valid_vote":"18572","results":{"rte":"17892","mi":"332","tk":"56","dp":"1","ma":"148","sd":"143","updated_at":"2018-06-24 23:32:16"}},{"id":"93","name":"B\u0130REC\u0130K","box_count":"196","open_box_count":"58","voter_count":"54194","total_valid_vote":"12338","results":{"rte":"6861","mi":"1983","tk":"129","dp":"21","ma":"368","sd":"2976","updated_at":"2018-06-24 23:32:23"}},{"id":"108","name":"BOZOVA","box_count":"137","open_box_count":"68","voter_count":"32048","total_valid_vote":"10906","results":{"rte":"6880","mi":"700","tk":"87","dp":"21","ma":"127","sd":"3091","updated_at":"2018-06-24 23:32:25"}},{"id":"118","name":"CEYLANPINAR","box_count":"148","open_box_count":"70","voter_count":"45323","total_valid_vote":"17364","results":{"rte":"8240","mi":"1698","tk":"208","dp":"22","ma":"221","sd":"6975","updated_at":"2018-06-24 23:32:26"}},{"id":"275","name":"HALFET\u0130","box_count":"90","open_box_count":"72","voter_count":"23563","total_valid_vote":"13375","results":{"rte":"5642","mi":"1851","tk":"77","dp":"29","ma":"206","sd":"5570","updated_at":"2018-06-24 23:32:41"}},{"id":"290","name":"H\u0130LVAN","box_count":"113","open_box_count":"79","voter_count":"25131","total_valid_vote":"12960","results":{"rte":"6559","mi":"1974","tk":"156","dp":"27","ma":"673","sd":"3571","updated_at":"2018-06-24 23:32:41"}},{"id":"523","name":"S\u0130VEREK","box_count":"464","open_box_count":"222","voter_count":"134935","total_valid_vote":"48670","results":{"rte":"20610","mi":"4123","tk":"380","dp":"94","ma":"5721","sd":"17742","updated_at":"2018-06-24 23:32:57"}},{"id":"536","name":"SURU\u00c7","box_count":"206","open_box_count":"92","voter_count":"57712","total_valid_vote":"20135","results":{"rte":"5981","mi":"1150","tk":"116","dp":"34","ma":"107","sd":"12747","updated_at":"2018-06-24 23:32:57"}},{"id":"606","name":"V\u0130RAN\u015eEH\u0130R","box_count":"354","open_box_count":"114","voter_count":"98882","total_valid_vote":"22748","results":{"rte":"10703","mi":"1278","tk":"116","dp":"16","ma":"117","sd":"10518","updated_at":"2018-06-24 23:33:00"}},{"id":"693","name":"HARRAN","box_count":"157","open_box_count":"62","voter_count":"37735","total_valid_vote":"13270","results":{"rte":"12857","mi":"234","tk":"17","dp":"6","ma":"134","sd":"22","updated_at":"2018-06-24 23:33:02"}},{"id":"1047","name":"EYY\u00dcB\u0130YE","box_count":"579","open_box_count":"435","voter_count":"186972","total_valid_vote":"105526","results":{"rte":"81637","mi":"5033","tk":"727","dp":"150","ma":"930","sd":"17049","updated_at":"2018-06-24 23:33:12"}},{"id":"1048","name":"HAL\u0130L\u0130YE","box_count":"658","open_box_count":"497","voter_count":"209478","total_valid_vote":"127976","results":{"rte":"92161","mi":"11749","tk":"1323","dp":"128","ma":"2272","sd":"20343","updated_at":"2018-06-24 23:33:12"}},{"id":"1049","name":"KARAK\u00d6PR\u00dc","box_count":"343","open_box_count":"223","voter_count":"105394","total_valid_vote":"55067","results":{"rte":"33695","mi":"7153","tk":"954","dp":"64","ma":"2060","sd":"11141","updated_at":"2018-06-24 23:33:12"}}]]}