{"id":"56","name":"S\u0130\u0130RT","box_count":"612","open_box_count":"337","voter_count":"179764","total_valid_vote":"82517","results":{"rte":"31671","mi":"4394","tk":"701","dp":"86","ma":"7637","sd":"38028","updated_at":"2018-06-24 23:33:14"},"districts":[[{"id":"78","name":"BAYKAN","box_count":"60","open_box_count":"26","voter_count":"14482","total_valid_vote":"4509","results":{"rte":"2152","mi":"232","tk":"47","dp":"8","ma":"508","sd":"1562","updated_at":"2018-06-24 23:32:22"}},{"id":"215","name":"ERUH","box_count":"38","open_box_count":"13","voter_count":"10574","total_valid_vote":"2925","results":{"rte":"418","mi":"101","tk":"12","dp":"6","ma":"774","sd":"1614","updated_at":"2018-06-24 23:32:35"}},{"id":"388","name":"KURTALAN","box_count":"116","open_box_count":"80","voter_count":"34223","total_valid_vote":"19341","results":{"rte":"3784","mi":"605","tk":"137","dp":"16","ma":"4960","sd":"9839","updated_at":"2018-06-24 23:32:48"}},{"id":"468","name":"PERVAR\u0130","box_count":"58","open_box_count":"27","voter_count":"15319","total_valid_vote":"5422","results":{"rte":"3478","mi":"244","tk":"28","dp":"3","ma":"299","sd":"1370","updated_at":"2018-06-24 23:32:55"}},{"id":"513","name":"S\u0130\u0130RT MERKEZ","box_count":"275","open_box_count":"165","voter_count":"91019","total_valid_vote":"45137","results":{"rte":"18450","mi":"2982","tk":"444","dp":"49","ma":"766","sd":"22446","updated_at":"2018-06-24 23:32:57"}},{"id":"555","name":"\u015e\u0130RVAN","box_count":"53","open_box_count":"16","voter_count":"11568","total_valid_vote":"3237","results":{"rte":"1977","mi":"169","tk":"22","dp":"4","ma":"324","sd":"741","updated_at":"2018-06-24 23:32:58"}},{"id":"771","name":"T\u0130LLO","box_count":"12","open_box_count":"10","voter_count":"2579","total_valid_vote":"1946","results":{"rte":"1412","mi":"61","tk":"11","dp":"0","ma":"6","sd":"456","updated_at":"2018-06-24 23:33:05"}}]]}