{"id":"48","name":"MU\u011eLA","box_count":"2224","open_box_count":"1829","voter_count":"724911","total_valid_vote":"513135","results":{"rte":"169986","mi":"262592","tk":"1710","dp":"1660","ma":"59875","sd":"17312","updated_at":"2018-06-24 23:33:14"},"districts":[[{"id":"96","name":"BODRUM","box_count":"373","open_box_count":"261","voter_count":"130972","total_valid_vote":"78543","results":{"rte":"17290","mi":"50592","tk":"148","dp":"252","ma":"5260","sd":"5001","updated_at":"2018-06-24 23:32:23"}},{"id":"164","name":"DAT\u00c7A","box_count":"56","open_box_count":"56","voter_count":"18421","total_valid_vote":"16260","results":{"rte":"3774","mi":"9894","tk":"32","dp":"99","ma":"1474","sd":"987","updated_at":"2018-06-24 23:32:30"}},{"id":"229","name":"FETH\u0130YE","box_count":"330","open_box_count":"194","voter_count":"114034","total_valid_vote":"57666","results":{"rte":"21808","mi":"26272","tk":"237","dp":"162","ma":"8600","sd":"587","updated_at":"2018-06-24 23:32:37"}},{"id":"381","name":"K\u00d6YCE\u011e\u0130Z","box_count":"88","open_box_count":"88","voter_count":"27400","total_valid_vote":"23375","results":{"rte":"9803","mi":"9666","tk":"77","dp":"107","ma":"3005","sd":"717","updated_at":"2018-06-24 23:32:47"}},{"id":"410","name":"MARMAR\u0130S","box_count":"196","open_box_count":"166","voter_count":"68498","total_valid_vote":"49117","results":{"rte":"13885","mi":"29003","tk":"120","dp":"148","ma":"3687","sd":"2274","updated_at":"2018-06-24 23:32:50"}},{"id":"421","name":"M\u0130LAS","box_count":"355","open_box_count":"305","voter_count":"108154","total_valid_vote":"81660","results":{"rte":"24440","mi":"43127","tk":"236","dp":"307","ma":"9592","sd":"3958","updated_at":"2018-06-24 23:32:51"}},{"id":"588","name":"ULA","box_count":"70","open_box_count":"61","voter_count":"20214","total_valid_vote":"15565","results":{"rte":"6242","mi":"6862","tk":"56","dp":"72","ma":"1601","sd":"732","updated_at":"2018-06-24 23:32:59"}},{"id":"612","name":"YATA\u011eAN","box_count":"123","open_box_count":"103","voter_count":"35335","total_valid_vote":"26309","results":{"rte":"9105","mi":"12485","tk":"105","dp":"75","ma":"4292","sd":"247","updated_at":"2018-06-24 23:33:00"}},{"id":"635","name":"DALAMAN","box_count":"89","open_box_count":"87","voter_count":"28543","total_valid_vote":"24028","results":{"rte":"9714","mi":"10177","tk":"101","dp":"66","ma":"3465","sd":"505","updated_at":"2018-06-24 23:33:01"}},{"id":"724","name":"ORTACA","box_count":"110","open_box_count":"104","voter_count":"36666","total_valid_vote":"30388","results":{"rte":"10034","mi":"15584","tk":"117","dp":"126","ma":"3930","sd":"597","updated_at":"2018-06-24 23:33:03"}},{"id":"851","name":"KAVAKLIDERE","box_count":"28","open_box_count":"28","voter_count":"8252","total_valid_vote":"7344","results":{"rte":"4008","mi":"1929","tk":"37","dp":"10","ma":"1342","sd":"18","updated_at":"2018-06-24 23:33:08"}},{"id":"1053","name":"MENTE\u015eE","box_count":"252","open_box_count":"236","voter_count":"82484","total_valid_vote":"67842","results":{"rte":"20572","mi":"37757","tk":"267","dp":"171","ma":"7578","sd":"1497","updated_at":"2018-06-24 23:33:12"}},{"id":"1054","name":"SEYD\u0130KEMER","box_count":"154","open_box_count":"140","voter_count":"45938","total_valid_vote":"35038","results":{"rte":"19311","mi":"9244","tk":"177","dp":"65","ma":"6049","sd":"192","updated_at":"2018-06-24 23:33:12"}}]]}