{"id":"3","name":"AFYONKARAH\u0130SAR","box_count":"1802","open_box_count":"1490","voter_count":"506851","total_valid_vote":"352740","results":{"rte":"236894","mi":"68688","tk":"3018","dp":"767","ma":"42112","sd":"1261","updated_at":"2018-06-24 23:33:13"},"districts":[[{"id":"8","name":"AFYONKARAH\u0130SAR MERKEZ","box_count":"582","open_box_count":"343","voter_count":"195131","total_valid_vote":"102457","results":{"rte":"70345","mi":"19801","tk":"1030","dp":"172","ma":"10758","sd":"351","updated_at":"2018-06-24 23:32:15"}},{"id":"99","name":"BOLVAD\u0130N","box_count":"121","open_box_count":"115","voter_count":"31137","total_valid_vote":"25032","results":{"rte":"18938","mi":"3074","tk":"282","dp":"43","ma":"2616","sd":"79","updated_at":"2018-06-24 23:32:24"}},{"id":"137","name":"\u00c7AY","box_count":"81","open_box_count":"69","voter_count":"23590","total_valid_vote":"17151","results":{"rte":"10054","mi":"4175","tk":"143","dp":"37","ma":"2659","sd":"83","updated_at":"2018-06-24 23:32:28"}},{"id":"165","name":"DAZKIRI","box_count":"34","open_box_count":"34","voter_count":"8481","total_valid_vote":"7549","results":{"rte":"4558","mi":"1788","tk":"63","dp":"18","ma":"1101","sd":"21","updated_at":"2018-06-24 23:32:31"}},{"id":"179","name":"D\u0130NAR","box_count":"150","open_box_count":"148","voter_count":"34977","total_valid_vote":"28990","results":{"rte":"16266","mi":"6983","tk":"211","dp":"64","ma":"5328","sd":"138","updated_at":"2018-06-24 23:32:32"}},{"id":"204","name":"EM\u0130RDA\u011e","box_count":"132","open_box_count":"130","voter_count":"27862","total_valid_vote":"21865","results":{"rte":"13718","mi":"5540","tk":"145","dp":"44","ma":"2327","sd":"91","updated_at":"2018-06-24 23:32:34"}},{"id":"301","name":"\u0130HSAN\u0130YE","box_count":"79","open_box_count":"78","voter_count":"19876","total_valid_vote":"17729","results":{"rte":"13809","mi":"2277","tk":"123","dp":"28","ma":"1459","sd":"33","updated_at":"2018-06-24 23:32:42"}},{"id":"487","name":"SANDIKLI","box_count":"149","open_box_count":"116","voter_count":"41255","total_valid_vote":"26548","results":{"rte":"18110","mi":"4323","tk":"291","dp":"75","ma":"3668","sd":"81","updated_at":"2018-06-24 23:32:56"}},{"id":"519","name":"S\u0130NANPA\u015eA","box_count":"118","open_box_count":"102","voter_count":"30039","total_valid_vote":"22256","results":{"rte":"16547","mi":"3416","tk":"119","dp":"68","ma":"2062","sd":"44","updated_at":"2018-06-24 23:32:57"}},{"id":"532","name":"SULTANDA\u011eI","box_count":"48","open_box_count":"48","voter_count":"12699","total_valid_vote":"10851","results":{"rte":"3613","mi":"4984","tk":"68","dp":"59","ma":"1987","sd":"140","updated_at":"2018-06-24 23:32:57"}},{"id":"557","name":"\u015eUHUT","box_count":"102","open_box_count":"102","voter_count":"27722","total_valid_vote":"24914","results":{"rte":"17509","mi":"4836","tk":"208","dp":"47","ma":"2257","sd":"57","updated_at":"2018-06-24 23:32:58"}},{"id":"664","name":"BA\u015eMAK\u00c7I","box_count":"31","open_box_count":"31","voter_count":"7818","total_valid_vote":"6667","results":{"rte":"3786","mi":"1825","tk":"31","dp":"37","ma":"962","sd":"26","updated_at":"2018-06-24 23:33:02"}},{"id":"666","name":"BAYAT","box_count":"24","open_box_count":"24","voter_count":"5695","total_valid_vote":"4824","results":{"rte":"3266","mi":"936","tk":"26","dp":"15","ma":"552","sd":"29","updated_at":"2018-06-24 23:33:02"}},{"id":"702","name":"\u0130SCEH\u0130SAR","box_count":"56","open_box_count":"55","voter_count":"16583","total_valid_vote":"14965","results":{"rte":"11965","mi":"1164","tk":"177","dp":"25","ma":"1596","sd":"38","updated_at":"2018-06-24 23:33:03"}},{"id":"799","name":"\u00c7OBANLAR","box_count":"34","open_box_count":"34","voter_count":"9011","total_valid_vote":"8118","results":{"rte":"5896","mi":"1032","tk":"43","dp":"9","ma":"1121","sd":"17","updated_at":"2018-06-24 23:33:06"}},{"id":"816","name":"EVC\u0130LER","box_count":"22","open_box_count":"22","voter_count":"5617","total_valid_vote":"4978","results":{"rte":"2803","mi":"1406","tk":"19","dp":"9","ma":"735","sd":"6","updated_at":"2018-06-24 23:33:06"}},{"id":"837","name":"HOCALAR","box_count":"30","open_box_count":"30","voter_count":"7357","total_valid_vote":"6154","results":{"rte":"4679","mi":"794","tk":"32","dp":"11","ma":"618","sd":"20","updated_at":"2018-06-24 23:33:07"}},{"id":"854","name":"KIZIL\u00d6REN","box_count":"9","open_box_count":"9","voter_count":"2001","total_valid_vote":"1692","results":{"rte":"1032","mi":"334","tk":"7","dp":"6","ma":"306","sd":"7","updated_at":"2018-06-24 23:33:08"}}]]}