{"id":"26","name":"ESK\u0130\u015eEH\u0130R","box_count":"2070","open_box_count":"1740","voter_count":"645534","total_valid_vote":"462149","results":{"rte":"213477","mi":"190521","tk":"3653","dp":"1051","ma":"44730","sd":"8717","updated_at":"2018-06-24 23:33:15"},"districts":[[{"id":"153","name":"\u00c7\u0130FTELER","box_count":"48","open_box_count":"48","voter_count":"11484","total_valid_vote":"9543","results":{"rte":"5387","mi":"2539","tk":"68","dp":"37","ma":"1244","sd":"268","updated_at":"2018-06-24 23:32:29"}},{"id":"401","name":"MAHMUD\u0130YE","box_count":"27","open_box_count":"27","voter_count":"5764","total_valid_vote":"4851","results":{"rte":"2216","mi":"1622","tk":"30","dp":"17","ma":"604","sd":"362","updated_at":"2018-06-24 23:32:49"}},{"id":"420","name":"M\u0130HALI\u00c7\u00c7IK","box_count":"59","open_box_count":"58","voter_count":"7000","total_valid_vote":"5624","results":{"rte":"3126","mi":"1524","tk":"66","dp":"9","ma":"852","sd":"47","updated_at":"2018-06-24 23:32:51"}},{"id":"492","name":"SARICAKAYA","box_count":"16","open_box_count":"2","voter_count":"4060","total_valid_vote":"375","results":{"rte":"269","mi":"69","tk":"4","dp":"0","ma":"33","sd":"0","updated_at":"2018-06-24 23:32:56"}},{"id":"511","name":"SEY\u0130TGAZ\u0130","box_count":"67","open_box_count":"65","voter_count":"10793","total_valid_vote":"9392","results":{"rte":"4947","mi":"3498","tk":"37","dp":"15","ma":"841","sd":"54","updated_at":"2018-06-24 23:32:57"}},{"id":"525","name":"S\u0130VR\u0130H\u0130SAR","box_count":"94","open_box_count":"94","voter_count":"16303","total_valid_vote":"13651","results":{"rte":"7770","mi":"3316","tk":"93","dp":"33","ma":"2081","sd":"358","updated_at":"2018-06-24 23:32:57"}},{"id":"652","name":"ALPU","box_count":"44","open_box_count":"44","voter_count":"8864","total_valid_vote":"7505","results":{"rte":"4722","mi":"1956","tk":"42","dp":"27","ma":"731","sd":"27","updated_at":"2018-06-24 23:33:01"}},{"id":"670","name":"BEYL\u0130KOVA","box_count":"29","open_box_count":"24","voter_count":"5095","total_valid_vote":"3137","results":{"rte":"1602","mi":"1043","tk":"17","dp":"12","ma":"433","sd":"30","updated_at":"2018-06-24 23:33:02"}},{"id":"701","name":"\u0130N\u00d6N\u00dc","box_count":"23","open_box_count":"23","voter_count":"5352","total_valid_vote":"4898","results":{"rte":"3049","mi":"1330","tk":"41","dp":"8","ma":"420","sd":"50","updated_at":"2018-06-24 23:33:03"}},{"id":"827","name":"G\u00dcNY\u00dcZ\u00dc","box_count":"25","open_box_count":"25","voter_count":"4925","total_valid_vote":"4332","results":{"rte":"3114","mi":"818","tk":"31","dp":"11","ma":"342","sd":"16","updated_at":"2018-06-24 23:33:07"}},{"id":"832","name":"HAN","box_count":"16","open_box_count":"16","voter_count":"1739","total_valid_vote":"1490","results":{"rte":"710","mi":"595","tk":"8","dp":"6","ma":"166","sd":"5","updated_at":"2018-06-24 23:33:07"}},{"id":"866","name":"M\u0130HALGAZ\u0130","box_count":"10","open_box_count":"10","voter_count":"2642","total_valid_vote":"2373","results":{"rte":"1555","mi":"484","tk":"76","dp":"4","ma":"244","sd":"10","updated_at":"2018-06-24 23:33:08"}},{"id":"989","name":"ODUNPAZARI","box_count":"845","open_box_count":"751","voter_count":"296082","total_valid_vote":"230713","results":{"rte":"101721","mi":"101417","tk":"1797","dp":"495","ma":"21122","sd":"4161","updated_at":"2018-06-24 23:33:11"}},{"id":"990","name":"TEPEBA\u015eI","box_count":"767","open_box_count":"553","voter_count":"265431","total_valid_vote":"164265","results":{"rte":"73289","mi":"70310","tk":"1343","dp":"377","ma":"15617","sd":"3329","updated_at":"2018-06-24 23:33:11"}}]]}