{"id":"30","name":"HAKKAR\u0130","box_count":"510","open_box_count":"331","voter_count":"168258","total_valid_vote":"88746","results":{"rte":"14161","mi":"3900","tk":"354","dp":"73","ma":"10344","sd":"59914","updated_at":"2018-06-24 23:33:15"},"districts":[[{"id":"159","name":"\u00c7UKURCA","box_count":"33","open_box_count":"33","voter_count":"10729","total_valid_vote":"7628","results":{"rte":"1514","mi":"389","tk":"26","dp":"9","ma":"416","sd":"5274","updated_at":"2018-06-24 23:32:30"}},{"id":"274","name":"HAKKAR\u0130 MERKEZ","box_count":"152","open_box_count":"119","voter_count":"48683","total_valid_vote":"33027","results":{"rte":"6064","mi":"1865","tk":"158","dp":"21","ma":"1931","sd":"22988","updated_at":"2018-06-24 23:32:41"}},{"id":"549","name":"\u015eEMD\u0130NL\u0130","box_count":"104","open_box_count":"40","voter_count":"35925","total_valid_vote":"10951","results":{"rte":"2583","mi":"483","tk":"49","dp":"9","ma":"84","sd":"7743","updated_at":"2018-06-24 23:32:58"}},{"id":"630","name":"Y\u00dcKSEKOVA","box_count":"221","open_box_count":"139","voter_count":"72921","total_valid_vote":"37140","results":{"rte":"4000","mi":"1163","tk":"121","dp":"34","ma":"7913","sd":"23909","updated_at":"2018-06-24 23:33:00"}}]]}