{"id":"50","name":"NEV\u015eEH\u0130R","box_count":"711","open_box_count":"638","voter_count":"210520","total_valid_vote":"162100","results":{"rte":"108718","mi":"36802","tk":"1591","dp":"340","ma":"13816","sd":"833","updated_at":"2018-06-24 23:33:14"},"districts":[[{"id":"54","name":"AVANOS","box_count":"85","open_box_count":"85","voter_count":"24835","total_valid_vote":"21387","results":{"rte":"12274","mi":"6856","tk":"141","dp":"54","ma":"1922","sd":"140","updated_at":"2018-06-24 23:32:19"}},{"id":"172","name":"DER\u0130NKUYU","box_count":"47","open_box_count":"47","voter_count":"14624","total_valid_vote":"12606","results":{"rte":"8557","mi":"3135","tk":"173","dp":"22","ma":"699","sd":"20","updated_at":"2018-06-24 23:32:31"}},{"id":"264","name":"G\u00dcL\u015eEH\u0130R","box_count":"66","open_box_count":"61","voter_count":"16454","total_valid_vote":"12670","results":{"rte":"8821","mi":"2119","tk":"69","dp":"38","ma":"1599","sd":"24","updated_at":"2018-06-24 23:32:40"}},{"id":"271","name":"HACIBEKTA\u015e","box_count":"47","open_box_count":"47","voter_count":"9168","total_valid_vote":"8060","results":{"rte":"2618","mi":"4759","tk":"31","dp":"31","ma":"558","sd":"63","updated_at":"2018-06-24 23:32:41"}},{"id":"378","name":"KOZAKLI","box_count":"52","open_box_count":"48","voter_count":"10796","total_valid_vote":"8185","results":{"rte":"4559","mi":"2459","tk":"52","dp":"35","ma":"1042","sd":"38","updated_at":"2018-06-24 23:32:47"}},{"id":"436","name":"NEV\u015eEH\u0130R MERKEZ","box_count":"275","open_box_count":"215","voter_count":"94402","total_valid_vote":"64611","results":{"rte":"47233","mi":"10683","tk":"793","dp":"90","ma":"5357","sd":"455","updated_at":"2018-06-24 23:32:52"}},{"id":"600","name":"\u00dcRG\u00dcP","box_count":"95","open_box_count":"95","voter_count":"26650","total_valid_vote":"23527","results":{"rte":"14837","mi":"6127","tk":"210","dp":"62","ma":"2211","sd":"80","updated_at":"2018-06-24 23:32:59"}},{"id":"642","name":"ACIG\u00d6L","box_count":"44","open_box_count":"40","voter_count":"13591","total_valid_vote":"11054","results":{"rte":"9819","mi":"664","tk":"122","dp":"8","ma":"428","sd":"13","updated_at":"2018-06-24 23:33:01"}}]]}