{"id":"5","name":"AMASYA","box_count":"939","open_box_count":"832","voter_count":"246486","total_valid_vote":"193992","results":{"rte":"109923","mi":"61277","tk":"1754","dp":"323","ma":"19960","sd":"755","updated_at":"2018-06-24 23:33:14"},"districts":[[{"id":"34","name":"AMASYA MERKEZ","box_count":"343","open_box_count":"266","voter_count":"101641","total_valid_vote":"72381","results":{"rte":"39828","mi":"22840","tk":"688","dp":"97","ma":"8642","sd":"286","updated_at":"2018-06-24 23:32:18"}},{"id":"260","name":"G\u00d6YN\u00dcCEK","box_count":"50","open_box_count":"48","voter_count":"8202","total_valid_vote":"6999","results":{"rte":"4504","mi":"1781","tk":"42","dp":"14","ma":"634","sd":"24","updated_at":"2018-06-24 23:32:40"}},{"id":"265","name":"G\u00dcM\u00dc\u015eHACIK\u00d6Y","box_count":"84","open_box_count":"81","voter_count":"18699","total_valid_vote":"16556","results":{"rte":"6681","mi":"8610","tk":"168","dp":"30","ma":"994","sd":"73","updated_at":"2018-06-24 23:32:40"}},{"id":"417","name":"MERZ\u0130FON","box_count":"204","open_box_count":"196","voter_count":"54817","total_valid_vote":"46810","results":{"rte":"23531","mi":"17902","tk":"428","dp":"72","ma":"4716","sd":"161","updated_at":"2018-06-24 23:32:50"}},{"id":"534","name":"SULUOVA","box_count":"129","open_box_count":"117","voter_count":"35156","total_valid_vote":"27991","results":{"rte":"20356","mi":"4578","tk":"289","dp":"46","ma":"2605","sd":"117","updated_at":"2018-06-24 23:32:57"}},{"id":"561","name":"TA\u015eOVA","box_count":"107","open_box_count":"102","voter_count":"24894","total_valid_vote":"20489","results":{"rte":"13206","mi":"4862","tk":"126","dp":"56","ma":"2156","sd":"83","updated_at":"2018-06-24 23:32:58"}},{"id":"831","name":"HAMAM\u00d6Z\u00dc","box_count":"22","open_box_count":"22","voter_count":"3077","total_valid_vote":"2766","results":{"rte":"1817","mi":"704","tk":"13","dp":"8","ma":"213","sd":"11","updated_at":"2018-06-24 23:33:07"}}]]}