{"id":"33","name":"MERS\u0130N","box_count":"3859","open_box_count":"3337","voter_count":"1270128","total_valid_vote":"944581","results":{"rte":"376992","mi":"311701","tk":"4662","dp":"1841","ma":"131155","sd":"118230","updated_at":"2018-06-24 23:33:14"},"districts":[[{"id":"35","name":"ANAMUR","box_count":"170","open_box_count":"171","voter_count":"50407","total_valid_vote":"44012","results":{"rte":"18314","mi":"16296","tk":"276","dp":"118","ma":"8785","sd":"223","updated_at":"2018-06-24 23:32:18"}},{"id":"209","name":"ERDEML\u0130","box_count":"316","open_box_count":"287","voter_count":"100445","total_valid_vote":"80564","results":{"rte":"43481","mi":"20884","tk":"610","dp":"125","ma":"13436","sd":"2028","updated_at":"2018-06-24 23:32:35"}},{"id":"263","name":"G\u00dcLNAR","box_count":"95","open_box_count":"81","voter_count":"19688","total_valid_vote":"15005","results":{"rte":"7229","mi":"4434","tk":"77","dp":"51","ma":"3184","sd":"30","updated_at":"2018-06-24 23:32:40"}},{"id":"429","name":"MUT","box_count":"176","open_box_count":"161","voter_count":"46403","total_valid_vote":"37304","results":{"rte":"17849","mi":"11976","tk":"376","dp":"66","ma":"6874","sd":"163","updated_at":"2018-06-24 23:32:51"}},{"id":"514","name":"S\u0130L\u0130FKE","box_count":"294","open_box_count":"286","voter_count":"90740","total_valid_vote":"76818","results":{"rte":"29352","mi":"29545","tk":"201","dp":"198","ma":"16780","sd":"742","updated_at":"2018-06-24 23:32:57"}},{"id":"558","name":"TARSUS","box_count":"721","open_box_count":"631","voter_count":"234373","total_valid_vote":"174484","results":{"rte":"67871","mi":"58162","tk":"715","dp":"325","ma":"23700","sd":"23711","updated_at":"2018-06-24 23:32:58"}},{"id":"659","name":"AYDINCIK","box_count":"32","open_box_count":"31","voter_count":"8452","total_valid_vote":"7105","results":{"rte":"3320","mi":"2213","tk":"31","dp":"24","ma":"1479","sd":"38","updated_at":"2018-06-24 23:33:01"}},{"id":"672","name":"BOZYAZI","box_count":"68","open_box_count":"67","voter_count":"20305","total_valid_vote":"17466","results":{"rte":"8498","mi":"4251","tk":"98","dp":"26","ma":"4526","sd":"67","updated_at":"2018-06-24 23:33:02"}},{"id":"785","name":"\u00c7AMLIYAYLA","box_count":"26","open_box_count":"22","voter_count":"6639","total_valid_vote":"5031","results":{"rte":"2799","mi":"1073","tk":"23","dp":"17","ma":"1099","sd":"20","updated_at":"2018-06-24 23:33:05"}},{"id":"991","name":"AKDEN\u0130Z","box_count":"504","open_box_count":"376","voter_count":"176007","total_valid_vote":"112296","results":{"rte":"35084","mi":"25768","tk":"637","dp":"177","ma":"16832","sd":"33798","updated_at":"2018-06-24 23:33:11"}},{"id":"992","name":"MEZ\u0130TL\u0130","box_count":"379","open_box_count":"348","voter_count":"134212","total_valid_vote":"106032","results":{"rte":"39030","mi":"43893","tk":"373","dp":"228","ma":"9459","sd":"13049","updated_at":"2018-06-24 23:33:11"}},{"id":"993","name":"TOROSLAR","box_count":"584","open_box_count":"414","voter_count":"203238","total_valid_vote":"123284","results":{"rte":"51977","mi":"36586","tk":"663","dp":"197","ma":"12655","sd":"21206","updated_at":"2018-06-24 23:33:11"}},{"id":"994","name":"YEN\u0130\u015eEH\u0130R","box_count":"494","open_box_count":"462","voter_count":"179219","total_valid_vote":"145180","results":{"rte":"52188","mi":"56620","tk":"582","dp":"289","ma":"12346","sd":"23155","updated_at":"2018-06-24 23:33:11"}}]]}