{"id":"40","name":"KIR\u015eEH\u0130R","box_count":"665","open_box_count":"647","voter_count":"165492","total_valid_vote":"134307","results":{"rte":"74621","mi":"38217","tk":"1100","dp":"251","ma":"16348","sd":"3770","updated_at":"2018-06-24 23:33:15"},"districts":[[{"id":"152","name":"\u00c7\u0130\u00c7EKDA\u011eI","box_count":"70","open_box_count":"65","voter_count":"11146","total_valid_vote":"8151","results":{"rte":"5682","mi":"1301","tk":"87","dp":"21","ma":"854","sd":"206","updated_at":"2018-06-24 23:32:29"}},{"id":"324","name":"KAMAN","box_count":"112","open_box_count":"112","voter_count":"27437","total_valid_vote":"21720","results":{"rte":"12359","mi":"6244","tk":"114","dp":"61","ma":"2747","sd":"195","updated_at":"2018-06-24 23:32:43"}},{"id":"366","name":"KIR\u015eEH\u0130R MERKEZ","box_count":"321","open_box_count":"308","voter_count":"99218","total_valid_vote":"80663","results":{"rte":"42320","mi":"24528","tk":"741","dp":"128","ma":"10247","sd":"2699","updated_at":"2018-06-24 23:32:46"}},{"id":"422","name":"MUCUR","box_count":"80","open_box_count":"80","voter_count":"14198","total_valid_vote":"12276","results":{"rte":"7490","mi":"3081","tk":"86","dp":"17","ma":"1454","sd":"148","updated_at":"2018-06-24 23:32:51"}},{"id":"647","name":"AKPINAR","box_count":"35","open_box_count":"35","voter_count":"5955","total_valid_vote":"5010","results":{"rte":"3070","mi":"1350","tk":"34","dp":"16","ma":"516","sd":"24","updated_at":"2018-06-24 23:33:01"}},{"id":"762","name":"AK\u00c7AKENT","box_count":"23","open_box_count":"23","voter_count":"3171","total_valid_vote":"2634","results":{"rte":"2063","mi":"276","tk":"18","dp":"4","ma":"261","sd":"12","updated_at":"2018-06-24 23:33:05"}},{"id":"783","name":"BOZTEPE","box_count":"24","open_box_count":"24","voter_count":"4367","total_valid_vote":"3853","results":{"rte":"1637","mi":"1437","tk":"20","dp":"4","ma":"269","sd":"486","updated_at":"2018-06-24 23:33:05"}}]]}