{"id":"7","name":"ANTALYA","box_count":"4998","open_box_count":"4032","voter_count":"1681336","total_valid_vote":"1154166","results":{"rte":"501893","mi":"421492","tk":"7043","dp":"2459","ma":"153028","sd":"68251","updated_at":"2018-06-24 23:33:13"},"districts":[[{"id":"21","name":"AKSEK\u0130","box_count":"60","open_box_count":"55","voter_count":"9242","total_valid_vote":"6810","results":{"rte":"3780","mi":"2241","tk":"73","dp":"18","ma":"675","sd":"23","updated_at":"2018-06-24 23:32:16"}},{"id":"26","name":"ALANYA","box_count":"612","open_box_count":"491","voter_count":"204844","total_valid_vote":"138998","results":{"rte":"67284","mi":"40142","tk":"680","dp":"280","ma":"25428","sd":"5184","updated_at":"2018-06-24 23:32:17"}},{"id":"201","name":"ELMALI","box_count":"110","open_box_count":"99","voter_count":"29636","total_valid_vote":"23789","results":{"rte":"11933","mi":"7089","tk":"254","dp":"48","ma":"4186","sd":"279","updated_at":"2018-06-24 23:32:34"}},{"id":"231","name":"F\u0130N\u0130KE","box_count":"115","open_box_count":"113","voter_count":"36261","total_valid_vote":"30313","results":{"rte":"13306","mi":"9446","tk":"128","dp":"64","ma":"3635","sd":"3734","updated_at":"2018-06-24 23:32:37"}},{"id":"234","name":"GAZ\u0130PA\u015eA","box_count":"129","open_box_count":"124","voter_count":"37887","total_valid_vote":"31596","results":{"rte":"13475","mi":"11003","tk":"241","dp":"143","ma":"4396","sd":"2338","updated_at":"2018-06-24 23:32:37"}},{"id":"267","name":"G\u00dcNDO\u011eMU\u015e","box_count":"32","open_box_count":"27","voter_count":"6143","total_valid_vote":"4067","results":{"rte":"2199","mi":"999","tk":"39","dp":"19","ma":"789","sd":"22","updated_at":"2018-06-24 23:32:41"}},{"id":"346","name":"KA\u015e","box_count":"148","open_box_count":"122","voter_count":"43147","total_valid_vote":"30451","results":{"rte":"12796","mi":"12074","tk":"157","dp":"70","ma":"4913","sd":"441","updated_at":"2018-06-24 23:32:44"}},{"id":"376","name":"KORKUTEL\u0130","box_count":"143","open_box_count":"133","voter_count":"40912","total_valid_vote":"34192","results":{"rte":"19046","mi":"8949","tk":"729","dp":"68","ma":"4991","sd":"409","updated_at":"2018-06-24 23:32:47"}},{"id":"385","name":"KUMLUCA","box_count":"156","open_box_count":"156","voter_count":"50549","total_valid_vote":"43802","results":{"rte":"19926","mi":"11993","tk":"227","dp":"59","ma":"6412","sd":"5185","updated_at":"2018-06-24 23:32:48"}},{"id":"405","name":"MANAVGAT","box_count":"484","open_box_count":"430","voter_count":"159121","total_valid_vote":"121759","results":{"rte":"54857","mi":"46294","tk":"614","dp":"226","ma":"16368","sd":"3400","updated_at":"2018-06-24 23:32:49"}},{"id":"509","name":"SER\u0130K","box_count":"270","open_box_count":"223","voter_count":"87704","total_valid_vote":"64279","results":{"rte":"26684","mi":"21058","tk":"234","dp":"126","ma":"15127","sd":"1050","updated_at":"2018-06-24 23:32:57"}},{"id":"704","name":"DEMRE","box_count":"58","open_box_count":"58","voter_count":"19546","total_valid_vote":"17387","results":{"rte":"8196","mi":"5050","tk":"357","dp":"32","ma":"3656","sd":"96","updated_at":"2018-06-24 23:33:03"}},{"id":"839","name":"\u0130BRADI","box_count":"12","open_box_count":"12","voter_count":"2290","total_valid_vote":"1950","results":{"rte":"907","mi":"841","tk":"14","dp":"7","ma":"175","sd":"6","updated_at":"2018-06-24 23:33:07"}},{"id":"852","name":"KEMER","box_count":"83","open_box_count":"71","voter_count":"28545","total_valid_vote":"19704","results":{"rte":"8025","mi":"8321","tk":"70","dp":"39","ma":"2356","sd":"893","updated_at":"2018-06-24 23:33:08"}},{"id":"941","name":"KEPEZ","box_count":"1003","open_box_count":"661","voter_count":"362499","total_valid_vote":"203502","results":{"rte":"96192","mi":"64327","tk":"1299","dp":"329","ma":"21178","sd":"20177","updated_at":"2018-06-24 23:33:10"}},{"id":"942","name":"KONYAALTI","box_count":"328","open_box_count":"279","voter_count":"116814","total_valid_vote":"85524","results":{"rte":"31969","mi":"38229","tk":"441","dp":"224","ma":"6545","sd":"8116","updated_at":"2018-06-24 23:33:10"}},{"id":"943","name":"MURATPA\u015eA","box_count":"980","open_box_count":"713","voter_count":"355248","total_valid_vote":"220915","results":{"rte":"75486","mi":"111015","tk":"1077","dp":"574","ma":"20635","sd":"12128","updated_at":"2018-06-24 23:33:10"}},{"id":"984","name":"AKSU","box_count":"148","open_box_count":"141","voter_count":"48961","total_valid_vote":"39267","results":{"rte":"18179","mi":"10278","tk":"165","dp":"64","ma":"7186","sd":"3395","updated_at":"2018-06-24 23:33:11"}},{"id":"985","name":"D\u00d6\u015eEMEALTI","box_count":"127","open_box_count":"124","voter_count":"41987","total_valid_vote":"35861","results":{"rte":"17653","mi":"12143","tk":"244","dp":"69","ma":"4377","sd":"1375","updated_at":"2018-06-24 23:33:11"}}]]}