{"id":"53","name":"R\u0130ZE","box_count":"974","open_box_count":"927","voter_count":"252342","total_valid_vote":"205669","results":{"rte":"157239","mi":"35107","tk":"2485","dp":"358","ma":"9845","sd":"635","updated_at":"2018-06-24 23:33:14"},"districts":[[{"id":"45","name":"ARDE\u015eEN","box_count":"116","open_box_count":"112","voter_count":"30661","total_valid_vote":"25787","results":{"rte":"17962","mi":"5640","tk":"408","dp":"27","ma":"1685","sd":"65","updated_at":"2018-06-24 23:32:19"}},{"id":"126","name":"\u00c7AMLIHEM\u015e\u0130N","box_count":"38","open_box_count":"36","voter_count":"5320","total_valid_vote":"3823","results":{"rte":"2819","mi":"844","tk":"17","dp":"7","ma":"130","sd":"6","updated_at":"2018-06-24 23:32:27"}},{"id":"139","name":"\u00c7AYEL\u0130","box_count":"137","open_box_count":"132","voter_count":"33038","total_valid_vote":"27193","results":{"rte":"22663","mi":"2748","tk":"247","dp":"45","ma":"1426","sd":"64","updated_at":"2018-06-24 23:32:28"}},{"id":"230","name":"FINDIKLI","box_count":"51","open_box_count":"51","voter_count":"12697","total_valid_vote":"10793","results":{"rte":"5357","mi":"4305","tk":"47","dp":"20","ma":"946","sd":"118","updated_at":"2018-06-24 23:32:37"}},{"id":"302","name":"\u0130K\u0130ZDERE","box_count":"38","open_box_count":"38","voter_count":"5061","total_valid_vote":"4209","results":{"rte":"3703","mi":"343","tk":"37","dp":"11","ma":"108","sd":"7","updated_at":"2018-06-24 23:32:42"}},{"id":"323","name":"KALKANDERE","box_count":"42","open_box_count":"43","voter_count":"9033","total_valid_vote":"8220","results":{"rte":"6726","mi":"829","tk":"94","dp":"7","ma":"496","sd":"68","updated_at":"2018-06-24 23:32:42"}},{"id":"462","name":"PAZAR","box_count":"106","open_box_count":"106","voter_count":"24653","total_valid_vote":"20740","results":{"rte":"13723","mi":"5740","tk":"146","dp":"35","ma":"1010","sd":"86","updated_at":"2018-06-24 23:32:55"}},{"id":"479","name":"R\u0130ZE MERKEZ","box_count":"343","open_box_count":"310","voter_count":"106683","total_valid_vote":"83375","results":{"rte":"65685","mi":"12570","tk":"1275","dp":"171","ma":"3473","sd":"201","updated_at":"2018-06-24 23:32:56"}},{"id":"689","name":"G\u00dcNEYSU","box_count":"39","open_box_count":"35","voter_count":"10627","total_valid_vote":"8801","results":{"rte":"7991","mi":"502","tk":"66","dp":"16","ma":"217","sd":"9","updated_at":"2018-06-24 23:33:02"}},{"id":"801","name":"DEREPAZARI","box_count":"24","open_box_count":"24","voter_count":"5698","total_valid_vote":"5047","results":{"rte":"4281","mi":"564","tk":"72","dp":"8","ma":"119","sd":"3","updated_at":"2018-06-24 23:33:06"}},{"id":"836","name":"HEM\u015e\u0130N","box_count":"13","open_box_count":"13","voter_count":"2173","total_valid_vote":"1808","results":{"rte":"1192","mi":"520","tk":"10","dp":"5","ma":"78","sd":"3","updated_at":"2018-06-24 23:33:07"}},{"id":"842","name":"\u0130Y\u0130DERE","box_count":"27","open_box_count":"27","voter_count":"6698","total_valid_vote":"5873","results":{"rte":"5137","mi":"502","tk":"66","dp":"6","ma":"157","sd":"5","updated_at":"2018-06-24 23:33:07"}}]]}