{"id":"38","name":"KAYSER\u0130","box_count":"2985","open_box_count":"2476","voter_count":"952629","total_valid_vote":"687328","results":{"rte":"482057","mi":"128582","tk":"7847","dp":"996","ma":"61982","sd":"5864","updated_at":"2018-06-24 23:33:15"},"districts":[[{"id":"116","name":"B\u00dcNYAN","box_count":"77","open_box_count":"79","voter_count":"19362","total_valid_vote":"17164","results":{"rte":"11726","mi":"3016","tk":"202","dp":"35","ma":"2098","sd":"87","updated_at":"2018-06-24 23:32:26"}},{"id":"173","name":"DEVEL\u0130","box_count":"160","open_box_count":"132","voter_count":"46331","total_valid_vote":"33200","results":{"rte":"25600","mi":"4219","tk":"408","dp":"41","ma":"2867","sd":"65","updated_at":"2018-06-24 23:32:31"}},{"id":"228","name":"FELAH\u0130YE","box_count":"20","open_box_count":"19","voter_count":"4619","total_valid_vote":"3394","results":{"rte":"2102","mi":"813","tk":"33","dp":"8","ma":"433","sd":"5","updated_at":"2018-06-24 23:32:37"}},{"id":"306","name":"\u0130NCESU","box_count":"64","open_box_count":"62","voter_count":"18028","total_valid_vote":"15406","results":{"rte":"11021","mi":"2294","tk":"207","dp":"23","ma":"1330","sd":"531","updated_at":"2018-06-24 23:32:42"}},{"id":"469","name":"PINARBA\u015eI","box_count":"141","open_box_count":"138","voter_count":"17042","total_valid_vote":"13618","results":{"rte":"8066","mi":"3386","tk":"105","dp":"22","ma":"1933","sd":"106","updated_at":"2018-06-24 23:32:55"}},{"id":"496","name":"SARIO\u011eLAN","box_count":"47","open_box_count":"46","voter_count":"10853","total_valid_vote":"9025","results":{"rte":"5949","mi":"2131","tk":"74","dp":"16","ma":"823","sd":"32","updated_at":"2018-06-24 23:32:56"}},{"id":"498","name":"SARIZ","box_count":"49","open_box_count":"49","voter_count":"7845","total_valid_vote":"6375","results":{"rte":"3343","mi":"1949","tk":"38","dp":"9","ma":"908","sd":"128","updated_at":"2018-06-24 23:32:56"}},{"id":"573","name":"TOMARZA","box_count":"78","open_box_count":"68","voter_count":"16643","total_valid_vote":"12077","results":{"rte":"8881","mi":"2013","tk":"132","dp":"18","ma":"1006","sd":"27","updated_at":"2018-06-24 23:32:59"}},{"id":"608","name":"YAHYALI","box_count":"93","open_box_count":"58","voter_count":"26262","total_valid_vote":"14916","results":{"rte":"12337","mi":"1288","tk":"204","dp":"11","ma":"1028","sd":"48","updated_at":"2018-06-24 23:33:00"}},{"id":"620","name":"YE\u015e\u0130LH\u0130SAR","box_count":"49","open_box_count":"49","voter_count":"12217","total_valid_vote":"10836","results":{"rte":"6980","mi":"2447","tk":"99","dp":"22","ma":"1250","sd":"38","updated_at":"2018-06-24 23:33:00"}},{"id":"645","name":"AKKI\u015eLA","box_count":"22","open_box_count":"21","voter_count":"5063","total_valid_vote":"3869","results":{"rte":"2170","mi":"923","tk":"39","dp":"9","ma":"717","sd":"11","updated_at":"2018-06-24 23:33:01"}},{"id":"739","name":"TALAS","box_count":"298","open_box_count":"242","voter_count":"103995","total_valid_vote":"75060","results":{"rte":"46649","mi":"19151","tk":"909","dp":"125","ma":"7865","sd":"361","updated_at":"2018-06-24 23:33:04"}},{"id":"756","name":"KOCAS\u0130NAN","box_count":"782","open_box_count":"660","voter_count":"271577","total_valid_vote":"201887","results":{"rte":"141217","mi":"38454","tk":"2222","dp":"300","ma":"17445","sd":"2249","updated_at":"2018-06-24 23:33:04"}},{"id":"757","name":"MEL\u0130KGAZ\u0130","box_count":"1060","open_box_count":"814","voter_count":"380506","total_valid_vote":"260396","results":{"rte":"187750","mi":"45379","tk":"3099","dp":"339","ma":"21669","sd":"2160","updated_at":"2018-06-24 23:33:05"}},{"id":"829","name":"HACILAR","box_count":"30","open_box_count":"29","voter_count":"8904","total_valid_vote":"7986","results":{"rte":"6772","mi":"729","tk":"57","dp":"11","ma":"407","sd":"10","updated_at":"2018-06-24 23:33:07"}},{"id":"871","name":"\u00d6ZVATAN","box_count":"15","open_box_count":"10","voter_count":"3382","total_valid_vote":"2119","results":{"rte":"1494","mi":"390","tk":"19","dp":"7","ma":"203","sd":"6","updated_at":"2018-06-24 23:33:08"}}]]}