{"id":"77","name":"YALOVA","box_count":"514","open_box_count":"503","voter_count":"178178","total_valid_vote":"148500","results":{"rte":"75017","mi":"55686","tk":"1367","dp":"254","ma":"7135","sd":"9041","updated_at":"2018-06-24 23:33:15"},"districts":[[{"id":"609","name":"YALOVA MERKEZ","box_count":"269","open_box_count":"264","voter_count":"97657","total_valid_vote":"81337","results":{"rte":"39870","mi":"31594","tk":"759","dp":"125","ma":"3730","sd":"5259","updated_at":"2018-06-24 23:33:00"}},{"id":"911","name":"ALTINOVA","box_count":"61","open_box_count":"61","voter_count":"18767","total_valid_vote":"16410","results":{"rte":"9140","mi":"5575","tk":"151","dp":"25","ma":"807","sd":"712","updated_at":"2018-06-24 23:33:10"}},{"id":"912","name":"ARMUTLU","box_count":"23","open_box_count":"22","voter_count":"6829","total_valid_vote":"5579","results":{"rte":"3153","mi":"1751","tk":"70","dp":"9","ma":"366","sd":"230","updated_at":"2018-06-24 23:33:10"}},{"id":"913","name":"\u00c7INARCIK","box_count":"69","open_box_count":"67","voter_count":"23879","total_valid_vote":"19376","results":{"rte":"9435","mi":"6627","tk":"119","dp":"51","ma":"964","sd":"2180","updated_at":"2018-06-24 23:33:10"}},{"id":"914","name":"\u00c7\u0130FTL\u0130KK\u00d6Y","box_count":"80","open_box_count":"77","voter_count":"26885","total_valid_vote":"22177","results":{"rte":"11110","mi":"9115","tk":"216","dp":"31","ma":"1077","sd":"628","updated_at":"2018-06-24 23:33:10"}},{"id":"918","name":"TERMAL","box_count":"12","open_box_count":"12","voter_count":"4161","total_valid_vote":"3621","results":{"rte":"2309","mi":"1024","tk":"52","dp":"13","ma":"191","sd":"32","updated_at":"2018-06-24 23:33:10"}}]]}