{"id":"13","name":"B\u0130TL\u0130S","box_count":"778","open_box_count":"419","voter_count":"198510","total_valid_vote":"84639","results":{"rte":"41592","mi":"5391","tk":"798","dp":"122","ma":"4204","sd":"32532","updated_at":"2018-06-24 23:33:13"},"districts":[[{"id":"6","name":"AD\u0130LCEVAZ","box_count":"72","open_box_count":"48","voter_count":"17673","total_valid_vote":"9399","results":{"rte":"4527","mi":"663","tk":"75","dp":"16","ma":"326","sd":"3792","updated_at":"2018-06-24 23:32:15"}},{"id":"12","name":"AHLAT","box_count":"85","open_box_count":"36","voter_count":"23160","total_valid_vote":"8096","results":{"rte":"4234","mi":"637","tk":"43","dp":"13","ma":"428","sd":"2741","updated_at":"2018-06-24 23:32:15"}},{"id":"95","name":"B\u0130TL\u0130S MERKEZ","box_count":"165","open_box_count":"71","voter_count":"40561","total_valid_vote":"13834","results":{"rte":"7943","mi":"1595","tk":"162","dp":"27","ma":"413","sd":"3694","updated_at":"2018-06-24 23:32:23"}},{"id":"291","name":"H\u0130ZAN","box_count":"95","open_box_count":"47","voter_count":"19355","total_valid_vote":"7328","results":{"rte":"4093","mi":"309","tk":"62","dp":"19","ma":"64","sd":"2781","updated_at":"2018-06-24 23:32:41"}},{"id":"430","name":"MUTK\u0130","box_count":"88","open_box_count":"49","voter_count":"17700","total_valid_vote":"8067","results":{"rte":"6137","mi":"362","tk":"46","dp":"8","ma":"136","sd":"1378","updated_at":"2018-06-24 23:32:51"}},{"id":"562","name":"TATVAN","box_count":"178","open_box_count":"121","voter_count":"54180","total_valid_vote":"28482","results":{"rte":"11033","mi":"1429","tk":"266","dp":"24","ma":"2722","sd":"13008","updated_at":"2018-06-24 23:32:58"}},{"id":"691","name":"G\u00dcROYMAK","box_count":"95","open_box_count":"47","voter_count":"25881","total_valid_vote":"9433","results":{"rte":"3625","mi":"396","tk":"144","dp":"15","ma":"115","sd":"5138","updated_at":"2018-06-24 23:33:02"}}]]}