{"id":"73","name":"\u015eIRNAK","box_count":"852","open_box_count":"469","voter_count":"268308","total_valid_vote":"123003","results":{"rte":"17409","mi":"4354","tk":"492","dp":"93","ma":"42567","sd":"58088","updated_at":"2018-06-24 23:33:14"},"districts":[[{"id":"88","name":"BEYT\u00dc\u015e\u015eEBAP","box_count":"38","open_box_count":"18","voter_count":"10435","total_valid_vote":"4101","results":{"rte":"1079","mi":"323","tk":"14","dp":"5","ma":"152","sd":"2528","updated_at":"2018-06-24 23:32:23"}},{"id":"121","name":"C\u0130ZRE","box_count":"225","open_box_count":"181","voter_count":"74521","total_valid_vote":"51017","results":{"rte":"3949","mi":"954","tk":"190","dp":"26","ma":"24343","sd":"21555","updated_at":"2018-06-24 23:32:26"}},{"id":"300","name":"\u0130D\u0130L","box_count":"134","open_box_count":"93","voter_count":"37888","total_valid_vote":"20891","results":{"rte":"1865","mi":"460","tk":"70","dp":"13","ma":"9852","sd":"8631","updated_at":"2018-06-24 23:32:42"}},{"id":"516","name":"S\u0130LOP\u0130","box_count":"201","open_box_count":"50","voter_count":"68261","total_valid_vote":"14574","results":{"rte":"1580","mi":"395","tk":"28","dp":"10","ma":"4329","sd":"8232","updated_at":"2018-06-24 23:32:57"}},{"id":"554","name":"\u015eIRNAK MERKEZ","box_count":"149","open_box_count":"90","voter_count":"47683","total_valid_vote":"24397","results":{"rte":"7767","mi":"1921","tk":"172","dp":"31","ma":"1179","sd":"13327","updated_at":"2018-06-24 23:32:58"}},{"id":"591","name":"ULUDERE","box_count":"75","open_box_count":"27","voter_count":"23157","total_valid_vote":"5961","results":{"rte":"1040","mi":"260","tk":"15","dp":"6","ma":"1621","sd":"3019","updated_at":"2018-06-24 23:32:59"}},{"id":"824","name":"G\u00dc\u00c7L\u00dcKONAK","box_count":"30","open_box_count":"10","voter_count":"6363","total_valid_vote":"2062","results":{"rte":"129","mi":"41","tk":"3","dp":"2","ma":"1091","sd":"796","updated_at":"2018-06-24 23:33:07"}}]]}