{"id":"68","name":"AKSARAY","box_count":"890","open_box_count":"664","voter_count":"266870","total_valid_vote":"168325","results":{"rte":"126270","mi":"25432","tk":"1326","dp":"227","ma":"13986","sd":"1084","updated_at":"2018-06-24 23:33:13"},"districts":[[{"id":"20","name":"AKSARAY MERKEZ","box_count":"580","open_box_count":"426","voter_count":"187735","total_valid_vote":"119173","results":{"rte":"89799","mi":"17137","tk":"898","dp":"146","ma":"10249","sd":"944","updated_at":"2018-06-24 23:32:16"}},{"id":"450","name":"ORTAK\u00d6Y","box_count":"87","open_box_count":"60","voter_count":"22942","total_valid_vote":"12488","results":{"rte":"9697","mi":"1511","tk":"95","dp":"19","ma":"1116","sd":"50","updated_at":"2018-06-24 23:32:54"}},{"id":"753","name":"A\u011eA\u00c7\u00d6REN","box_count":"40","open_box_count":"32","voter_count":"6284","total_valid_vote":"3692","results":{"rte":"2977","mi":"356","tk":"32","dp":"6","ma":"315","sd":"6","updated_at":"2018-06-24 23:33:04"}},{"id":"754","name":"G\u00dcZELYURT","box_count":"31","open_box_count":"17","voter_count":"8240","total_valid_vote":"3644","results":{"rte":"2671","mi":"817","tk":"19","dp":"7","ma":"114","sd":"16","updated_at":"2018-06-24 23:33:04"}},{"id":"759","name":"SARIYAH\u015e\u0130","box_count":"16","open_box_count":"16","voter_count":"3743","total_valid_vote":"2590","results":{"rte":"1854","mi":"433","tk":"62","dp":"11","ma":"224","sd":"6","updated_at":"2018-06-24 23:33:05"}},{"id":"814","name":"ESK\u0130L","box_count":"67","open_box_count":"53","voter_count":"17510","total_valid_vote":"11839","results":{"rte":"9100","mi":"1628","tk":"123","dp":"14","ma":"953","sd":"21","updated_at":"2018-06-24 23:33:06"}},{"id":"825","name":"G\u00dcLA\u011eA\u00c7","box_count":"47","open_box_count":"40","voter_count":"13566","total_valid_vote":"9205","results":{"rte":"6128","mi":"2480","tk":"55","dp":"17","ma":"497","sd":"28","updated_at":"2018-06-24 23:33:07"}},{"id":"12008","name":"SULTANHANI","box_count":"22","open_box_count":"20","voter_count":"6850","total_valid_vote":"5694","results":{"rte":"4044","mi":"1070","tk":"42","dp":"7","ma":"518","sd":"13","updated_at":"2018-06-24 23:33:13"}}]]}