{"id":"55","name":"SAMSUN","box_count":"3240","open_box_count":"2611","voter_count":"959127","total_valid_vote":"658506","results":{"rte":"431397","mi":"157864","tk":"6581","dp":"1305","ma":"59364","sd":"1995","updated_at":"2018-06-24 23:33:13"},"districts":[[{"id":"25","name":"ALA\u00c7AM","box_count":"93","open_box_count":"79","voter_count":"20159","total_valid_vote":"14929","results":{"rte":"8650","mi":"4085","tk":"105","dp":"63","ma":"1959","sd":"67","updated_at":"2018-06-24 23:32:16"}},{"id":"63","name":"BAFRA","box_count":"367","open_box_count":"318","voter_count":"108815","total_valid_vote":"81408","results":{"rte":"53552","mi":"17127","tk":"660","dp":"141","ma":"9673","sd":"255","updated_at":"2018-06-24 23:32:20"}},{"id":"132","name":"\u00c7AR\u015eAMBA","box_count":"338","open_box_count":"149","voter_count":"101695","total_valid_vote":"36289","results":{"rte":"27526","mi":"5657","tk":"358","dp":"77","ma":"2616","sd":"55","updated_at":"2018-06-24 23:32:27"}},{"id":"283","name":"HAVZA","box_count":"139","open_box_count":"135","voter_count":"30219","total_valid_vote":"25176","results":{"rte":"17719","mi":"5511","tk":"243","dp":"55","ma":"1573","sd":"75","updated_at":"2018-06-24 23:32:41"}},{"id":"347","name":"KAVAK","box_count":"105","open_box_count":"88","voter_count":"16090","total_valid_vote":"10815","results":{"rte":"7839","mi":"1595","tk":"118","dp":"34","ma":"1199","sd":"30","updated_at":"2018-06-24 23:32:44"}},{"id":"394","name":"LAD\u0130K","box_count":"79","open_box_count":"77","voter_count":"13433","total_valid_vote":"11258","results":{"rte":"7810","mi":"2286","tk":"123","dp":"29","ma":"982","sd":"28","updated_at":"2018-06-24 23:32:48"}},{"id":"569","name":"TERME","box_count":"190","open_box_count":"169","voter_count":"55684","total_valid_vote":"42494","results":{"rte":"31870","mi":"6628","tk":"649","dp":"94","ma":"3162","sd":"91","updated_at":"2018-06-24 23:32:58"}},{"id":"605","name":"VEZ\u0130RK\u00d6PR\u00dc","box_count":"261","open_box_count":"218","voter_count":"65400","total_valid_vote":"47842","results":{"rte":"37240","mi":"6185","tk":"388","dp":"117","ma":"3782","sd":"130","updated_at":"2018-06-24 23:33:00"}},{"id":"656","name":"ASARCIK","box_count":"52","open_box_count":"48","voter_count":"11831","total_valid_vote":"9541","results":{"rte":"8187","mi":"706","tk":"82","dp":"16","ma":"533","sd":"17","updated_at":"2018-06-24 23:33:01"}},{"id":"731","name":"SALIPAZARI","box_count":"59","open_box_count":"53","voter_count":"14442","total_valid_vote":"11050","results":{"rte":"8534","mi":"1748","tk":"75","dp":"36","ma":"638","sd":"19","updated_at":"2018-06-24 23:33:04"}},{"id":"742","name":"TEKKEK\u00d6Y","box_count":"131","open_box_count":"125","voter_count":"38119","total_valid_vote":"32528","results":{"rte":"21897","mi":"7975","tk":"330","dp":"36","ma":"2234","sd":"56","updated_at":"2018-06-24 23:33:04"}},{"id":"772","name":"AYVACIK","box_count":"59","open_box_count":"49","voter_count":"14476","total_valid_vote":"10176","results":{"rte":"8812","mi":"751","tk":"44","dp":"17","ma":"538","sd":"14","updated_at":"2018-06-24 23:33:05"}},{"id":"886","name":"YAKAKENT","box_count":"26","open_box_count":"24","voter_count":"6679","total_valid_vote":"5455","results":{"rte":"3299","mi":"1387","tk":"57","dp":"16","ma":"660","sd":"36","updated_at":"2018-06-24 23:33:09"}},{"id":"1001","name":"ATAKUM","box_count":"382","open_box_count":"364","voter_count":"132649","total_valid_vote":"109958","results":{"rte":"53300","mi":"42773","tk":"1208","dp":"198","ma":"11892","sd":"587","updated_at":"2018-06-24 23:33:11"}},{"id":"1002","name":"CAN\u0130K","box_count":"215","open_box_count":"192","voter_count":"69450","total_valid_vote":"53274","results":{"rte":"40370","mi":"8566","tk":"478","dp":"93","ma":"3672","sd":"95","updated_at":"2018-06-24 23:33:11"}},{"id":"1003","name":"\u0130LKADIM","box_count":"673","open_box_count":"458","voter_count":"240646","total_valid_vote":"140963","results":{"rte":"83005","mi":"42688","tk":"1518","dp":"252","ma":"13093","sd":"407","updated_at":"2018-06-24 23:33:11"}},{"id":"1028","name":"19-May","box_count":"71","open_box_count":"65","voter_count":"19340","total_valid_vote":"15350","results":{"rte":"11787","mi":"2196","tk":"145","dp":"31","ma":"1158","sd":"33","updated_at":"2018-06-24 23:33:12"}}]]}