{"id":"2","name":"ADIYAMAN","box_count":"1459","open_box_count":"14","voter_count":"399281","total_valid_vote":"2424","results":{"rte":"1101","mi":"855","tk":"15","dp":"11","ma":"131","sd":"311","updated_at":"2018-06-24 18:17:16"},"districts":[[{"id":"5","name":"ADIYAMAN MERKEZ","box_count":"625","open_box_count":"0","voter_count":"193718","total_valid_vote":"0","results":{"rte":"0","mi":"0","tk":"0","dp":"0","ma":"0","sd":"0","updated_at":"2018-06-24 17:50:53"}},{"id":"81","name":"BESN\u0130","box_count":"197","open_box_count":"8","voter_count":"50927","total_valid_vote":"1357","results":{"rte":"709","mi":"450","tk":"9","dp":"7","ma":"49","sd":"133","updated_at":"2018-06-24 18:17:03"}},{"id":"144","name":"\u00c7EL\u0130KHAN","box_count":"53","open_box_count":"0","voter_count":"10671","total_valid_vote":"0","results":{"rte":"0","mi":"0","tk":"0","dp":"0","ma":"0","sd":"0","updated_at":"2018-06-24 17:50:53"}},{"id":"244","name":"GERGER","box_count":"64","open_box_count":"1","voter_count":"11605","total_valid_vote":"196","results":{"rte":"11","mi":"12","tk":"0","dp":"2","ma":"20","sd":"151","updated_at":"2018-06-24 18:17:06"}},{"id":"251","name":"G\u00d6LBA\u015eI","box_count":"118","open_box_count":"5","voter_count":"34202","total_valid_vote":"871","results":{"rte":"381","mi":"393","tk":"6","dp":"2","ma":"62","sd":"27","updated_at":"2018-06-24 18:17:06"}},{"id":"320","name":"KAHTA","box_count":"293","open_box_count":"0","voter_count":"74961","total_valid_vote":"0","results":{"rte":"0","mi":"0","tk":"0","dp":"0","ma":"0","sd":"0","updated_at":"2018-06-24 17:50:53"}},{"id":"485","name":"SAMSAT","box_count":"26","open_box_count":"0","voter_count":"4806","total_valid_vote":"0","results":{"rte":"0","mi":"0","tk":"0","dp":"0","ma":"0","sd":"0","updated_at":"2018-06-24 17:50:53"}},{"id":"878","name":"S\u0130NC\u0130K","box_count":"55","open_box_count":"0","voter_count":"11512","total_valid_vote":"0","results":{"rte":"0","mi":"0","tk":"0","dp":"0","ma":"0","sd":"0","updated_at":"2018-06-24 17:50:53"}},{"id":"882","name":"TUT","box_count":"28","open_box_count":"0","voter_count":"6879","total_valid_vote":"0","results":{"rte":"0","mi":"0","tk":"0","dp":"0","ma":"0","sd":"0","updated_at":"2018-06-24 17:50:53"}}]]}