{"id":"57","name":"S\u0130NOP","box_count":"763","open_box_count":"662","voter_count":"159840","total_valid_vote":"117381","results":{"rte":"70443","mi":"34806","tk":"967","dp":"439","ma":"10189","sd":"537","updated_at":"2018-06-24 23:33:14"},"districts":[[{"id":"55","name":"AYANCIK","box_count":"101","open_box_count":"89","voter_count":"18756","total_valid_vote":"13527","results":{"rte":"7956","mi":"4510","tk":"112","dp":"52","ma":"842","sd":"55","updated_at":"2018-06-24 23:32:20"}},{"id":"103","name":"BOYABAT","box_count":"165","open_box_count":"130","voter_count":"32646","total_valid_vote":"21800","results":{"rte":"15453","mi":"4040","tk":"194","dp":"79","ma":"1946","sd":"88","updated_at":"2018-06-24 23:32:24"}},{"id":"188","name":"DURA\u011eAN","box_count":"92","open_box_count":"82","voter_count":"13191","total_valid_vote":"10032","results":{"rte":"8338","mi":"911","tk":"72","dp":"29","ma":"647","sd":"35","updated_at":"2018-06-24 23:32:33"}},{"id":"212","name":"ERFELEK","box_count":"55","open_box_count":"55","voter_count":"9581","total_valid_vote":"7856","results":{"rte":"4661","mi":"2447","tk":"75","dp":"27","ma":"606","sd":"40","updated_at":"2018-06-24 23:32:35"}},{"id":"246","name":"GERZE","box_count":"86","open_box_count":"77","voter_count":"19718","total_valid_vote":"14982","results":{"rte":"8566","mi":"4595","tk":"162","dp":"83","ma":"1480","sd":"96","updated_at":"2018-06-24 23:32:38"}},{"id":"520","name":"S\u0130NOP MERKEZ","box_count":"148","open_box_count":"131","voter_count":"45729","total_valid_vote":"35257","results":{"rte":"14373","mi":"16435","tk":"244","dp":"112","ma":"3926","sd":"167","updated_at":"2018-06-24 23:32:57"}},{"id":"586","name":"T\u00dcRKEL\u0130","box_count":"50","open_box_count":"47","voter_count":"11408","total_valid_vote":"8570","results":{"rte":"6867","mi":"1162","tk":"74","dp":"19","ma":"420","sd":"28","updated_at":"2018-06-24 23:32:59"}},{"id":"803","name":"D\u0130KMEN","box_count":"33","open_box_count":"22","voter_count":"4207","total_valid_vote":"2279","results":{"rte":"1734","mi":"385","tk":"9","dp":"28","ma":"106","sd":"17","updated_at":"2018-06-24 23:33:06"}},{"id":"874","name":"SARAYD\u00dcZ\u00dc","box_count":"33","open_box_count":"29","voter_count":"4604","total_valid_vote":"3078","results":{"rte":"2495","mi":"321","tk":"25","dp":"10","ma":"216","sd":"11","updated_at":"2018-06-24 23:33:08"}}]]}