{"id":"36","name":"KARS","box_count":"712","open_box_count":"414","voter_count":"181776","total_valid_vote":"86063","results":{"rte":"37275","mi":"23008","tk":"481","dp":"143","ma":"5539","sd":"19617","updated_at":"2018-06-24 23:33:14"},"districts":[[{"id":"48","name":"ARPA\u00c7AY","box_count":"58","open_box_count":"36","voter_count":"12163","total_valid_vote":"5588","results":{"rte":"3094","mi":"1675","tk":"17","dp":"16","ma":"589","sd":"197","updated_at":"2018-06-24 23:32:19"}},{"id":"177","name":"D\u0130GOR","box_count":"61","open_box_count":"35","voter_count":"13731","total_valid_vote":"5755","results":{"rte":"961","mi":"246","tk":"15","dp":"4","ma":"47","sd":"4482","updated_at":"2018-06-24 23:32:32"}},{"id":"319","name":"KA\u011eIZMAN","box_count":"113","open_box_count":"24","voter_count":"28383","total_valid_vote":"4722","results":{"rte":"2434","mi":"443","tk":"23","dp":"5","ma":"374","sd":"1443","updated_at":"2018-06-24 23:32:42"}},{"id":"342","name":"KARS MERKEZ","box_count":"239","open_box_count":"182","voter_count":"71904","total_valid_vote":"43534","results":{"rte":"16270","mi":"15558","tk":"226","dp":"75","ma":"3220","sd":"8185","updated_at":"2018-06-24 23:32:44"}},{"id":"494","name":"SARIKAMI\u015e","box_count":"100","open_box_count":"63","voter_count":"25957","total_valid_vote":"14027","results":{"rte":"8526","mi":"2176","tk":"139","dp":"21","ma":"757","sd":"2408","updated_at":"2018-06-24 23:32:56"}},{"id":"507","name":"SEL\u0130M","box_count":"71","open_box_count":"50","voter_count":"15194","total_valid_vote":"8403","results":{"rte":"4596","mi":"1640","tk":"50","dp":"17","ma":"349","sd":"1751","updated_at":"2018-06-24 23:32:56"}},{"id":"538","name":"SUSUZ","box_count":"33","open_box_count":"24","voter_count":"7061","total_valid_vote":"4034","results":{"rte":"1394","mi":"1270","tk":"11","dp":"5","ma":"203","sd":"1151","updated_at":"2018-06-24 23:32:57"}},{"id":"649","name":"AKYAKA","box_count":"37","open_box_count":"0","voter_count":"7383","total_valid_vote":"0","results":{"rte":"0","mi":"0","tk":"0","dp":"0","ma":"0","sd":"0","updated_at":"2018-06-24 17:50:53"}}]]}