{"id":"9","name":"AYDIN","box_count":"2557","open_box_count":"2287","voter_count":"815974","total_valid_vote":"630930","results":{"rte":"241099","mi":"272799","tk":"2836","dp":"2279","ma":"71187","sd":"40730","updated_at":"2018-06-24 23:33:15"},"districts":[[{"id":"105","name":"BOZDO\u011eAN","box_count":"100","open_box_count":"95","voter_count":"25836","total_valid_vote":"21030","results":{"rte":"9331","mi":"7501","tk":"173","dp":"117","ma":"3798","sd":"110","updated_at":"2018-06-24 23:32:24"}},{"id":"154","name":"\u00c7\u0130NE","box_count":"155","open_box_count":"147","voter_count":"40019","total_valid_vote":"33201","results":{"rte":"14397","mi":"13930","tk":"181","dp":"115","ma":"4314","sd":"264","updated_at":"2018-06-24 23:32:30"}},{"id":"245","name":"GERMENC\u0130K","box_count":"107","open_box_count":"100","voter_count":"31990","total_valid_vote":"26444","results":{"rte":"9121","mi":"9949","tk":"64","dp":"75","ma":"2964","sd":"4271","updated_at":"2018-06-24 23:32:38"}},{"id":"330","name":"KARACASU","box_count":"62","open_box_count":"59","voter_count":"14665","total_valid_vote":"11890","results":{"rte":"5123","mi":"4702","tk":"41","dp":"52","ma":"1916","sd":"56","updated_at":"2018-06-24 23:32:43"}},{"id":"373","name":"KO\u00c7ARLI","box_count":"77","open_box_count":"74","voter_count":"18070","total_valid_vote":"15550","results":{"rte":"8348","mi":"5539","tk":"56","dp":"34","ma":"1361","sd":"212","updated_at":"2018-06-24 23:32:46"}},{"id":"390","name":"KU\u015eADASI","box_count":"240","open_box_count":"204","voter_count":"85651","total_valid_vote":"62679","results":{"rte":"16883","mi":"38002","tk":"150","dp":"200","ma":"4467","sd":"2977","updated_at":"2018-06-24 23:32:48"}},{"id":"391","name":"KUYUCAK","box_count":"71","open_box_count":"69","voter_count":"21467","total_valid_vote":"18091","results":{"rte":"8180","mi":"7115","tk":"98","dp":"91","ma":"2525","sd":"82","updated_at":"2018-06-24 23:32:48"}},{"id":"435","name":"NAZ\u0130LL\u0130","box_count":"345","open_box_count":"314","voter_count":"114227","total_valid_vote":"90718","results":{"rte":"36688","mi":"35823","tk":"547","dp":"280","ma":"12912","sd":"4468","updated_at":"2018-06-24 23:32:52"}},{"id":"530","name":"S\u00d6KE","box_count":"274","open_box_count":"214","voter_count":"89117","total_valid_vote":"59994","results":{"rte":"19136","mi":"29178","tk":"210","dp":"193","ma":"5808","sd":"5469","updated_at":"2018-06-24 23:32:57"}},{"id":"533","name":"SULTANH\u0130SAR","box_count":"53","open_box_count":"50","voter_count":"15486","total_valid_vote":"13020","results":{"rte":"5255","mi":"5000","tk":"61","dp":"44","ma":"1926","sd":"734","updated_at":"2018-06-24 23:32:57"}},{"id":"617","name":"YEN\u0130PAZAR","box_count":"40","open_box_count":"38","voter_count":"10084","total_valid_vote":"8386","results":{"rte":"3900","mi":"3014","tk":"45","dp":"26","ma":"1332","sd":"69","updated_at":"2018-06-24 23:33:00"}},{"id":"674","name":"BUHARKENT","box_count":"32","open_box_count":"30","voter_count":"9523","total_valid_vote":"7748","results":{"rte":"3350","mi":"2776","tk":"48","dp":"26","ma":"1261","sd":"287","updated_at":"2018-06-24 23:33:02"}},{"id":"700","name":"\u0130NC\u0130RL\u0130OVA","box_count":"109","open_box_count":"107","voter_count":"36199","total_valid_vote":"29554","results":{"rte":"13329","mi":"11296","tk":"127","dp":"72","ma":"3101","sd":"1629","updated_at":"2018-06-24 23:33:03"}},{"id":"850","name":"KARPUZLU","box_count":"36","open_box_count":"36","voter_count":"9111","total_valid_vote":"7767","results":{"rte":"4533","mi":"2258","tk":"36","dp":"33","ma":"864","sd":"43","updated_at":"2018-06-24 23:33:08"}},{"id":"861","name":"K\u00d6\u015eK","box_count":"68","open_box_count":"56","voter_count":"20186","total_valid_vote":"14887","results":{"rte":"8865","mi":"3518","tk":"80","dp":"41","ma":"1690","sd":"693","updated_at":"2018-06-24 23:33:08"}},{"id":"892","name":"D\u0130D\u0130M","box_count":"184","open_box_count":"178","voter_count":"65215","total_valid_vote":"54180","results":{"rte":"15535","mi":"27079","tk":"132","dp":"483","ma":"4145","sd":"6806","updated_at":"2018-06-24 23:33:09"}},{"id":"1025","name":"EFELER","box_count":"604","open_box_count":"516","voter_count":"209128","total_valid_vote":"155791","results":{"rte":"59125","mi":"66119","tk":"787","dp":"397","ma":"16803","sd":"12560","updated_at":"2018-06-24 23:33:11"}}]]}