{"id":"51","name":"N\u0130\u011eDE","box_count":"777","open_box_count":"693","voter_count":"240101","total_valid_vote":"183471","results":{"rte":"110599","mi":"47672","tk":"1857","dp":"515","ma":"21649","sd":"1179","updated_at":"2018-06-24 23:33:15"},"districts":[[{"id":"100","name":"BOR","box_count":"145","open_box_count":"140","voter_count":"43505","total_valid_vote":"37291","results":{"rte":"23444","mi":"8584","tk":"317","dp":"89","ma":"4703","sd":"154","updated_at":"2018-06-24 23:32:24"}},{"id":"123","name":"\u00c7AMARDI","box_count":"39","open_box_count":"39","voter_count":"9408","total_valid_vote":"7592","results":{"rte":"5361","mi":"1089","tk":"52","dp":"29","ma":"1023","sd":"38","updated_at":"2018-06-24 23:32:26"}},{"id":"437","name":"N\u0130\u011eDE MERKEZ","box_count":"437","open_box_count":"360","voter_count":"145100","total_valid_vote":"104384","results":{"rte":"61082","mi":"28648","tk":"1312","dp":"232","ma":"12341","sd":"769","updated_at":"2018-06-24 23:32:52"}},{"id":"593","name":"ULUKI\u015eLA","box_count":"70","open_box_count":"68","voter_count":"16030","total_valid_vote":"13334","results":{"rte":"6615","mi":"4543","tk":"70","dp":"81","ma":"1876","sd":"149","updated_at":"2018-06-24 23:32:59"}},{"id":"769","name":"ALTUNH\u0130SAR","box_count":"29","open_box_count":"29","voter_count":"8797","total_valid_vote":"7123","results":{"rte":"5507","mi":"1105","tk":"39","dp":"33","ma":"422","sd":"17","updated_at":"2018-06-24 23:33:05"}},{"id":"797","name":"\u00c7\u0130FTL\u0130K","box_count":"57","open_box_count":"57","voter_count":"17261","total_valid_vote":"13747","results":{"rte":"8590","mi":"3703","tk":"67","dp":"51","ma":"1284","sd":"52","updated_at":"2018-06-24 23:33:06"}}]]}