{"id":"24","name":"ERZ\u0130NCAN","box_count":"942","open_box_count":"674","voter_count":"162168","total_valid_vote":"91333","results":{"rte":"54048","mi":"29856","tk":"857","dp":"129","ma":"4777","sd":"1666","updated_at":"2018-06-24 23:33:15"},"districts":[[{"id":"141","name":"\u00c7AYIRLI","box_count":"56","open_box_count":"55","voter_count":"6890","total_valid_vote":"6006","results":{"rte":"3526","mi":"2184","tk":"47","dp":"6","ma":"150","sd":"93","updated_at":"2018-06-24 23:32:28"}},{"id":"216","name":"ERZ\u0130NCAN MERKEZ","box_count":"362","open_box_count":"233","voter_count":"106890","total_valid_vote":"56886","results":{"rte":"32052","mi":"19574","tk":"606","dp":"69","ma":"3223","sd":"1362","updated_at":"2018-06-24 23:32:36"}},{"id":"303","name":"\u0130L\u0130\u00c7","box_count":"67","open_box_count":"64","voter_count":"6332","total_valid_vote":"5284","results":{"rte":"3742","mi":"1256","tk":"56","dp":"4","ma":"188","sd":"38","updated_at":"2018-06-24 23:32:42"}},{"id":"353","name":"KEMAH","box_count":"86","open_box_count":"47","voter_count":"5934","total_valid_vote":"2759","results":{"rte":"1547","mi":"1050","tk":"28","dp":"2","ma":"103","sd":"29","updated_at":"2018-06-24 23:32:45"}},{"id":"354","name":"KEMAL\u0130YE","box_count":"72","open_box_count":"69","voter_count":"4010","total_valid_vote":"3116","results":{"rte":"2182","mi":"642","tk":"35","dp":"34","ma":"209","sd":"14","updated_at":"2018-06-24 23:32:45"}},{"id":"476","name":"REFAH\u0130YE","box_count":"131","open_box_count":"100","voter_count":"8850","total_valid_vote":"6076","results":{"rte":"4319","mi":"1418","tk":"24","dp":"3","ma":"291","sd":"21","updated_at":"2018-06-24 23:32:55"}},{"id":"568","name":"TERCAN","box_count":"102","open_box_count":"59","voter_count":"12011","total_valid_vote":"4136","results":{"rte":"2190","mi":"1683","tk":"13","dp":"5","ma":"168","sd":"77","updated_at":"2018-06-24 23:32:58"}},{"id":"746","name":"\u00dcZ\u00dcML\u00dc","box_count":"52","open_box_count":"44","voter_count":"9360","total_valid_vote":"6854","results":{"rte":"4324","mi":"2012","tk":"46","dp":"6","ma":"435","sd":"31","updated_at":"2018-06-24 23:33:04"}},{"id":"870","name":"OTLUKBEL\u0130","box_count":"14","open_box_count":"3","voter_count":"1891","total_valid_vote":"216","results":{"rte":"166","mi":"37","tk":"2","dp":"0","ma":"10","sd":"1","updated_at":"2018-06-24 23:33:08"}}]]}